episode,usage,weight,w_avg,lr,budget,curve_w_star,rescaled,reward,success,variant,n_resets,controller_seed
0,6.0,1.1,1.05,0.05,8.0,0.8646816701021308,False,4.0,True,decay,0,101
1,6.0,1.1980392156862747,1.0993464052287583,0.049019607843137254,8.0,0.8646816701021308,False,4.0,True,decay,0,101
2,6.0,1.294193061840121,1.148058069381599,0.04807692307692308,8.0,0.8646816701021308,False,4.0,True,decay,0,101
3,8.0,1.294193061840121,1.1772850678733033,0.04716981132075472,8.0,0.8646816701021308,False,2.0,True,decay,0,101
4,8.0,1.294193061840121,1.1967697335344394,0.046296296296296294,8.0,0.8646816701021308,False,2.0,True,decay,0,101
5,6.0,1.3851021527492118,1.2236743648508355,0.045454545454545456,8.0,0.8646816701021308,False,-56.0,False,decay,0,101
6,6.0,1.474387867034926,1.2550135526238468,0.044642857142857144,8.0,0.8646816701021308,False,4.0,True,decay,0,101
7,6.0,1.56210716528054,1.2891350651412572,0.043859649122807015,8.0,0.8646816701021308,False,4.0,True,decay,0,101
8,10.0,1.4759002687288159,1.3078115855000132,0.04310344827586207,8.0,0.8646816701021308,False,0.0,True,decay,0,101
9,8.0,1.4759002687288159,1.3230923748844499,0.04237288135593221,8.0,0.8646816701021308,False,2.0,True,decay,0,101
10,12.0,1.3092336020621491,1.321937477149258,0.04166666666666667,8.0,0.8646816701021308,False,-2.0,True,decay,0,101
11,14.0,1.0633319627178868,1.3020447452699218,0.04098360655737705,8.0,0.8646816701021308,False,-4.0,True,decay,0,101
12,6.0,1.1439771240082093,1.290754200894085,0.040322580645161296,8.0,0.8646816701021308,False,4.0,True,decay,0,101
13,6.0,1.2233422033732886,1.286260067726032,0.03968253968253969,8.0,0.8646816701021308,False,4.0,True,decay,0,101
14,10.0,1.1452172033732886,1.2774448887039855,0.0390625,8.0,0.8646816701021308,False,0.0,True,decay,0,101
15,6.0,1.2221402802963655,1.2741916764447137,0.038461538461538464,8.0,0.8646816701021308,False,4.0,True,decay,0,101
16,8.0,1.2221402802963655,1.27129993221425,0.03787878787878788,8.0,0.8646816701021308,False,-58.0,False,decay,0,101
17,14.0,0.9982596832814401,1.2569293927967335,0.03731343283582089,8.0,0.8646816701021308,False,-4.0,True,decay,0,101
18,18.0,0.6306126244579107,1.2256135543797924,0.03676470588235295,8.0,0.8646816701021308,False,-8.0,True,decay,0,101
19,8.0,0.6306126244579107,1.1972801767644647,0.03623188405797102,8.0,0.8646816701021308,False,2.0,True,decay,0,101
20,6.0,0.7020411958864821,1.1747693139972837,0.03571428571428572,8.0,0.8646816701021308,False,4.0,True,decay,0,101
21,8.0,0.7020411958864821,1.1542159175576838,0.035211267605633804,8.0,0.8646816701021308,False,2.0,True,decay,0,101
22,8.0,0.7020411958864821,1.135375304154717,0.034722222222222224,8.0,0.8646816701021308,False,2.0,True,decay,0,101
23,8.0,0.7020411958864821,1.1180419398239878,0.03424657534246576,8.0,0.8646816701021308,False,2.0,True,decay,0,101
24,8.0,0.7020411958864821,1.1020419112110067,0.033783783783783786,8.0,0.8646816701021308,False,2.0,True,decay,0,101
25,10.0,0.6353745292198154,1.084757934100222,0.03333333333333333,8.0,0.8646816701021308,False,0.0,True,decay,0,101
26,8.0,0.6353745292198154,1.0687085267830647,0.03289473684210526,8.0,0.8646816701021308,False,2.0,True,decay,0,101
27,8.0,0.6353745292198154,1.0537659751429527,0.03246753246753247,8.0,0.8646816701021308,False,2.0,True,decay,0,101
28,8.0,0.6353745292198154,1.0398195936121815,0.032051282051282055,8.0,0.8646816701021308,False,2.0,True,decay,0,101
29,8.0,0.6353745292198154,1.0267729786317825,0.03164556962025317,8.0,0.8646816701021308,False,2.0,True,decay,0,101
30,6.0,0.6978745292198154,1.0164949020876586,0.03125,8.0,0.8646816701021308,False,4.0,True,decay,0,101
31,12.0,0.5744177390963586,1.0030986244212556,0.030864197530864196,8.0,0.8646816701021308,False,-2.0,True,decay,0,101
32,16.0,0.3305153000719684,0.9833167619403942,0.03048780487804878,8.0,0.8646816701021308,False,-6.0,True,decay,0,101
33,8.0,0.3305153000719684,0.9646652916012962,0.030120481927710843,8.0,0.8646816701021308,False,2.0,True,decay,0,101
34,6.0,0.3900391095957779,0.948703453212254,0.02976190476190476,8.0,0.8646816701021308,False,4.0,True,decay,0,101
35,6.0,0.44886263900754264,0.9351942420175321,0.029411764705882353,8.0,0.8646816701021308,False,4.0,True,decay,0,101
36,6.0,0.5070021738912636,0.9239260296984199,0.029069767441860468,8.0,0.8646816701021308,False,4.0,True,decay,0,101
37,22.0,0.10470332331655086,0.9029203192783718,0.02873563218390805,8.0,0.8646816701021308,False,-12.0,True,decay,0,101
38,4.0,0.2183396869529145,0.8858058034702354,0.02840909090909091,8.0,0.8646816701021308,False,6.0,True,decay,0,101
39,6.0,0.2745194622338134,0.8708963805132495,0.02808988764044944,8.0,0.8646816701021308,False,4.0,True,decay,0,101
40,8.0,0.2745194622338134,0.8566969300780248,0.02777777777777778,8.0,0.8646816701021308,False,2.0,True,decay,0,101
41,14.0,0.10968429739864857,0.8393245432715277,0.027472527472527472,8.0,0.8646816701021308,False,-4.0,True,decay,0,101
42,4.0,0.21837994957256163,0.8252121661420059,0.027173913043478264,8.0,0.8646816701021308,False,-54.0,False,decay,0,101
43,14.0,0.05708962699191644,0.808142776383115,0.02688172043010753,8.0,0.8646816701021308,False,-4.0,True,decay,0,101
44,6.0,0.11028111635361858,0.7929718707302998,0.026595744680851068,8.0,0.8646816701021308,False,4.0,True,decay,0,101
45,4.0,0.21554427424835543,0.7806861771881309,0.026315789473684213,8.0,0.8646816701021308,False,6.0,True,decay,0,101
46,6.0,0.26762760758168874,0.7699974569879967,0.026041666666666668,8.0,0.8646816701021308,False,4.0,True,decay,0,101
47,6.0,0.31917399933426605,0.7607969782603695,0.025773195876288662,8.0,0.8646816701021308,False,4.0,True,decay,0,101
48,6.0,0.37019440749753135,0.7529849268451128,0.025510204081632654,8.0,0.8646816701021308,False,4.0,True,decay,0,101
49,14.0,0.2186792559823798,0.7425083450634905,0.025252525252525256,8.0,0.8646816701021308,False,-4.0,True,decay,0,101
50,8.0,0.2186792559823798,0.7324347087350076,0.025,8.0,0.8646816701021308,False,2.0,True,decay,0,101
51,10.0,0.1691743054873303,0.7218071539567495,0.024752475247524754,8.0,0.8646816701021308,False,0.0,True,decay,0,101
52,4.0,0.2672135211736048,0.7133887533496542,0.024509803921568627,8.0,0.8646816701021308,False,6.0,True,decay,0,101
53,6.0,0.31575721049399313,0.7061590889340967,0.024271844660194174,8.0,0.8646816701021308,False,4.0,True,decay,0,101
54,12.0,0.219603364340147,0.6974705938520619,0.02403846153846154,8.0,0.8646816701021308,False,-2.0,True,decay,0,101
55,4.0,0.3148414595782422,0.6907578020226967,0.023809523809523808,8.0,0.8646816701021308,False,6.0,True,decay,0,101
56,10.0,0.2676716482574875,0.6834632131646758,0.02358490566037736,8.0,0.8646816701021308,False,-60.0,False,decay,0,101
57,4.0,0.36112959218272117,0.6779999314531172,0.02336448598130841,8.0,0.8646816701021308,False,6.0,True,decay,0,101
58,8.0,0.36112959218272117,0.672718759131944,0.023148148148148147,8.0,0.8646816701021308,False,-58.0,False,decay,0,101
59,16.0,0.17764335365061104,0.6646027688781516,0.022935779816513766,8.0,0.8646816701021308,False,-6.0,True,decay,0,101
60,4.0,0.26855244455970195,0.6582148604214024,0.022727272727272728,8.0,0.8646816701021308,False,6.0,True,decay,0,101
61,6.0,0.313597489604747,0.6527447434243127,0.022522522522522525,8.0,0.8646816701021308,False,4.0,True,decay,0,101
62,6.0,0.35824034674760413,0.6481431122262391,0.022321428571428572,8.0,0.8646816701021308,False,4.0,True,decay,0,101
63,14.0,0.2254969839157457,0.6416408640983854,0.022123893805309738,8.0,0.8646816701021308,False,-4.0,True,decay,0,101
64,6.0,0.26935663303855273,0.6360001939308122,0.021929824561403508,8.0,0.8646816701021308,False,4.0,True,decay,0,101
65,6.0,0.312834893908118,0.6311768312439063,0.02173913043478261,8.0,0.8646816701021308,False,4.0,True,decay,0,101
66,10.0,0.26973144563225593,0.6258614579260878,0.021551724137931032,8.0,0.8646816701021308,False,0.0,True,decay,0,101
67,6.0,0.3124664883672987,0.6213195018455258,0.02136752136752137,8.0,0.8646816701021308,False,4.0,True,decay,0,101
68,8.0,0.3124664883672987,0.6169073159386939,0.0211864406779661,8.0,0.8646816701021308,False,2.0,True,decay,0,101
69,8.0,0.3124664883672987,0.6126194169588152,0.02100840336134454,8.0,0.8646816701021308,False,2.0,True,decay,0,101
70,12.0,0.22913315503396536,0.6072932188765255,0.020833333333333332,8.0,0.8646816701021308,False,-2.0,True,decay,0,101
71,6.0,0.2704554690835521,0.6026790031259368,0.02066115702479339,8.0,0.8646816701021308,False,4.0,True,decay,0,101
72,8.0,0.2704554690835521,0.5981894959091478,0.020491803278688527,8.0,0.8646816701021308,False,2.0,True,decay,0,101
73,6.0,0.31110587558761715,0.5943617143048607,0.020325203252032523,8.0,0.8646816701021308,False,4.0,True,decay,0,101
74,6.0,0.35142845623277846,0.5911652240670702,0.020161290322580648,8.0,0.8646816701021308,False,4.0,True,decay,0,101
75,6.0,0.39142845623277844,0.5885712400692222,0.02,8.0,0.8646816701021308,False,4.0,True,decay,0,101
76,8.0,0.39142845623277844,0.5860437684815756,0.019841269841269844,8.0,0.8646816701021308,False,2.0,True,decay,0,101
77,12.0,0.3126882987524635,0.5825835726622197,0.01968503937007874,8.0,0.8646816701021308,False,-2.0,True,decay,0,101
78,6.0,0.3517507987524635,0.5796981629883478,0.01953125,8.0,0.8646816701021308,False,4.0,True,decay,0,101
79,8.0,0.3517507987524635,0.5768839979977812,0.01937984496124031,8.0,0.8646816701021308,False,2.0,True,decay,0,101
80,16.0,0.19790464490630966,0.5722622985698365,0.019230769230769232,8.0,0.8646816701021308,False,-6.0,True,decay,0,101
81,12.0,0.12156876704371423,0.5668322560213289,0.019083969465648856,8.0,0.8646816701021308,False,-2.0,True,decay,0,101
82,6.0,0.15944755492250212,0.5619824381511048,0.01893939393939394,8.0,0.8646816701021308,False,-56.0,False,decay,0,101
83,8.0,0.15944755492250212,0.557246733642533,0.018796992481203006,8.0,0.8646816701021308,False,2.0,True,decay,0,101
84,6.0,0.196760987758323,0.5530550389229492,0.01865671641791045,8.0,0.8646816701021308,False,4.0,True,decay,0,101
85,4.0,0.2708350618323971,0.5498111311402992,0.018518518518518517,8.0,0.8646816701021308,False,6.0,True,decay,0,101
86,6.0,0.30759976771475006,0.5470587292831907,0.018382352941176475,8.0,0.8646816701021308,False,4.0,True,decay,0,101
87,8.0,0.30759976771475006,0.5443681791532081,0.01824817518248175,8.0,0.8646816701021308,False,2.0,True,decay,0,101
88,8.0,0.30759976771475006,0.5417374190261142,0.01811594202898551,8.0,0.8646816701021308,False,2.0,True,decay,0,101
89,8.0,0.30759976771475006,0.5391644778029123,0.017985611510791366,8.0,0.8646816701021308,False,2.0,True,decay,0,101
90,6.0,0.34331405342903576,0.5370356688423267,0.01785714285714286,8.0,0.8646816701021308,False,4.0,True,decay,0,101
91,6.0,0.3787750463368372,0.5353339417186117,0.017730496453900707,8.0,0.8646816701021308,False,4.0,True,decay,0,101
92,10.0,0.34356377873120336,0.5332938336017244,0.017605633802816902,8.0,0.8646816701021308,False,0.0,True,decay,0,101
93,12.0,0.27363370880113347,0.5305605691301393,0.01748251748251748,8.0,0.8646816701021308,False,-2.0,True,decay,0,101
94,12.0,0.20418926435668902,0.5271608680387492,0.017361111111111112,8.0,0.8646816701021308,False,-2.0,True,decay,0,101
95,8.0,0.20418926435668902,0.5238312638770785,0.017241379310344827,8.0,0.8646816701021308,False,2.0,True,decay,0,101
96,12.0,0.1356961136717575,0.5198707011198813,0.01712328767123288,8.0,0.8646816701021308,False,-62.0,False,decay,0,101
97,4.0,0.20372332455611125,0.5166772932758028,0.017006802721088437,8.0,0.8646816701021308,False,6.0,True,decay,0,101
98,6.0,0.23750710833989502,0.5138855914264437,0.016891891891891893,8.0,0.8646816701021308,False,4.0,True,decay,0,101
99,4.0,0.3046212022996266,0.5118136667816238,0.016778523489932886,8.0,0.8646816701021308,False,6.0,True,decay,0,101
100,10.0,0.27128786896629326,0.5094555707246107,0.016666666666666666,8.0,0.8646816701021308,False,0.0,True,decay,0,101
101,8.0,0.27128786896629326,0.5071432629405493,0.016556291390728478,8.0,0.8646816701021308,False,2.0,True,decay,0,101
102,8.0,0.27128786896629326,0.5048754226138737,0.01644736842105263,8.0,0.8646816701021308,False,2.0,True,decay,0,101
103,6.0,0.30396760752838475,0.5029620148511549,0.016339869281045753,8.0,0.8646816701021308,False,4.0,True,decay,0,101
104,10.0,0.2715000750608523,0.5007784116455859,0.016233766233766236,8.0,0.8646816701021308,False,0.0,True,decay,0,101
105,10.0,0.23924201054472324,0.4983341462147367,0.016129032258064516,8.0,0.8646816701021308,False,0.0,True,decay,0,101
106,6.0,0.2712932925960053,0.49623191608863737,0.016025641025641028,8.0,0.8646816701021308,False,4.0,True,decay,0,101
107,6.0,0.3031404263539671,0.49446043453143856,0.01592356687898089,8.0,0.8646816701021308,False,4.0,True,decay,0,101
108,6.0,0.33478599597422026,0.49300884872637296,0.015822784810126583,8.0,0.8646816701021308,False,4.0,True,decay,0,101
109,8.0,0.33478599597422026,0.49158341762049773,0.015723270440251572,8.0,0.8646816701021308,False,2.0,True,decay,0,101
110,8.0,0.33478599597422026,0.49018344064151315,0.015625,8.0,0.8646816701021308,False,2.0,True,decay,0,101
111,6.0,0.3658418965953383,0.48908307299508685,0.015527950310559006,8.0,0.8646816701021308,False,4.0,True,decay,0,101
112,6.0,0.3967060941262025,0.488272748619044,0.015432098765432098,8.0,0.8646816701021308,False,4.0,True,decay,0,101
113,6.0,0.42738094075196936,0.48774325463759116,0.015337423312883436,8.0,0.8646816701021308,False,4.0,True,decay,0,101
114,8.0,0.42738094075196936,0.48722288986271506,0.01524390243902439,8.0,0.8646816701021308,False,2.0,True,decay,0,101
115,10.0,0.39707791044893903,0.48645241995319566,0.015151515151515152,8.0,0.8646816701021308,False,0.0,True,decay,0,101
116,8.0,0.39707791044893903,0.485695008855702,0.015060240963855423,8.0,0.8646816701021308,False,2.0,True,decay,0,101
117,12.0,0.3371976709279809,0.4844471320663934,0.014970059880239523,8.0,0.8646816701021308,False,-2.0,True,decay,0,101
118,6.0,0.3669595756898857,0.4834680690965891,0.014880952380952382,8.0,0.8646816701021308,False,4.0,True,decay,0,101
119,10.0,0.33737377687331765,0.4822606782517687,0.014792899408284025,8.0,0.8646816701021308,False,0.0,True,decay,0,101
120,12.0,0.27855024746155294,0.4805909206223407,0.014705882352941178,8.0,0.8646816701021308,False,-2.0,True,decay,0,101
121,6.0,0.3077900135434243,0.4791860351989349,0.014619883040935673,8.0,0.8646816701021308,False,4.0,True,decay,0,101
122,10.0,0.2787202461015638,0.47756937560943996,0.014534883720930234,8.0,0.8646816701021308,False,0.0,True,decay,0,101
123,10.0,0.24981851199751756,0.47574736870054457,0.014450867052023123,8.0,0.8646816701021308,False,0.0,True,decay,0,101
124,4.0,0.30728977636533367,0.47441040368201115,0.014367816091954025,8.0,0.8646816701021308,False,6.0,True,decay,0,101
125,8.0,0.30728977636533367,0.4730944932306987,0.014285714285714287,8.0,0.8646816701021308,False,2.0,True,decay,0,101
126,6.0,0.33569886727442455,0.4720210899029153,0.014204545454545456,8.0,0.8646816701021308,False,4.0,True,decay,0,101
127,8.0,0.33569886727442455,0.47096432848719055,0.014124293785310734,8.0,0.8646816701021308,False,2.0,True,decay,0,101
128,8.0,0.33569886727442455,0.46992382493940005,0.01404494382022472,8.0,0.8646816701021308,False,2.0,True,decay,0,101
129,8.0,0.33569886727442455,0.46889920694195747,0.013966480446927375,8.0,0.8646816701021308,False,2.0,True,decay,0,101
130,12.0,0.28014331171886897,0.46746923803875223,0.01388888888888889,8.0,0.8646816701021308,False,-2.0,True,decay,0,101
131,10.0,0.2525190023266038,0.4658530708529466,0.013812154696132598,8.0,0.8646816701021308,False,0.0,True,decay,0,101
132,4.0,0.3074640572716587,0.4646710632889071,0.013736263736263736,8.0,0.8646816701021308,False,6.0,True,decay,0,101
133,6.0,0.3347864616432434,0.46370895512856886,0.01366120218579235,8.0,0.8646816701021308,False,4.0,True,decay,0,101
134,10.0,0.3076125485997651,0.4625611874335041,0.01358695652173913,8.0,0.8646816701021308,False,0.0,True,decay,0,101
135,12.0,0.25355849454571106,0.4610356203321334,0.013513513513513514,8.0,0.8646816701021308,False,-2.0,True,decay,0,101
136,8.0,0.25355849454571106,0.4595321628988985,0.013440860215053764,8.0,0.8646816701021308,False,2.0,True,decay,0,101
137,6.0,0.28029646246014955,0.45824269742811613,0.013368983957219251,8.0,0.8646816701021308,False,-56.0,False,decay,0,101
138,6.0,0.30689220714100063,0.45716162249749387,0.013297872340425532,8.0,0.8646816701021308,False,4.0,True,decay,0,101
139,8.0,0.30689220714100063,0.4560958819630507,0.013227513227513227,8.0,0.8646816701021308,False,2.0,True,decay,0,101
140,8.0,0.30689220714100063,0.45504515185867006,0.013157894736842105,8.0,0.8646816701021308,False,2.0,True,decay,0,101
141,6.0,0.33307021761220484,0.45419218029051295,0.013089005235602096,8.0,0.8646816701021308,False,4.0,True,decay,0,101
142,10.0,0.30702855094553816,0.4531702106422839,0.013020833333333334,8.0,0.8646816701021308,False,0.0,True,decay,0,101
143,22.0,0.1256814006864708,0.4509116671253473,0.01295336787564767,8.0,0.8646816701021308,False,-12.0,True,decay,0,101
144,6.0,0.15145459656275945,0.4488605912995762,0.012886597938144331,8.0,0.8646816701021308,False,4.0,True,decay,0,101
145,6.0,0.17709562220378508,0.4470118500132102,0.012820512820512822,8.0,0.8646816701021308,False,4.0,True,decay,0,101
146,4.0,0.2281160303670504,0.4455328242047902,0.012755102040816327,8.0,0.8646816701021308,False,6.0,True,decay,0,101
147,4.0,0.27887745168684736,0.4444143317717839,0.01269035532994924,8.0,0.8646816701021308,False,6.0,True,decay,0,101
148,10.0,0.2536249264343221,0.4431424024028675,0.012626262626262628,8.0,0.8646816701021308,False,0.0,True,decay,0,101
149,8.0,0.2536249264343221,0.4418873197805593,0.01256281407035176,8.0,0.8646816701021308,False,2.0,True,decay,0,101
150,8.0,0.2536249264343221,0.44064875140328147,0.0125,8.0,0.8646816701021308,False,2.0,True,decay,0,101
151,6.0,0.27850054832486937,0.43958895922629837,0.012437810945273634,8.0,0.8646816701021308,False,4.0,True,decay,0,101
152,14.0,0.2042431225822951,0.4380607395078308,0.012376237623762377,8.0,0.8646816701021308,False,-4.0,True,decay,0,101
153,4.0,0.25350420632613746,0.4368700521969812,0.01231527093596059,8.0,0.8646816701021308,False,6.0,True,decay,0,101
154,4.0,0.3025238141692747,0.4360088583634703,0.012254901960784314,8.0,0.8646816701021308,False,6.0,True,decay,0,101
155,14.0,0.22935308246195762,0.4346925795360721,0.012195121951219514,8.0,0.8646816701021308,False,-4.0,True,decay,0,101
156,4.0,0.27789677178234595,0.4337002010059853,0.012135922330097087,8.0,0.8646816701021308,False,6.0,True,decay,0,101
157,6.0,0.3020513611543266,0.4328722208811321,0.012077294685990338,8.0,0.8646816701021308,False,4.0,True,decay,0,101
158,6.0,0.3260898226927882,0.432204830892455,0.01201923076923077,8.0,0.8646816701021308,False,4.0,True,decay,0,101
159,14.0,0.2543194877645585,0.4310999529848283,0.01196172248803828,8.0,0.8646816701021308,False,-4.0,True,decay,0,101
160,4.0,0.3019385353836061,0.4303026602835862,0.011904761904761904,8.0,0.8646816701021308,False,6.0,True,decay,0,101
161,6.0,0.3256352178480611,0.429660528734902,0.011848341232227487,8.0,0.8646816701021308,False,4.0,True,decay,0,101
162,10.0,0.30205031218768374,0.42888241765839463,0.01179245283018868,8.0,0.8646816701021308,False,0.0,True,decay,0,101
163,8.0,0.30205031218768374,0.42811373823129945,0.011737089201877935,8.0,0.8646816701021308,False,2.0,True,decay,0,101
164,6.0,0.32541479816899216,0.42749506991767106,0.011682242990654205,8.0,0.8646816701021308,False,4.0,True,decay,0,101
165,8.0,0.32541479816899216,0.42688381080540355,0.011627906976744184,8.0,0.8646816701021308,False,2.0,True,decay,0,101
166,12.0,0.2791185018726959,0.42600425539508985,0.011574074074074073,8.0,0.8646816701021308,False,-2.0,True,decay,0,101
167,8.0,0.2791185018726959,0.42513510892454315,0.01152073732718894,8.0,0.8646816701021308,False,2.0,True,decay,0,101
168,6.0,0.30205428168920967,0.42441110405845295,0.011467889908256883,8.0,0.8646816701021308,False,4.0,True,decay,0,101
169,6.0,0.32488533191752017,0.4238290819991492,0.011415525114155252,8.0,0.8646816701021308,False,4.0,True,decay,0,101
170,10.0,0.30215805919024746,0.4231216923316556,0.011363636363636364,8.0,0.8646816701021308,False,0.0,True,decay,0,101
171,12.0,0.2569091904119669,0.42216092642460534,0.011312217194570137,8.0,0.8646816701021308,False,-2.0,True,decay,0,101
172,6.0,0.27943171293448943,0.4213406435884553,0.011261261261261262,8.0,0.8646816701021308,False,4.0,True,decay,0,101
173,14.0,0.21216713894345804,0.4201453664190553,0.011210762331838566,8.0,0.8646816701021308,False,-4.0,True,decay,0,101
174,4.0,0.25680999608631516,0.41921732454216476,0.011160714285714286,8.0,0.8646816701021308,False,6.0,True,decay,0,101
175,6.0,0.27903221830853736,0.41842531829225726,0.011111111111111112,8.0,0.8646816701021308,False,4.0,True,decay,0,101
176,8.0,0.27903221830853736,0.41764221098897797,0.011061946902654869,8.0,0.8646816701021308,False,2.0,True,decay,0,101
177,12.0,0.234979354872414,0.41662174810564523,0.011013215859030838,8.0,0.8646816701021308,False,-2.0,True,decay,0,101
178,4.0,0.278839003995221,0.4158562884161428,0.010964912280701754,8.0,0.8646816701021308,False,6.0,True,decay,0,101
179,8.0,0.278839003995221,0.4150992868447565,0.01091703056768559,8.0,0.8646816701021308,False,2.0,True,decay,0,101
180,16.0,0.19188248225609056,0.4138728208854781,0.010869565217391306,8.0,0.8646816701021308,False,-6.0,True,decay,0,101
181,6.0,0.2135275039011122,0.4127780377325581,0.010822510822510822,8.0,0.8646816701021308,False,4.0,True,decay,0,101
182,4.0,0.25663095217697424,0.4119294122675821,0.010775862068965516,8.0,0.8646816701021308,False,6.0,True,decay,0,101
183,4.0,0.29954940711259653,0.41132195278025785,0.01072961373390558,8.0,0.8646816701021308,False,6.0,True,decay,0,101
184,6.0,0.3209169284801179,0.41083590426251515,0.010683760683760686,8.0,0.8646816701021308,False,4.0,True,decay,0,101
185,20.0,0.19325735401203278,0.40967238260342165,0.010638297872340425,8.0,0.8646816701021308,False,-10.0,True,decay,0,101
186,8.0,0.19325735401203278,0.40852123883431857,0.01059322033898305,8.0,0.8646816701021308,False,2.0,True,decay,0,101
187,16.0,0.10886916835802435,0.4069357781439678,0.010548523206751054,8.0,0.8646816701021308,False,-66.0,False,decay,0,101
188,4.0,0.15088597508071344,0.4055881476015296,0.01050420168067227,8.0,0.8646816701021308,False,6.0,True,decay,0,101
189,4.0,0.19272697926481386,0.40447369122280336,0.010460251046025104,8.0,0.8646816701021308,False,6.0,True,decay,0,101
190,8.0,0.19272697926481386,0.40337084376468885,0.010416666666666666,8.0,0.8646816701021308,False,2.0,True,decay,0,101
191,6.0,0.21347386723161885,0.4023869216064864,0.01037344398340249,8.0,0.8646816701021308,False,4.0,True,decay,0,101
192,6.0,0.23413502425641225,0.4015196437850943,0.010330578512396695,8.0,0.8646816701021308,False,4.0,True,decay,0,101
193,10.0,0.21355889256916943,0.4005557424968075,0.010288065843621401,8.0,0.8646816701021308,False,0.0,True,decay,0,101
194,6.0,0.23405069584785795,0.3997062269526802,0.010245901639344263,8.0,0.8646816701021308,False,4.0,True,decay,0,101
195,8.0,0.23405069584785795,0.39886533593184353,0.01020408163265306,8.0,0.8646816701021308,False,2.0,True,decay,0,101
196,8.0,0.23405069584785795,0.39803293875970214,0.010162601626016262,8.0,0.8646816701021308,False,2.0,True,decay,0,101
197,10.0,0.21380778086810087,0.3971071841974328,0.010121457489878544,8.0,0.8646816701021308,False,0.0,True,decay,0,101
198,10.0,0.19364649054552022,0.3960898807291732,0.010080645161290324,8.0,0.8646816701021308,False,-60.0,False,decay,0,101
199,8.0,0.19364649054552022,0.39508269968348336,0.010040160642570281,8.0,0.8646816701021308,False,-58.0,False,decay,0,101
200,10.0,0.17364649054552023,0.3939864808263648,0.01,8.0,0.8646816701021308,True,-600.0,False,decay,0,101
201,6.0,0.19356680927061984,0.3929991918039227,0.0099601593625498,8.0,0.8646816701021308,True,40.0,True,decay,0,101
202,4.0,0.23324934895315952,0.392216104338968,0.009920634920634922,8.0,0.8646816701021308,True,60.0,True,decay,0,101
203,8.0,0.23324934895315952,0.3914406567517202,0.009881422924901186,8.0,0.8646816701021308,True,-580.0,False,decay,0,101
204,4.0,0.272619427693317,0.3908638546689124,0.00984251968503937,8.0,0.8646816701021308,True,60.0,True,decay,0,101
205,4.0,0.3118351139678268,0.3904820733128685,0.009803921568627453,8.0,0.8646816701021308,True,60.0,True,decay,0,101
206,10.0,0.2923038639678268,0.39001006269101735,0.009765625,8.0,0.8646816701021308,True,0.0,True,decay,0,101
207,6.0,0.31175911688611474,0.3896356562517594,0.00972762645914397,8.0,0.8646816701021308,True,40.0,True,decay,0,101
208,4.0,0.3505188068085954,0.3894493855401253,0.009689922480620155,8.0,0.8646816701021308,True,60.0,True,decay,0,101
209,4.0,0.389128845418634,0.3894478663926301,0.009652509652509654,8.0,0.8646816701021308,True,60.0,True,decay,0,101
210,6.0,0.40835961464940324,0.38953707275233185,0.009615384615384616,8.0,0.8646816701021308,True,40.0,True,decay,0,101
211,4.0,0.44667379089461395,0.3898053202553472,0.009578544061302683,8.0,0.8646816701021308,True,-540.0,False,decay,0,101
212,8.0,0.44667379089461395,0.3900710607723531,0.009541984732824428,8.0,0.8646816701021308,True,20.0,True,decay,0,101
213,4.0,0.4846966045828269,0.3905111795807739,0.009505703422053233,8.0,0.8646816701021308,True,60.0,True,decay,0,101
214,6.0,0.5036359985222209,0.39103490559439175,0.00946969696969697,8.0,0.8646816701021308,True,40.0,True,decay,0,101
215,4.0,0.5413718475788246,0.39172770256206196,0.009433962264150945,8.0,0.8646816701021308,True,60.0,True,decay,0,101
216,8.0,0.5413718475788246,0.392414143594249,0.009398496240601503,8.0,0.8646816701021308,True,20.0,True,decay,0,101
217,4.0,0.5788250310994238,0.3932653348613959,0.009363295880149813,8.0,0.8646816701021308,True,60.0,True,decay,0,101
218,4.0,0.6161384639352447,0.3942783945390043,0.009328358208955223,8.0,0.8646816701021308,True,60.0,True,decay,0,101
219,4.0,0.6533131851248358,0.39545049766382706,0.00929368029739777,8.0,0.8646816701021308,True,60.0,True,decay,0,101
220,4.0,0.6903502221618729,0.3967788748012056,0.009259259259259259,8.0,0.8646816701021308,True,60.0,True,decay,0,101
221,6.0,0.7088004066637179,0.3981780744956563,0.00922509225092251,8.0,0.8646816701021308,True,40.0,True,decay,0,101
222,8.0,0.7088004066637179,0.3995647813356923,0.009191176470588236,8.0,0.8646816701021308,True,20.0,True,decay,0,101
223,6.0,0.7271154249787363,0.4010205619741058,0.009157509157509158,8.0,0.8646816701021308,True,40.0,True,decay,0,101
224,4.0,0.7636117753436997,0.4026249478739713,0.009124087591240875,8.0,0.8646816701021308,True,60.0,True,decay,0,101
225,4.0,0.7999754117073361,0.4043753904459244,0.009090909090909092,8.0,0.8646816701021308,True,-540.0,False,decay,0,101
226,4.0,0.8362072957653072,0.40626939003065854,0.009057971014492754,8.0,0.8646816701021308,True,60.0,True,decay,0,101
227,4.0,0.8723083787977981,0.4083044947851002,0.009025270758122744,8.0,0.8646816701021308,True,60.0,True,decay,0,101
228,6.0,0.8902939903085895,0.41040010128737625,0.008992805755395683,8.0,0.8646816701021308,True,40.0,True,decay,0,101
229,6.0,0.9082151372619944,0.4125551447331538,0.008960573476702509,8.0,0.8646816701021308,True,40.0,True,decay,0,101
230,4.0,0.9439294229762801,0.4148455511048914,0.008928571428571428,8.0,0.8646816701021308,True,60.0,True,decay,0,101
231,6.0,0.96172301728233,0.41719266469363575,0.008896797153024912,8.0,0.8646816701021308,True,40.0,True,decay,0,101
232,8.0,0.96172301728233,0.41951971748247635,0.008865248226950355,8.0,0.8646816701021308,True,20.0,True,decay,0,101
233,8.0,0.96172301728233,0.421826965566731,0.0088339222614841,8.0,0.8646816701021308,True,20.0,True,decay,0,101
234,6.0,0.9793286510851469,0.4241892608443514,0.008802816901408451,8.0,0.8646816701021308,True,40.0,True,decay,0,101
235,6.0,0.9968725107342697,0.4266056458649839,0.008771929824561403,8.0,0.8646816701021308,True,40.0,True,decay,0,101
236,4.0,1.0318375456993047,0.4291486370407584,0.008741258741258742,8.0,0.8646816701021308,True,60.0,True,decay,0,101
237,4.0,1.0666807512742176,0.4318161354266724,0.008710801393728223,8.0,0.8646816701021308,True,60.0,True,decay,0,101
238,4.0,1.10140297349644,0.43460608058529643,0.008680555555555556,8.0,0.8646816701021308,True,60.0,True,decay,0,101
239,6.0,1.1187040115587237,0.4374446612117422,0.00865051903114187,8.0,0.8646816701021308,True,40.0,True,decay,0,101
240,8.0,1.1187040115587237,0.4402597824941677,0.008620689655172414,8.0,0.8646816701021308,True,20.0,True,decay,0,101
241,4.0,1.1530682727271087,0.44319315076673127,0.00859106529209622,8.0,0.8646816701021308,True,60.0,True,decay,0,101
242,4.0,1.1873148480695743,0.446242829854038,0.00856164383561644,8.0,0.8646816701021308,True,60.0,True,decay,0,101
243,4.0,1.221444540902339,0.4494069184705617,0.008532423208191127,8.0,0.8646816701021308,True,60.0,True,decay,0,101
244,6.0,1.2384513436234272,0.4526144161337847,0.008503401360544218,8.0,0.8646816701021308,True,40.0,True,decay,0,101
245,4.0,1.272349648708173,0.4559331822575676,0.00847457627118644,8.0,0.8646816701021308,True,60.0,True,decay,0,101
246,4.0,1.3061334324919567,0.4593614090730289,0.008445945945945946,8.0,0.8646816701021308,True,60.0,True,decay,0,101
247,8.0,1.3061334324919567,0.46276209993013306,0.008417508417508417,8.0,0.8646816701021308,True,20.0,True,decay,0,101
248,8.0,1.3061334324919567,0.46613558526038035,0.008389261744966443,8.0,0.8646816701021308,True,20.0,True,decay,0,101
249,4.0,1.3395782485454684,0.4696154365085281,0.008361204013377926,8.0,0.8646816701021308,True,60.0,True,decay,0,101
250,6.0,1.356244915212135,0.4731338074557646,0.008333333333333333,8.0,0.8646816701021308,True,-560.0,False,decay,0,101
251,6.0,1.372856210893198,0.4766900224891142,0.008305647840531562,8.0,0.8646816701021308,True,40.0,True,decay,0,101
252,4.0,1.405968793674655,0.48034860032842736,0.008278145695364239,8.0,0.8646816701021308,True,60.0,True,decay,0,101
253,8.0,1.405968793674655,0.48397848343958905,0.00825082508250825,8.0,0.8646816701021308,True,20.0,True,decay,0,101
254,4.0,1.4388635305167603,0.48770850315473424,0.008223684210526315,8.0,0.8646816701021308,True,60.0,True,decay,0,101
255,4.0,1.471650415762662,0.4915370709080725,0.00819672131147541,8.0,0.8646816701021308,True,60.0,True,decay,0,101
256,6.0,1.4879902850437077,0.49539929266828814,0.008169934640522876,8.0,0.8646816701021308,True,40.0,True,decay,0,101
257,6.0,1.5042769299948477,0.4992945731212865,0.008143322475570033,8.0,0.8646816701021308,True,40.0,True,decay,0,101
258,4.0,1.5367444624623803,0.5032847650033677,0.008116883116883118,8.0,0.8646816701021308,True,60.0,True,decay,0,101
259,4.0,1.569106922009306,0.5073683748003253,0.008090614886731393,8.0,0.8646816701021308,True,60.0,True,decay,0,101
260,4.0,1.601364986525435,0.5115439343870622,0.008064516129032258,8.0,0.8646816701021308,True,60.0,True,decay,0,101
261,4.0,1.6335193273614477,0.5158100005200448,0.008038585209003217,8.0,0.8646816701021308,True,60.0,True,decay,0,101
262,4.0,1.6655706094127298,0.5201651543416079,0.008012820512820514,8.0,0.8646816701021308,True,60.0,True,decay,0,101
263,8.0,1.6655706094127298,0.5244874390777253,0.007987220447284346,8.0,0.8646816701021308,True,20.0,True,decay,0,101
264,4.0,1.6974177431706916,0.5288969514991275,0.007961783439490446,8.0,0.8646816701021308,True,60.0,True,decay,0,101
265,6.0,1.7132907590437074,0.5333328833625903,0.007936507936507938,8.0,0.8646816701021308,True,40.0,True,decay,0,101
266,4.0,1.7449363286639605,0.5378537917405805,0.007911392405063292,8.0,0.8646816701021308,True,60.0,True,decay,0,101
267,4.0,1.7764820699888817,0.5424583578307228,0.007886435331230285,8.0,0.8646816701021308,True,60.0,True,decay,0,101
268,4.0,1.8079286108693848,0.5471452846938291,0.007861635220125786,8.0,0.8646816701021308,True,-540.0,False,decay,0,101
269,6.0,1.8236025920606074,0.5518554592597581,0.007836990595611286,8.0,0.8646816701021308,True,40.0,True,decay,0,101
270,8.0,1.8236025920606074,0.556531000189173,0.0078125,8.0,0.8646816701021308,True,20.0,True,decay,0,101
271,12.0,1.7924499440855295,0.5610581758078409,0.007788161993769471,8.0,0.8646816701021308,True,-20.0,True,decay,0,101
272,20.0,1.6992822422221754,0.5652122782400101,0.007763975155279503,8.0,0.8646816701021308,True,-100.0,True,decay,0,101
273,4.0,1.7302419945441567,0.5694487499356614,0.007739938080495357,8.0,0.8646816701021308,True,-540.0,False,decay,0,101
274,4.0,1.7611061920750208,0.5737663493637026,0.007716049382716049,8.0,0.8646816701021308,True,60.0,True,decay,0,101
275,6.0,1.7764908074596362,0.5781083149163955,0.007692307692307693,8.0,0.8646816701021308,True,40.0,True,decay,0,101
276,10.0,1.7611533841467528,0.5823638727193824,0.007668711656441718,8.0,0.8646816701021308,True,0.0,True,decay,0,101
277,4.0,1.7917344239021045,0.5866985341931557,0.007645259938837921,8.0,0.8646816701021308,True,60.0,True,decay,0,101
278,4.0,1.8222222287801533,0.5911111188166807,0.007621951219512195,8.0,0.8646816701021308,True,-540.0,False,decay,0,101
279,6.0,1.837419797169211,0.5955463810172235,0.007598784194528876,8.0,0.8646816701021308,True,-560.0,False,decay,0,101
280,4.0,1.8677228274722413,0.6000576450117449,0.007575757575757576,8.0,0.8646816701021308,True,60.0,True,decay,0,101
281,4.0,1.897934307834779,0.6046437816294942,0.0075528700906344415,8.0,0.8646816701021308,True,60.0,True,decay,0,101
282,6.0,1.9129945487986344,0.609250650527977,0.007530120481927712,8.0,0.8646816701021308,True,40.0,True,decay,0,101
283,6.0,1.9280095638136494,0.6138778747851197,0.0075075075075075074,8.0,0.8646816701021308,True,40.0,True,decay,0,101
284,4.0,1.9579496835741284,0.6185774265641022,0.007485029940119761,8.0,0.8646816701021308,True,60.0,True,decay,0,101
285,4.0,1.9878004298427852,0.6233482384222161,0.007462686567164179,8.0,0.8646816701021308,True,60.0,True,decay,0,101
286,6.0,2.0026813822237375,0.6281375896159713,0.007440476190476191,8.0,0.8646816701021308,True,40.0,True,decay,0,101
287,6.0,2.017518177475963,0.6329451349026841,0.00741839762611276,8.0,0.8646816701021308,True,-560.0,False,decay,0,101
288,6.0,2.0323110768842474,0.6377705347026205,0.007396449704142012,8.0,0.8646816701021308,True,40.0,True,decay,0,101
289,8.0,2.0323110768842474,0.6425627702427635,0.007374631268436578,8.0,0.8646816701021308,True,20.0,True,decay,0,101
290,4.0,2.0617228415901296,0.6474229074734051,0.007352941176470589,8.0,0.8646816701021308,True,60.0,True,decay,0,101
291,8.0,2.0617228415901296,0.6522498697058855,0.007331378299120235,8.0,0.8646816701021308,True,20.0,True,decay,0,101
292,4.0,2.090962607672001,0.6571434504472667,0.007309941520467837,8.0,0.8646816701021308,True,60.0,True,decay,0,101
293,8.0,2.090962607672001,0.6620038543700625,0.007288629737609329,8.0,0.8646816701021308,True,20.0,True,decay,0,101
294,6.0,2.105497491392931,0.6668805220627073,0.007267441860465117,8.0,0.8646816701021308,True,40.0,True,decay,0,101
295,4.0,2.134482998639308,0.6718219445427631,0.007246376811594203,8.0,0.8646816701021308,True,60.0,True,decay,0,101
296,4.0,2.163384732743354,0.6768271887984699,0.007225433526011561,8.0,0.8646816701021308,True,-540.0,False,decay,0,101
297,8.0,2.163384732743354,0.6817989531594896,0.007204610951008645,8.0,0.8646816701021308,True,20.0,True,decay,0,101
298,6.0,2.177752548835308,0.6867854651450757,0.007183908045977012,8.0,0.8646816701021308,True,-560.0,False,decay,0,101
299,4.0,2.206405843964248,0.6918340378321826,0.007163323782234957,8.0,0.8646816701021308,True,60.0,True,decay,0,101
300,4.0,2.2349772725356765,0.696943783642459,0.0071428571428571435,8.0,0.8646816701021308,True,60.0,True,decay,0,101
301,8.0,2.2349772725356765,0.7020198017576181,0.007122507122507123,8.0,0.8646816701021308,True,20.0,True,decay,0,101
302,4.0,2.2633863634447673,0.7071558759736942,0.007102272727272728,8.0,0.8646816701021308,True,60.0,True,decay,0,101
303,6.0,2.2775506693937757,0.7123047113619568,0.007082152974504249,8.0,0.8646816701021308,True,-560.0,False,decay,0,101
304,4.0,2.3057992569643972,0.7175122098769975,0.007062146892655367,8.0,0.8646816701021308,True,60.0,True,decay,0,101
305,8.0,2.3057992569643972,0.722685783320279,0.007042253521126761,8.0,0.8646816701021308,True,-580.0,False,decay,0,101
306,10.0,2.2917543131441724,0.7277801616638631,0.00702247191011236,8.0,0.8646816701021308,True,0.0,True,decay,0,101
307,4.0,2.319765517625965,0.7329322178320251,0.007002801120448179,8.0,0.8646816701021308,True,60.0,True,decay,0,101
308,4.0,2.3476984785198196,0.7381411412535986,0.006983240223463688,8.0,0.8646816701021308,True,-540.0,False,decay,0,101
309,6.0,2.3616260551214907,0.743361349979862,0.006963788300835655,8.0,0.8646816701021308,True,40.0,True,decay,0,101
310,4.0,2.3894038328992684,0.7486371271687062,0.006944444444444445,8.0,0.8646816701021308,True,-540.0,False,decay,0,101
311,4.0,2.4171046639241993,0.7539676943787876,0.006925207756232688,8.0,0.8646816701021308,True,-540.0,False,decay,0,101
312,4.0,2.4447289733164643,0.7593522844390987,0.006906077348066299,8.0,0.8646816701021308,True,60.0,True,decay,0,101
313,6.0,2.45850307799966,0.7647464139424657,0.006887052341597796,8.0,0.8646816701021308,True,40.0,True,decay,0,101
314,6.0,2.4722393417359236,0.7701498725747234,0.006868131868131868,8.0,0.8646816701021308,True,40.0,True,decay,0,101
315,4.0,2.4996366020098963,0.775605666673888,0.006849315068493151,8.0,0.8646816701021308,True,60.0,True,decay,0,101
316,8.0,2.4996366020098963,0.7810271476026176,0.006830601092896175,8.0,0.8646816701021308,True,20.0,True,decay,0,101
317,4.0,2.5268845584131663,0.7865000548465378,0.0068119891008174395,8.0,0.8646816701021308,True,-540.0,False,decay,0,101
318,4.0,2.5540584714566443,0.7920236748984444,0.006793478260869565,8.0,0.8646816701021308,True,60.0,True,decay,0,101
319,10.0,2.5405083359552894,0.7974706676120171,0.006775067750677507,8.0,0.8646816701021308,True,0.0,True,decay,0,101
320,6.0,2.554021849468803,0.8029257955059823,0.006756756756756757,8.0,0.8646816701021308,True,40.0,True,decay,0,101
321,6.0,2.56749893841759,0.8083888702518387,0.006738544474393531,8.0,0.8646816701021308,True,40.0,True,decay,0,101
322,6.0,2.580939798632644,0.8138597064505448,0.006720430107526882,8.0,0.8646816701021308,True,40.0,True,decay,0,101
323,10.0,2.5675349728953787,0.8192556303472982,0.006702412868632708,8.0,0.8646816701021308,True,0.0,True,decay,0,101
324,6.0,2.5809039568525978,0.824659459569707,0.0066844919786096255,8.0,0.8646816701021308,True,40.0,True,decay,0,101
325,6.0,2.594237290185931,0.8300710125685334,0.006666666666666667,8.0,0.8646816701021308,True,40.0,True,decay,0,101
326,8.0,2.594237290185931,0.8354495682929769,0.006648936170212766,8.0,0.8646816701021308,True,-580.0,False,decay,0,101
327,8.0,2.594237290185931,0.8407954276300376,0.006631299734748011,8.0,0.8646816701021308,True,20.0,True,decay,0,101
328,8.0,2.594237290185931,0.846108887819601,0.006613756613756613,8.0,0.8646816701021308,True,20.0,True,decay,0,101
329,8.0,2.594237290185931,0.8513902425095295,0.006596306068601583,8.0,0.8646816701021308,True,20.0,True,decay,0,101
330,10.0,2.581079395449089,0.8566001495966968,0.006578947368421052,8.0,0.8646816701021308,True,0.0,True,decay,0,101
331,14.0,2.5417093167089315,0.8616605374859229,0.006561679790026247,8.0,0.8646816701021308,True,-640.0,False,decay,0,101
332,4.0,2.5678873271801357,0.866769000928121,0.006544502617801047,8.0,0.8646816701021308,True,60.0,True,decay,0,101
333,4.0,2.593996987754548,0.8719249053664089,0.006527415143603134,8.0,0.8646816701021308,True,60.0,True,decay,0,101
334,4.0,2.6200386544212146,0.8771276248576434,0.006510416666666667,8.0,0.8646816701021308,True,60.0,True,decay,0,101
335,10.0,2.6070516414342015,0.8822609305448142,0.006493506493506494,8.0,0.8646816701021308,True,-600.0,False,decay,0,101
336,6.0,2.6200050093098493,0.8874021852157168,0.006476683937823835,8.0,0.8646816701021308,True,40.0,True,decay,0,101
337,6.0,2.6329249059506763,0.8925512197901563,0.006459948320413437,8.0,0.8646816701021308,True,40.0,True,decay,0,101
338,4.0,2.658698101826965,0.8977457694432057,0.0064432989690721655,8.0,0.8646816701021308,True,60.0,True,decay,0,101
339,4.0,2.684405042701001,0.9029852394527593,0.006426735218508998,8.0,0.8646816701021308,True,60.0,True,decay,0,101
340,4.0,2.7100460683420264,0.9082690430460028,0.006410256410256411,8.0,0.8646816701021308,True,60.0,True,decay,0,101
341,8.0,2.7100460683420264,0.9135220372888483,0.00639386189258312,8.0,0.8646816701021308,True,20.0,True,decay,0,101
342,4.0,2.735556272423659,0.9188186484374959,0.006377551020408163,8.0,0.8646816701021308,True,60.0,True,decay,0,101
343,12.0,2.710110979802794,0.9240108001226127,0.0063613231552162855,8.0,0.8646816701021308,True,-20.0,True,decay,0,101
344,8.0,2.710110979802794,0.9291729393702433,0.00634517766497462,8.0,0.8646816701021308,True,20.0,True,decay,0,101
345,4.0,2.7354274354989965,0.9343782837394904,0.006329113924050633,8.0,0.8646816701021308,True,60.0,True,decay,0,101
346,8.0,2.7354274354989965,0.9395537123365004,0.006313131313131314,8.0,0.8646816701021308,True,20.0,True,decay,0,101
347,18.0,2.6724551433075607,0.944519045949598,0.006297229219143577,8.0,0.8646816701021308,True,-80.0,True,decay,0,101
348,6.0,2.6850179573779127,0.9494918999822504,0.00628140703517588,8.0,0.8646816701021308,True,40.0,True,decay,0,101
349,4.0,2.7100806140195166,0.9545078222444647,0.006265664160401002,8.0,0.8646816701021308,True,60.0,True,decay,0,101
350,8.0,2.7100806140195166,0.959495244948371,0.00625,8.0,0.8646816701021308,True,-580.0,False,decay,0,101
351,6.0,2.722549441949691,0.9644897327585731,0.006234413965087282,8.0,0.8646816701021308,True,40.0,True,decay,0,101
352,20.0,2.647922576278049,0.9692451927685152,0.006218905472636817,8.0,0.8646816701021308,True,-100.0,True,decay,0,101
353,4.0,2.672736472059687,0.974043759752434,0.006203473945409429,8.0,0.8646816701021308,True,60.0,True,decay,0,101
354,6.0,2.685112709683449,0.9788501332072963,0.006188118811881188,8.0,0.8646816701021308,True,-560.0,False,decay,0,101
355,8.0,2.685112709683449,0.9836295802002266,0.006172839506172839,8.0,0.8646816701021308,True,20.0,True,decay,0,101
356,4.0,2.7097432515553703,0.9884511267682579,0.006157635467980295,8.0,0.8646816701021308,True,60.0,True,decay,0,101
357,6.0,2.7220282638403828,0.9932800324425535,0.006142506142506142,8.0,0.8646816701021308,True,40.0,True,decay,0,101
358,8.0,2.7220282638403828,0.9980821108631031,0.006127450980392157,8.0,0.8646816701021308,True,20.0,True,decay,0,101
359,6.0,2.7342532027156885,1.0028914490676808,0.006112469437652812,8.0,0.8646816701021308,True,40.0,True,decay,0,101
360,12.0,2.7098629588132495,1.0076068399785802,0.006097560975609757,8.0,0.8646816701021308,True,-20.0,True,decay,0,101
361,4.0,2.7341938590565587,1.0123632780476657,0.006082725060827252,8.0,0.8646816701021308,True,-540.0,False,decay,0,101
362,8.0,2.7341938590565587,1.0170935818416462,0.006067961165048544,8.0,0.8646816701021308,True,20.0,True,decay,0,101
363,6.0,2.746300396586825,1.0218311347587563,0.006053268765133173,8.0,0.8646816701021308,True,40.0,True,decay,0,101
364,8.0,2.746300396586825,1.0265427994085596,0.006038647342995169,8.0,0.8646816701021308,True,20.0,True,decay,0,101
365,12.0,2.7222040110446564,1.0311631296854973,0.006024096385542168,8.0,0.8646816701021308,True,-620.0,False,decay,0,101
366,8.0,2.7222040110446564,1.0357583494717992,0.006009615384615385,8.0,0.8646816701021308,True,20.0,True,decay,0,101
367,20.0,2.650261565001491,1.0401336969393595,0.005995203836930456,8.0,0.8646816701021308,True,-700.0,False,decay,0,101
368,4.0,2.6741850099775673,1.0445500518394628,0.00598086124401914,8.0,0.8646816701021308,True,60.0,True,decay,0,101
369,6.0,2.686118184201911,1.0489747637865314,0.005966587112171838,8.0,0.8646816701021308,True,-560.0,False,decay,0,101
370,6.0,2.698022946106673,1.0534076890078221,0.005952380952380952,8.0,0.8646816701021308,True,40.0,True,decay,0,101
371,8.0,2.698022946106673,1.0578168451930736,0.005938242280285036,8.0,0.8646816701021308,True,20.0,True,decay,0,101
372,8.0,2.698022946106673,1.0622024230030032,0.005924170616113744,8.0,0.8646816701021308,True,20.0,True,decay,0,101
373,8.0,2.698022946106673,1.066564611064613,0.00591016548463357,8.0,0.8646816701021308,True,20.0,True,decay,0,101
374,4.0,2.7216078517670503,1.0709663218111618,0.00589622641509434,8.0,0.8646816701021308,True,60.0,True,decay,0,101
375,14.0,2.6863137341199916,1.0752510629578698,0.0058823529411764705,8.0,0.8646816701021308,True,-40.0,True,decay,0,101
376,8.0,2.6863137341199916,1.0795131335164996,0.005868544600938968,8.0,0.8646816701021308,True,20.0,True,decay,0,101
377,4.0,2.7097329378670643,1.0838145050319365,0.005854800936768151,8.0,0.8646816701021308,True,60.0,True,decay,0,101
378,8.0,2.7097329378670643,1.0880932377499235,0.005841121495327103,8.0,0.8646816701021308,True,20.0,True,decay,0,101
379,8.0,2.7097329378670643,1.0923495099287086,0.005827505827505828,8.0,0.8646816701021308,True,20.0,True,decay,0,101
380,8.0,2.7097329378670643,1.096583497959961,0.005813953488372092,8.0,0.8646816701021308,True,20.0,True,decay,0,101
381,6.0,2.72133386594131,1.1008256660225753,0.00580046403712297,8.0,0.8646816701021308,True,40.0,True,decay,0,101
382,8.0,2.72133386594131,1.1050457394598636,0.005787037037037037,8.0,0.8646816701021308,True,20.0,True,decay,0,101
383,6.0,2.732881210052165,1.109273883539324,0.005773672055427252,8.0,0.8646816701021308,True,40.0,True,decay,0,101
384,10.0,2.721360472724976,1.1134502736667482,0.00576036866359447,8.0,0.8646816701021308,True,0.0,True,decay,0,101
385,12.0,2.698371966977849,1.1175456785590248,0.00574712643678161,8.0,0.8646816701021308,True,-20.0,True,decay,0,101
386,4.0,2.721307746794363,1.1216790859513839,0.0057339449541284416,8.0,0.8646816701021308,True,-540.0,False,decay,0,101
387,6.0,2.7327493943916172,1.1258206548676828,0.005720823798627002,8.0,0.8646816701021308,True,40.0,True,decay,0,101
388,12.0,2.709918344163307,1.1298824438145947,0.005707762557077626,8.0,0.8646816701021308,True,-20.0,True,decay,0,101
389,6.0,2.721307865803398,1.1339525855588115,0.005694760820045558,8.0,0.8646816701021308,True,40.0,True,decay,0,101
390,8.0,2.721307865803398,1.138001961273721,0.005681818181818182,8.0,0.8646816701021308,True,20.0,True,decay,0,101
391,12.0,2.6986321288419464,1.1419730304023934,0.005668934240362812,8.0,0.8646816701021308,True,-20.0,True,decay,0,101
392,4.0,2.7212565632310866,1.1459813642420602,0.005656108597285069,8.0,0.8646816701021308,True,60.0,True,decay,0,101
393,6.0,2.7325432449466622,1.1499979765982744,0.005643340857787811,8.0,0.8646816701021308,True,40.0,True,decay,0,101
394,10.0,2.721281983685401,1.15396586550506,0.005630630630630631,8.0,0.8646816701021308,True,0.0,True,decay,0,101
395,6.0,2.7325179387415806,1.15794206720087,0.0056179775280898875,8.0,0.8646816701021308,True,40.0,True,decay,0,101
396,14.0,2.698885651746065,1.1618137847499785,0.005605381165919283,8.0,0.8646816701021308,True,-40.0,True,decay,0,101
397,10.0,2.687699969419443,1.1656380609020323,0.005592841163310961,8.0,0.8646816701021308,True,-600.0,False,decay,0,101
398,6.0,2.698860683705157,1.1694711174590402,0.005580357142857143,8.0,0.8646816701021308,True,40.0,True,decay,0,101
399,8.0,2.698860683705157,1.1732850565269854,0.005567928730512249,8.0,0.8646816701021308,True,20.0,True,decay,0,101
0,10.0,0.9,0.95,0.05,8.0,0.8646816701021308,False,0.0,True,decay,0,102
1,10.0,0.8019607843137255,0.9006535947712418,0.049019607843137254,8.0,0.8646816701021308,False,0.0,True,decay,0,102
2,6.0,0.8981146304675717,0.9000188536953243,0.04807692307692308,8.0,0.8646816701021308,False,4.0,True,decay,0,102
3,8.0,0.8981146304675717,0.8996380090497738,0.04716981132075472,8.0,0.8646816701021308,False,2.0,True,decay,0,102
4,8.0,0.8981146304675717,0.8993841126194068,0.046296296296296294,8.0,0.8646816701021308,False,2.0,True,decay,0,102
5,8.0,0.8981146304675717,0.8992027580262876,0.045454545454545456,8.0,0.8646816701021308,False,2.0,True,decay,0,102
6,6.0,0.987400344753286,0.9102274563671624,0.044642857142857144,8.0,0.8646816701021308,False,4.0,True,decay,0,102
7,14.0,0.7242424500164439,0.889562455661527,0.043859649122807015,8.0,0.8646816701021308,False,-4.0,True,decay,0,102
8,6.0,0.8104493465681681,0.8816511447521911,0.04310344827586207,8.0,0.8646816701021308,False,4.0,True,decay,0,102
9,10.0,0.7257035838563037,0.8674740937616559,0.04237288135593221,8.0,0.8646816701021308,False,0.0,True,decay,0,102
10,6.0,0.8090369171896371,0.862604329047321,0.04166666666666667,8.0,0.8646816701021308,False,4.0,True,decay,0,102
11,6.0,0.8910041303043912,0.8647889291440187,0.04098360655737705,8.0,0.8646816701021308,False,4.0,True,decay,0,102
12,12.0,0.7297138077237459,0.8551407061854278,0.040322580645161296,8.0,0.8646816701021308,False,-2.0,True,decay,0,102
13,8.0,0.7297138077237459,0.846778912954649,0.03968253968253969,8.0,0.8646816701021308,False,2.0,True,decay,0,102
14,8.0,0.7297138077237459,0.8394623438777176,0.0390625,8.0,0.8646816701021308,False,2.0,True,decay,0,102
15,12.0,0.5758676538775921,0.8239567738777103,0.038461538461538464,8.0,0.8646816701021308,False,-2.0,True,decay,0,102
16,12.0,0.4243525023624406,0.8017565365713063,0.03787878787878788,8.0,0.8646816701021308,False,-2.0,True,decay,0,102
17,6.0,0.4989793680340824,0.7858208961219787,0.03731343283582089,8.0,0.8646816701021308,False,4.0,True,decay,0,102
18,6.0,0.5725087797987882,0.7751552903058192,0.03676470588235295,8.0,0.8646816701021308,False,4.0,True,decay,0,102
19,10.0,0.5000450116828462,0.7620548008475824,0.03623188405797102,8.0,0.8646816701021308,False,0.0,True,decay,0,102
20,12.0,0.3571878688257033,0.7436517584829516,0.03571428571428572,8.0,0.8646816701021308,False,-2.0,True,decay,0,102
21,6.0,0.4276104040369709,0.7299108300287785,0.035211267605633804,8.0,0.8646816701021308,False,4.0,True,decay,0,102
22,8.0,0.4276104040369709,0.7173149789457867,0.034722222222222224,8.0,0.8646816701021308,False,2.0,True,decay,0,102
23,20.0,0.016651499927381797,0.6892884397850504,0.03424657534246576,8.0,0.8646816701021308,False,-10.0,True,decay,0,102
24,6.0,0.08421906749494937,0.6660165408508157,0.033783783783783786,8.0,0.8646816701021308,False,4.0,True,decay,0,102
25,4.0,0.2175524008282827,0.6494067578870182,0.03333333333333333,8.0,0.8646816701021308,False,6.0,True,decay,0,102
26,4.0,0.3491313481967038,0.6386826361123641,0.03289473684210526,8.0,0.8646816701021308,False,6.0,True,decay,0,102
27,8.0,0.3491313481967038,0.6286981089428586,0.03246753246753247,8.0,0.8646816701021308,False,2.0,True,decay,0,102
28,6.0,0.41323391229926787,0.6215159690547389,0.032051282051282055,8.0,0.8646816701021308,False,4.0,True,decay,0,102
29,8.0,0.41323391229926787,0.614797193030369,0.03164556962025317,8.0,0.8646816701021308,False,2.0,True,decay,0,102
30,12.0,0.28823391229926787,0.604592090507522,0.03125,8.0,0.8646816701021308,False,-2.0,True,decay,0,102
31,8.0,0.28823391229926787,0.5950054790466659,0.030864197530864196,8.0,0.8646816701021308,False,2.0,True,decay,0,102
32,10.0,0.2272583025431703,0.5841893856200925,0.03048780487804878,8.0,0.8646816701021308,False,0.0,True,decay,0,102
33,8.0,0.2272583025431703,0.5739913546750376,0.030120481927710843,8.0,0.8646816701021308,False,2.0,True,decay,0,102
34,4.0,0.3463059215907893,0.5676667593115863,0.02976190476190476,8.0,0.8646816701021308,False,6.0,True,decay,0,102
35,14.0,0.16983533335549522,0.5569145586100703,0.029411764705882353,8.0,0.8646816701021308,False,-4.0,True,decay,0,102
36,6.0,0.22797486823921614,0.548258250968732,0.029069767441860468,8.0,0.8646816701021308,False,4.0,True,decay,0,102
37,4.0,0.34291739697484835,0.5429931008663248,0.02873563218390805,8.0,0.8646816701021308,False,6.0,True,decay,0,102
38,10.0,0.28609921515666653,0.5365707537235833,0.02840909090909091,8.0,0.8646816701021308,False,-60.0,False,decay,0,102
39,6.0,0.34227899043756543,0.5318319302288024,0.02808988764044944,8.0,0.8646816701021308,False,4.0,True,decay,0,102
40,22.0,0.0,0.5191692652233547,0.02777777777777778,8.0,0.8646816701021308,False,-12.0,True,decay,0,102
41,6.0,0.054945054945054944,0.5083733533564175,0.027472527472527472,8.0,0.8646816701021308,False,4.0,True,decay,0,102
42,4.0,0.163640707118968,0.5005385204873846,0.027173913043478264,8.0,0.8646816701021308,False,6.0,True,decay,0,102
43,4.0,0.2711675888393981,0.4954413886729849,0.02688172043010753,8.0,0.8646816701021308,False,6.0,True,decay,0,102
44,4.0,0.37755056756280236,0.492878544735807,0.026595744680851068,8.0,0.8646816701021308,False,6.0,True,decay,0,102
45,6.0,0.4301821465101708,0.49154457881611263,0.026315789473684213,8.0,0.8646816701021308,False,4.0,True,decay,0,102
46,10.0,0.37809881317683747,0.4891811253652944,0.026041666666666668,8.0,0.8646816701021308,False,0.0,True,decay,0,102
47,8.0,0.37809881317683747,0.48691413940226463,0.025773195876288662,8.0,0.8646816701021308,False,2.0,True,decay,0,102
48,12.0,0.27605799685030685,0.48269701655122543,0.025510204081632654,8.0,0.8646816701021308,False,-2.0,True,decay,0,102
49,8.0,0.27605799685030685,0.4786452710668937,0.025252525252525256,8.0,0.8646816701021308,False,2.0,True,decay,0,102
50,8.0,0.27605799685030685,0.4747493619473439,0.025,8.0,0.8646816701021308,False,2.0,True,decay,0,102
51,6.0,0.32556294734535635,0.4719345239359857,0.024752475247524754,8.0,0.8646816701021308,False,4.0,True,decay,0,102
52,10.0,0.2765433395022191,0.4683161686686937,0.024509803921568627,8.0,0.8646816701021308,False,0.0,True,decay,0,102
53,6.0,0.3250870288226074,0.465712002489674,0.024271844660194174,8.0,0.8646816701021308,False,4.0,True,decay,0,102
54,10.0,0.27701010574568435,0.4623423257621027,0.02403846153846154,8.0,0.8646816701021308,False,0.0,True,decay,0,102
55,8.0,0.27701010574568435,0.4590908833056743,0.023809523809523808,8.0,0.8646816701021308,False,2.0,True,decay,0,102
56,8.0,0.27701010574568435,0.45595155955464006,0.02358490566037736,8.0,0.8646816701021308,False,2.0,True,decay,0,102
57,18.0,0.043365245932600244,0.4489585711881648,0.02336448598130841,8.0,0.8646816701021308,False,-8.0,True,decay,0,102
58,4.0,0.13595783852519283,0.44374189231044864,0.023148148148148147,8.0,0.8646816701021308,False,6.0,True,decay,0,102
59,18.0,0.0,0.4364674350594577,0.022935779816513766,8.0,0.8646816701021308,False,-8.0,True,decay,0,102
60,6.0,0.045454545454545456,0.43016077554970106,0.022727272727272728,8.0,0.8646816701021308,False,4.0,True,decay,0,102
61,8.0,0.045454545454545456,0.4240543274529526,0.022522522522522525,8.0,0.8646816701021308,False,2.0,True,decay,0,102
62,6.0,0.09009740259740259,0.41883625050208456,0.022321428571428572,8.0,0.8646816701021308,False,4.0,True,decay,0,102
63,4.0,0.17859297781864153,0.41514020015310854,0.022123893805309738,8.0,0.8646816701021308,False,6.0,True,decay,0,102
64,8.0,0.17859297781864153,0.411556151329859,0.021929824561403508,8.0,0.8646816701021308,False,2.0,True,decay,0,102
65,4.0,0.26554949955777196,0.40937694757206666,0.02173913043478261,8.0,0.8646816701021308,False,-54.0,False,decay,0,102
66,6.0,0.308652947833634,0.4078957122817956,0.021551724137931032,8.0,0.8646816701021308,False,4.0,True,decay,0,102
67,12.0,0.2231828623635485,0.40521871445689345,0.02136752136752137,8.0,0.8646816701021308,False,-2.0,True,decay,0,102
68,6.0,0.2655557437194807,0.4032235291606447,0.0211864406779661,8.0,0.8646816701021308,False,4.0,True,decay,0,102
69,6.0,0.3075725504421698,0.4018763322772859,0.02100840336134454,8.0,0.8646816701021308,False,-56.0,False,decay,0,102
70,6.0,0.3492392171088365,0.40114526123327965,0.020833333333333332,8.0,0.8646816701021308,False,4.0,True,decay,0,102
71,14.0,0.22527227496007615,0.3987360422432358,0.02066115702479339,8.0,0.8646816701021308,False,-4.0,True,decay,0,102
72,8.0,0.22527227496007615,0.3963919372799498,0.020491803278688527,8.0,0.8646816701021308,False,2.0,True,decay,0,102
73,4.0,0.30657308796820626,0.39519435262245994,0.020325203252032523,8.0,0.8646816701021308,False,6.0,True,decay,0,102
74,12.0,0.22592792667788367,0.3929671628073997,0.020161290322580648,8.0,0.8646816701021308,False,-2.0,True,decay,0,102
75,4.0,0.30592792667788365,0.391836783117406,0.02,8.0,0.8646816701021308,False,6.0,True,decay,0,102
76,12.0,0.2265628473128043,0.3897178865045265,0.019841269841269844,8.0,0.8646816701021308,False,-2.0,True,decay,0,102
77,10.0,0.18719276857264683,0.38715427741678116,0.01968503937007874,8.0,0.8646816701021308,False,0.0,True,decay,0,102
78,6.0,0.22625526857264683,0.3851430398062295,0.01953125,8.0,0.8646816701021308,False,-56.0,False,decay,0,102
79,6.0,0.26501495849512746,0.38365997707399363,0.01937984496124031,8.0,0.8646816701021308,False,4.0,True,decay,0,102
80,8.0,0.26501495849512746,0.38221308660351966,0.019230769230769232,8.0,0.8646816701021308,False,2.0,True,decay,0,102
81,4.0,0.3413508363577229,0.381720770335498,0.019083969465648856,8.0,0.8646816701021308,False,6.0,True,decay,0,102
82,6.0,0.3792296242365108,0.3816911138343196,0.01893939393939394,8.0,0.8646816701021308,False,-56.0,False,decay,0,102
83,8.0,0.3792296242365108,0.38166215513316887,0.018796992481203006,8.0,0.8646816701021308,False,2.0,True,decay,0,102
84,6.0,0.4165430570723317,0.3820677470161824,0.01865671641791045,8.0,0.8646816701021308,False,4.0,True,decay,0,102
85,8.0,0.4165430570723317,0.38246401494786225,0.018518518518518517,8.0,0.8646816701021308,False,2.0,True,decay,0,102
86,6.0,0.45330776295468467,0.3832690575388489,0.018382352941176475,8.0,0.8646816701021308,False,4.0,True,decay,0,102
87,6.0,0.4898041133196482,0.3844660806375096,0.01824817518248175,8.0,0.8646816701021308,False,4.0,True,decay,0,102
88,12.0,0.4173403452037061,0.38483135024380066,0.01811594202898551,8.0,0.8646816701021308,False,-2.0,True,decay,0,102
89,8.0,0.4173403452037061,0.3851885919466567,0.017985611510791366,8.0,0.8646816701021308,False,2.0,True,decay,0,102
90,6.0,0.4530546309179918,0.3859262662833017,0.01785714285714286,8.0,0.8646816701021308,False,4.0,True,decay,0,102
91,12.0,0.382132645102389,0.38588547465770046,0.017730496453900707,8.0,0.8646816701021308,False,-2.0,True,decay,0,102
92,12.0,0.31171010989112136,0.3850963750325241,0.017605633802816902,8.0,0.8646816701021308,False,-2.0,True,decay,0,102
93,8.0,0.31171010989112136,0.3843238880310357,0.01748251748251748,8.0,0.8646816701021308,False,2.0,True,decay,0,102
94,14.0,0.20754344322445467,0.3824824250643004,0.017361111111111112,8.0,0.8646816701021308,False,-4.0,True,decay,0,102
95,4.0,0.27650896046583395,0.3813899151199863,0.017241379310344827,8.0,0.8646816701021308,False,6.0,True,decay,0,102
96,8.0,0.27650896046583395,0.3803197012969847,0.01712328767123288,8.0,0.8646816701021308,False,2.0,True,decay,0,102
97,6.0,0.3105225659080108,0.37961467972739915,0.017006802721088437,8.0,0.8646816701021308,False,4.0,True,decay,0,102
98,6.0,0.3443063496917946,0.37926159642704305,0.016891891891891893,8.0,0.8646816701021308,False,4.0,True,decay,0,102
99,18.0,0.1765211147924657,0.3772542649257106,0.016778523489932886,8.0,0.8646816701021308,False,-8.0,True,decay,0,102
100,4.0,0.2431877814591324,0.3759398876368226,0.016666666666666666,8.0,0.8646816701021308,False,-54.0,False,decay,0,102
101,4.0,0.3094129470220463,0.3752939950094947,0.016556291390728478,8.0,0.8646816701021308,False,6.0,True,decay,0,102
102,14.0,0.2107287364957305,0.37371163675455465,0.01644736842105263,8.0,0.8646816701021308,False,-4.0,True,decay,0,102
103,4.0,0.27608821361991354,0.37278188986755806,0.016339869281045753,8.0,0.8646816701021308,False,6.0,True,decay,0,102
104,6.0,0.308555746087446,0.37217598285076453,0.016233766233766236,8.0,0.8646816701021308,False,4.0,True,decay,0,102
105,6.0,0.3408138106035751,0.37188287843723944,0.016129032258064516,8.0,0.8646816701021308,False,4.0,True,decay,0,102
106,8.0,0.3408138106035751,0.37159520188322404,0.016025641025641028,8.0,0.8646816701021308,False,2.0,True,decay,0,102
107,6.0,0.37266094436153685,0.3716049793371535,0.01592356687898089,8.0,0.8646816701021308,False,4.0,True,decay,0,102
108,8.0,0.37266094436153685,0.3716145790191933,0.015822784810126583,8.0,0.8646816701021308,False,2.0,True,decay,0,102
109,12.0,0.3097678626005306,0.37105740139379995,0.015723270440251572,8.0,0.8646816701021308,False,-2.0,True,decay,0,102
110,16.0,0.18476786260053057,0.3693941019402886,0.015625,8.0,0.8646816701021308,False,-6.0,True,decay,0,102
111,8.0,0.18476786260053057,0.367760241415158,0.015527950310559006,8.0,0.8646816701021308,False,2.0,True,decay,0,102
112,6.0,0.21563206013139477,0.3664257836845987,0.015432098765432098,8.0,0.8646816701021308,False,4.0,True,decay,0,102
113,14.0,0.12360752025409416,0.3643143205243335,0.015337423312883436,8.0,0.8646816701021308,False,-4.0,True,decay,0,102
114,6.0,0.15409532513214294,0.36250208780543525,0.01524390243902439,8.0,0.8646816701021308,False,4.0,True,decay,0,102
115,8.0,0.15409532513214294,0.3607208334236122,0.015151515151515152,8.0,0.8646816701021308,False,2.0,True,decay,0,102
116,8.0,0.15409532513214294,0.3589697697940235,0.015060240963855423,8.0,0.8646816701021308,False,2.0,True,decay,0,102
117,4.0,0.21397556465310102,0.3577513310953603,0.014970059880239523,8.0,0.8646816701021308,False,6.0,True,decay,0,102
118,4.0,0.27349937417691056,0.3570492314543732,0.014880952380952382,8.0,0.8646816701021308,False,6.0,True,decay,0,102
119,6.0,0.3030851729934786,0.3566032475001509,0.014792899408284025,8.0,0.8646816701021308,False,4.0,True,decay,0,102
120,24.0,0.06779105534641974,0.35423593444971047,0.014705882352941178,8.0,0.8646816701021308,False,-14.0,True,decay,0,102
121,6.0,0.09703082142829109,0.3521448359698615,0.014619883040935673,8.0,0.8646816701021308,False,4.0,True,decay,0,102
122,8.0,0.09703082142829109,0.3500874648848489,0.014534883720930234,8.0,0.8646816701021308,False,2.0,True,decay,0,102
123,4.0,0.15483428963638357,0.34852543948286113,0.014450867052023123,8.0,0.8646816701021308,False,6.0,True,decay,0,102
124,4.0,0.21230555400419968,0.34744432928064956,0.014367816091954025,8.0,0.8646816701021308,False,6.0,True,decay,0,102
125,4.0,0.2694484111470568,0.3468301881929835,0.014285714285714287,8.0,0.8646816701021308,False,6.0,True,decay,0,102
126,14.0,0.18422113841978408,0.3455598049916304,0.014204545454545456,8.0,0.8646816701021308,False,-64.0,False,decay,0,102
127,4.0,0.24071831356102702,0.3447470802518583,0.014124293785310734,8.0,0.8646816701021308,False,6.0,True,decay,0,102
128,6.0,0.26880820120147647,0.3441629350283938,0.01404494382022472,8.0,0.8646816701021308,False,4.0,True,decay,0,102
129,8.0,0.26880820120147647,0.34358770805261574,0.013966480446927375,8.0,0.8646816701021308,False,2.0,True,decay,0,102
130,12.0,0.21325264564592092,0.34260032121620143,0.01388888888888889,8.0,0.8646816701021308,False,-2.0,True,decay,0,102
131,4.0,0.2685012644304513,0.342043185450895,0.013812154696132598,8.0,0.8646816701021308,False,-54.0,False,decay,0,102
132,4.0,0.3234463193755063,0.34190440286824286,0.013736263736263736,8.0,0.8646816701021308,False,6.0,True,decay,0,102
133,8.0,0.3234463193755063,0.3417676763238522,0.01366120218579235,8.0,0.8646816701021308,False,2.0,True,decay,0,102
134,6.0,0.35062023241898455,0.3418327686480811,0.01358695652173913,8.0,0.8646816701021308,False,4.0,True,decay,0,102
135,8.0,0.35062023241898455,0.34189691071940154,0.013513513513513514,8.0,0.8646816701021308,False,2.0,True,decay,0,102
136,10.0,0.32373851198887704,0.341765328119905,0.013440860215053764,8.0,0.8646816701021308,False,0.0,True,decay,0,102
137,10.0,0.29700054407443854,0.3414432793138225,0.013368983957219251,8.0,0.8646816701021308,False,0.0,True,decay,0,102
138,12.0,0.24380905471273642,0.3407458919952433,0.013297872340425532,8.0,0.8646816701021308,False,-2.0,True,decay,0,102
139,4.0,0.2967191076227893,0.34043364529756637,0.013227513227513227,8.0,0.8646816701021308,False,6.0,True,decay,0,102
140,12.0,0.24408752867542088,0.33975515151853714,0.013157894736842105,8.0,0.8646816701021308,False,-2.0,True,decay,0,102
141,8.0,0.24408752867542088,0.3390861471629909,0.013089005235602096,8.0,0.8646816701021308,False,2.0,True,decay,0,102
142,4.0,0.2961708620087542,0.33878812434941985,0.013020833333333334,8.0,0.8646816701021308,False,6.0,True,decay,0,102
143,6.0,0.3220775977600495,0.3386728793384587,0.01295336787564767,8.0,0.8646816701021308,False,4.0,True,decay,0,102
144,10.0,0.29630440188376084,0.3383826842873991,0.012886597938144331,8.0,0.8646816701021308,False,0.0,True,decay,0,102
145,6.0,0.3219454275247865,0.33827086621418406,0.012820512820512822,8.0,0.8646816701021308,False,4.0,True,decay,0,102
146,12.0,0.2709250193615212,0.3378158267084228,0.012755102040816327,8.0,0.8646816701021308,False,-2.0,True,decay,0,102
147,6.0,0.2963057300214197,0.3375372354554899,0.01269035532994924,8.0,0.8646816701021308,False,4.0,True,decay,0,102
148,10.0,0.27105320476889444,0.337094008584246,0.012626262626262628,8.0,0.8646816701021308,False,0.0,True,decay,0,102
149,8.0,0.27105320476889444,0.336656652267588,0.01256281407035176,8.0,0.8646816701021308,False,2.0,True,decay,0,102
150,6.0,0.29605320476889446,0.3363895243235177,0.0125,8.0,0.8646816701021308,False,4.0,True,decay,0,102
151,6.0,0.3209288266594417,0.33628847401198775,0.012437810945273634,8.0,0.8646816701021308,False,4.0,True,decay,0,102
152,10.0,0.29617635141191695,0.33602800568341584,0.012376237623762377,8.0,0.8646816701021308,False,0.0,True,decay,0,102
153,10.0,0.27154580953999574,0.33561199151474863,0.01231527093596059,8.0,0.8646816701021308,False,0.0,True,decay,0,102
154,6.0,0.2960556134615644,0.33535842498876667,0.012254901960784314,8.0,0.8646816701021308,False,4.0,True,decay,0,102
155,14.0,0.2228848817542473,0.3346420329936423,0.012195121951219514,8.0,0.8646816701021308,False,-4.0,True,decay,0,102
156,6.0,0.24715672641444147,0.33408832852162207,0.012135922330097087,8.0,0.8646816701021308,False,4.0,True,decay,0,102
157,4.0,0.2954659051584028,0.33384542019858293,0.012077294685990338,8.0,0.8646816701021308,False,6.0,True,decay,0,102
158,10.0,0.27142744361994126,0.3334553078449664,0.01201923076923077,8.0,0.8646816701021308,False,0.0,True,decay,0,102
159,10.0,0.2475039986438647,0.3329214487816055,0.01196172248803828,8.0,0.8646816701021308,False,0.0,True,decay,0,102
160,4.0,0.2951230462629123,0.33268812530926795,0.011904761904761904,8.0,0.8646816701021308,False,6.0,True,decay,0,102
161,14.0,0.22403299886954736,0.3320215294415396,0.011848341232227487,8.0,0.8646816701021308,False,-4.0,True,decay,0,102
162,6.0,0.24761790452992472,0.3315068731920785,0.01179245283018868,8.0,0.8646816701021308,False,-56.0,False,decay,0,102
163,4.0,0.29456626133743646,0.33128299069598977,0.011737089201877935,8.0,0.8646816701021308,False,6.0,True,decay,0,102
164,8.0,0.29456626133743646,0.331061805579372,0.011682242990654205,8.0,0.8646816701021308,False,2.0,True,decay,0,102
165,18.0,0.17828719156999462,0.33014698753141164,0.011627906976744184,8.0,0.8646816701021308,False,-8.0,True,decay,0,102
166,4.0,0.2245834878662909,0.3295186333667383,0.011574074074074073,8.0,0.8646816701021308,False,6.0,True,decay,0,102
167,4.0,0.2706664371750467,0.32917039551945015,0.01152073732718894,8.0,0.8646816701021308,False,6.0,True,decay,0,102
168,6.0,0.29360221699156047,0.32896117093987437,0.011467889908256883,8.0,0.8646816701021308,False,4.0,True,decay,0,102
169,8.0,0.29360221699156047,0.32875439343140467,0.011415525114155252,8.0,0.8646816701021308,False,2.0,True,decay,0,102
170,6.0,0.3163294897188332,0.3286821556191223,0.011363636363636364,8.0,0.8646816701021308,False,4.0,True,decay,0,102
171,8.0,0.3163294897188332,0.328610752926057,0.011312217194570137,8.0,0.8646816701021308,False,2.0,True,decay,0,102
172,10.0,0.29380696719631066,0.3284107311689895,0.011261261261261262,8.0,0.8646816701021308,False,0.0,True,decay,0,102
173,10.0,0.2713854425326335,0.32808487237678174,0.011210762331838566,8.0,0.8646816701021308,False,0.0,True,decay,0,102
174,6.0,0.2937068711040621,0.3278895428240958,0.011160714285714286,8.0,0.8646816701021308,False,4.0,True,decay,0,102
175,6.0,0.31592909332628427,0.32782196966309124,0.011111111111111112,8.0,0.8646816701021308,False,4.0,True,decay,0,102
176,16.0,0.2274335181050453,0.3272579895981584,0.011061946902654869,8.0,0.8646816701021308,False,-6.0,True,decay,0,102
177,8.0,0.2274335181050453,0.326700310986465,0.011013215859030838,8.0,0.8646816701021308,False,2.0,True,decay,0,102
178,4.0,0.27129316722785235,0.3263924935211394,0.010964912280701754,8.0,0.8646816701021308,False,6.0,True,decay,0,102
179,4.0,0.3149612894985947,0.3263293376978105,0.01091703056768559,8.0,0.8646816701021308,False,6.0,True,decay,0,102
180,8.0,0.3149612894985947,0.3262668758945181,0.010869565217391306,8.0,0.8646816701021308,False,-58.0,False,decay,0,102
181,6.0,0.33660631114361633,0.326323375540688,0.010822510822510822,8.0,0.8646816701021308,False,4.0,True,decay,0,102
182,10.0,0.3150545870056853,0.3262621321247369,0.010775862068965516,8.0,0.8646816701021308,False,0.0,True,decay,0,102
183,10.0,0.29359535953787413,0.32608555497561875,0.01072961373390558,8.0,0.8646816701021308,False,0.0,True,decay,0,102
184,8.0,0.29359535953787413,0.32591087650552336,0.010683760683760686,8.0,0.8646816701021308,False,2.0,True,decay,0,102
185,8.0,0.29359535953787413,0.32573806625435947,0.010638297872340425,8.0,0.8646816701021308,False,2.0,True,decay,0,102
186,12.0,0.25122247818194193,0.32534170674333596,0.01059322033898305,8.0,0.8646816701021308,False,-2.0,True,decay,0,102
187,4.0,0.29341657100894614,0.32517279068124927,0.010548523206751054,8.0,0.8646816701021308,False,6.0,True,decay,0,102
188,12.0,0.25139976428625704,0.3247845115949598,0.01050420168067227,8.0,0.8646816701021308,False,-2.0,True,decay,0,102
189,4.0,0.29324076847035746,0.3246193611073964,0.010460251046025104,8.0,0.8646816701021308,False,6.0,True,decay,0,102
190,10.0,0.27240743513702415,0.3243474239929674,0.010416666666666666,8.0,0.8646816701021308,False,0.0,True,decay,0,102
191,8.0,0.27240743513702415,0.3240783048797242,0.01037344398340249,8.0,0.8646816701021308,False,2.0,True,decay,0,102
192,10.0,0.25174627811223077,0.32370545938092266,0.010330578512396695,8.0,0.8646816701021308,False,0.0,True,decay,0,102
193,6.0,0.2723224097994736,0.32344195656255625,0.010288065843621401,8.0,0.8646816701021308,False,-56.0,False,decay,0,102
194,6.0,0.29281421307816213,0.3232856925651869,0.010245901639344263,8.0,0.8646816701021308,False,4.0,True,decay,0,102
195,10.0,0.272406049812856,0.3230274202669517,0.01020408163265306,8.0,0.8646816701021308,False,0.0,True,decay,0,102
196,8.0,0.272406049812856,0.32277175677980985,0.010162601626016262,8.0,0.8646816701021308,False,2.0,True,decay,0,102
197,6.0,0.2926489647926131,0.32262038596580384,0.010121457489878544,8.0,0.8646816701021308,False,4.0,True,decay,0,102
198,18.0,0.19184251317970985,0.3219664966018733,0.010080645161290324,8.0,0.8646816701021308,False,-8.0,True,decay,0,102
199,10.0,0.1717621918945693,0.32121921150382704,0.010040160642570281,8.0,0.8646816701021308,False,0.0,True,decay,0,102
200,4.0,0.2117621918945693,0.32067734507011786,0.01,8.0,0.8646816701021308,True,60.0,True,decay,0,102
201,6.0,0.2316825106196689,0.3202389468708545,0.0099601593625498,8.0,0.8646816701021308,True,40.0,True,decay,0,102
202,4.0,0.2713650503022086,0.3199993689464984,0.009920634920634922,8.0,0.8646816701021308,True,60.0,True,decay,0,102
203,4.0,0.3108907420018133,0.31995493661993896,0.009881422924901186,8.0,0.8646816701021308,True,60.0,True,decay,0,102
204,4.0,0.3502608207419708,0.3201020525622789,0.00984251968503937,8.0,0.8646816701021308,True,-540.0,False,decay,0,102
205,6.0,0.3698686638792257,0.32034247097443813,0.009803921568627453,8.0,0.8646816701021308,True,40.0,True,decay,0,102
206,6.0,0.3893999138792257,0.3206744779114804,0.009765625,8.0,0.8646816701021308,True,-560.0,False,decay,0,102
207,6.0,0.4088551667975136,0.3210963950831839,0.00972762645914397,8.0,0.8646816701021308,True,40.0,True,decay,0,102
208,4.0,0.44761485671999424,0.321698863948121,0.009689922480620155,8.0,0.8646816701021308,True,60.0,True,decay,0,102
209,4.0,0.4862248953300329,0.3224786081726799,0.009652509652509654,8.0,0.8646816701021308,True,60.0,True,decay,0,102
210,6.0,0.5054556645608022,0.32334170749526536,0.009615384615384616,8.0,0.8646816701021308,True,40.0,True,decay,0,102
211,6.0,0.5246127526834076,0.32428664197971674,0.009578544061302683,8.0,0.8646816701021308,True,40.0,True,decay,0,102
212,12.0,0.48644481375210985,0.3250443904459429,0.009541984732824428,8.0,0.8646816701021308,True,-20.0,True,decay,0,102
213,10.0,0.4674334069080034,0.3257066649411153,0.009505703422053233,8.0,0.8646816701021308,True,0.0,True,decay,0,102
214,16.0,0.39167583115042764,0.32601207774763985,0.00946969696969697,8.0,0.8646816701021308,True,-60.0,True,decay,0,102
215,6.0,0.4105437556787295,0.3264016246505481,0.009433962264150945,8.0,0.8646816701021308,True,40.0,True,decay,0,102
216,4.0,0.44813774064113554,0.3269600472009636,0.009398496240601503,8.0,0.8646816701021308,True,60.0,True,decay,0,102
217,6.0,0.46686433240143516,0.32759887955347716,0.009363295880149813,8.0,0.8646816701021308,True,-560.0,False,decay,0,102
218,8.0,0.46686433240143516,0.32823190433914967,0.009328358208955223,8.0,0.8646816701021308,True,20.0,True,decay,0,102
219,6.0,0.4854516929962307,0.328943306097779,0.00929368029739777,8.0,0.8646816701021308,True,40.0,True,decay,0,102
220,4.0,0.5224887300332677,0.32981513233172266,0.009259259259259259,8.0,0.8646816701021308,True,60.0,True,decay,0,102
221,8.0,0.5224887300332677,0.3306791394963036,0.00922509225092251,8.0,0.8646816701021308,True,20.0,True,decay,0,102
222,6.0,0.5408710829744442,0.3316174963868311,0.009191176470588236,8.0,0.8646816701021308,True,40.0,True,decay,0,102
223,4.0,0.5775011196044808,0.3327103124900206,0.009157509157509158,8.0,0.8646816701021308,True,60.0,True,decay,0,102
224,4.0,0.6139974699694443,0.33395494593019504,0.009124087591240875,8.0,0.8646816701021308,True,60.0,True,decay,0,102
225,8.0,0.6139974699694443,0.3351886134369759,0.009090909090909092,8.0,0.8646816701021308,True,-580.0,False,decay,0,102
226,8.0,0.6139974699694443,0.33641145929896044,0.009057971014492754,8.0,0.8646816701021308,True,20.0,True,decay,0,102
227,4.0,0.6500985530019352,0.33778127193521795,0.009025270758122744,8.0,0.8646816701021308,True,60.0,True,decay,0,102
228,12.0,0.6141273299803525,0.3389827765354142,0.008992805755395683,8.0,0.8646816701021308,True,-20.0,True,decay,0,102
229,4.0,0.6499696238871625,0.3403290399438633,0.008960573476702509,8.0,0.8646816701021308,True,60.0,True,decay,0,102
230,4.0,0.6856839096014482,0.3418176385199736,0.008928571428571428,8.0,0.8646816701021308,True,60.0,True,decay,0,102
231,4.0,0.7212710982135478,0.34344619414097605,0.008896797153024912,8.0,0.8646816701021308,True,60.0,True,decay,0,102
232,6.0,0.7390015946674485,0.34513660183553363,0.008865248226950355,8.0,0.8646816701021308,True,40.0,True,decay,0,102
233,6.0,0.7566694391904167,0.34688780539874586,0.0088339222614841,8.0,0.8646816701021308,True,-560.0,False,decay,0,102
234,4.0,0.7918807067960505,0.34877336854025986,0.008802816901408451,8.0,0.8646816701021308,True,60.0,True,decay,0,102
235,4.0,0.8269684260942961,0.3507910692050449,0.008771929824561403,8.0,0.8646816701021308,True,60.0,True,decay,0,102
236,6.0,0.8444509435768136,0.3528652703578674,0.008741258741258742,8.0,0.8646816701021308,True,40.0,True,decay,0,102
237,6.0,0.86187254636427,0.35499500791437955,0.008710801393728223,8.0,0.8646816701021308,True,40.0,True,decay,0,102
238,4.0,0.8965947685864922,0.35725167358384674,0.008680555555555556,8.0,0.8646816701021308,True,60.0,True,decay,0,102
239,6.0,0.913895806648776,0.35956140027706224,0.00865051903114187,8.0,0.8646816701021308,True,40.0,True,decay,0,102
240,8.0,0.913895806648776,0.3618520383199206,0.008620689655172414,8.0,0.8646816701021308,True,20.0,True,decay,0,102
241,4.0,0.9482600678171609,0.3642652400873989,0.00859106529209622,8.0,0.8646816701021308,True,60.0,True,decay,0,102
242,6.0,0.9653833554883937,0.36672883892100955,0.00856164383561644,8.0,0.8646816701021308,True,40.0,True,decay,0,102
243,8.0,0.9653833554883937,0.3691723267437336,0.008532423208191127,8.0,0.8646816701021308,True,20.0,True,decay,0,102
244,4.0,0.9993969609305706,0.37173421550059066,0.008503401360544218,8.0,0.8646816701021308,True,60.0,True,decay,0,102
245,6.0,1.0163461134729435,0.3743439802697095,0.00847457627118644,8.0,0.8646816701021308,True,40.0,True,decay,0,102
246,4.0,1.0501298972567272,0.37706892348336685,0.008445945945945946,8.0,0.8646816701021308,True,60.0,True,decay,0,102
247,8.0,1.0501298972567272,0.3797719796029385,0.008417508417508417,8.0,0.8646816701021308,True,20.0,True,decay,0,102
248,4.0,1.083686944236593,0.3825876394614732,0.008389261744966443,8.0,0.8646816701021308,True,60.0,True,decay,0,102
249,8.0,1.083686944236593,0.38538086378328634,0.008361204013377926,8.0,0.8646816701021308,True,20.0,True,decay,0,102
250,4.0,1.1170202775699265,0.3882841947903762,0.008333333333333333,8.0,0.8646816701021308,True,60.0,True,decay,0,102
251,8.0,1.1170202775699265,0.3911645745642084,0.008305647840531562,8.0,0.8646816701021308,True,20.0,True,decay,0,102
252,8.0,1.1170202775699265,0.3940222741823411,0.008278145695364239,8.0,0.8646816701021308,True,20.0,True,decay,0,102
253,8.0,1.1170202775699265,0.39685756047013554,0.00825082508250825,8.0,0.8646816701021308,True,20.0,True,decay,0,102
254,4.0,1.1499150144120318,0.39979919114959606,0.008223684210526315,8.0,0.8646816701021308,True,60.0,True,decay,0,102
255,10.0,1.133521571789081,0.40265414204702593,0.00819672131147541,8.0,0.8646816701021308,True,0.0,True,decay,0,102
256,6.0,1.1498614410701267,0.4055502943688209,0.008169934640522876,8.0,0.8646816701021308,True,40.0,True,decay,0,102
257,6.0,1.1661480860212667,0.408486965379062,0.008143322475570033,8.0,0.8646816701021308,True,40.0,True,decay,0,102
258,12.0,1.1336805535537342,0.4112761714874261,0.008116883116883118,8.0,0.8646816701021308,True,-20.0,True,decay,0,102
259,4.0,1.1660430131006598,0.4141679984667872,0.008090614886731393,8.0,0.8646816701021308,True,60.0,True,decay,0,102
260,4.0,1.1983010776167888,0.41716087281468794,0.008064516129032258,8.0,0.8646816701021308,True,60.0,True,decay,0,102
261,6.0,1.2143782480347953,0.42019211758738795,0.008038585209003217,8.0,0.8646816701021308,True,40.0,True,decay,0,102
262,4.0,1.2464295300860775,0.4233218047559436,0.008012820512820514,8.0,0.8646816701021308,True,60.0,True,decay,0,102
263,4.0,1.2783784118752148,0.426548433462054,0.007987220447284346,8.0,0.8646816701021308,True,60.0,True,decay,0,102
264,8.0,1.2783784118752148,0.42975080180195313,0.007961783439490446,8.0,0.8646816701021308,True,20.0,True,decay,0,102
265,6.0,1.2942514277482307,0.432988631861677,0.007936507936507938,8.0,0.8646816701021308,True,40.0,True,decay,0,102
266,8.0,1.2942514277482307,0.43620229901050744,0.007911392405063292,8.0,0.8646816701021308,True,20.0,True,decay,0,102
267,4.0,1.3257971690731518,0.4395093431371344,0.007886435331230285,8.0,0.8646816701021308,True,60.0,True,decay,0,102
268,4.0,1.357243709953655,0.4429083593105289,0.007861635220125786,8.0,0.8646816701021308,True,60.0,True,decay,0,102
269,4.0,1.3885916723361,0.4463979656316565,0.007836990595611286,8.0,0.8646816701021308,True,60.0,True,decay,0,102
270,6.0,1.4042166723361,0.44991935793571697,0.0078125,8.0,0.8646816701021308,True,40.0,True,decay,0,102
271,6.0,1.4197929963236389,0.45347200862578263,0.007788161993769471,8.0,0.8646816701021308,True,40.0,True,decay,0,102
272,6.0,1.4353209466341978,0.45705539891048486,0.007763975155279503,8.0,0.8646816701021308,True,40.0,True,decay,0,102
273,6.0,1.4508008227951885,0.4606690186337019,0.007739938080495357,8.0,0.8646816701021308,True,40.0,True,decay,0,102
274,4.0,1.4816650203260526,0.4643682795093989,0.007716049382716049,8.0,0.8646816701021308,True,-540.0,False,decay,0,102
275,6.0,1.497049635710668,0.4680963710480317,0.007692307692307693,8.0,0.8646816701021308,True,40.0,True,decay,0,102
276,6.0,1.5123870590235513,0.47185281237168464,0.007668711656441718,8.0,0.8646816701021308,True,40.0,True,decay,0,102
277,4.0,1.542968098778903,0.4756919352620331,0.007645259938837921,8.0,0.8646816701021308,True,60.0,True,decay,0,102
278,8.0,1.542968098778903,0.479503635846022,0.007621951219512195,8.0,0.8646816701021308,True,20.0,True,decay,0,102
279,10.0,1.5277705303898452,0.4832341230152171,0.007598784194528876,8.0,0.8646816701021308,True,0.0,True,decay,0,102
280,4.0,1.5580735606928755,0.4870456103828685,0.007575757575757576,8.0,0.8646816701021308,True,60.0,True,decay,0,102
281,4.0,1.5882850410554132,0.4909369157916053,0.0075528700906344415,8.0,0.8646816701021308,True,60.0,True,decay,0,102
282,6.0,1.6033452820192686,0.4948538466586041,0.007530120481927712,8.0,0.8646816701021308,True,40.0,True,decay,0,102
283,8.0,1.6033452820192686,0.49874329029144854,0.0075075075075075074,8.0,0.8646816701021308,True,20.0,True,decay,0,102
284,6.0,1.6183153418995082,0.5026578778844837,0.007485029940119761,8.0,0.8646816701021308,True,40.0,True,decay,0,102
285,4.0,1.648166088168165,0.5066491956903502,0.007462686567164179,8.0,0.8646816701021308,True,60.0,True,decay,0,102
286,6.0,1.6630470405491173,0.5106644659849987,0.007440476190476191,8.0,0.8646816701021308,True,40.0,True,decay,0,102
287,12.0,1.6333734500446664,0.5145492721582156,0.00741839762611276,8.0,0.8646816701021308,True,-20.0,True,decay,0,102
288,4.0,1.6629592488612344,0.5185093065606398,0.007396449704142012,8.0,0.8646816701021308,True,60.0,True,decay,0,102
289,4.0,1.6924577739349806,0.5225434937337474,0.007374631268436578,8.0,0.8646816701021308,True,60.0,True,decay,0,102
290,4.0,1.721869538640863,0.5266507747094568,0.007352941176470589,8.0,0.8646816701021308,True,60.0,True,decay,0,102
291,20.0,1.6338929990514202,0.5304297584102826,0.007331378299120235,8.0,0.8646816701021308,True,-100.0,True,decay,0,102
292,10.0,1.6192731160104845,0.5341333072456574,0.007309941520467837,8.0,0.8646816701021308,True,0.0,True,decay,0,102
293,4.0,1.648427634960922,0.5379105761531667,0.007288629737609329,8.0,0.8646816701021308,True,-540.0,False,decay,0,102
294,6.0,1.6629625186818522,0.5417114273103583,0.007267441860465117,8.0,0.8646816701021308,True,40.0,True,decay,0,102
295,6.0,1.6774552723050407,0.5455354806605088,0.007246376811594203,8.0,0.8646816701021308,True,40.0,True,decay,0,102
296,4.0,1.706357006409087,0.5494308549079873,0.007225433526011561,8.0,0.8646816701021308,True,60.0,True,decay,0,102
297,8.0,1.706357006409087,0.5533001731404324,0.007204610951008645,8.0,0.8646816701021308,True,20.0,True,decay,0,102
298,4.0,1.735092638592995,0.5572394813586076,0.007183908045977012,8.0,0.8646816701021308,True,60.0,True,decay,0,102
299,8.0,1.735092638592995,0.5611526147713464,0.007163323782234957,8.0,0.8646816701021308,True,20.0,True,decay,0,102
300,4.0,1.7636640671644235,0.565134440772648,0.0071428571428571435,8.0,0.8646816701021308,True,60.0,True,decay,0,102
301,4.0,1.792154095654452,0.5691840105907398,0.007122507122507123,8.0,0.8646816701021308,True,60.0,True,decay,0,102
302,4.0,1.8205631865635428,0.5733003894590712,0.007102272727272728,8.0,0.8646816701021308,True,60.0,True,decay,0,102
303,4.0,1.8488917984615598,0.5774826563738336,0.007082152974504249,8.0,0.8646816701021308,True,60.0,True,decay,0,102
304,8.0,1.8488917984615598,0.5816375882107215,0.007062146892655367,8.0,0.8646816701021308,True,20.0,True,decay,0,102
305,10.0,1.8348072914193063,0.5857195742146583,0.007042253521126761,8.0,0.8646816701021308,True,0.0,True,decay,0,102
306,4.0,1.8628971790597557,0.5898662547498696,0.00702247191011236,8.0,0.8646816701021308,True,60.0,True,decay,0,102
307,4.0,1.8909083835415483,0.5940767470760563,0.007002801120448179,8.0,0.8646816701021308,True,60.0,True,decay,0,102
308,10.0,1.876941903094621,0.5982150217728904,0.006983240223463688,8.0,0.8646816701021308,True,-600.0,False,decay,0,102
309,6.0,1.8908694796962924,0.6023714669752165,0.006963788300835655,8.0,0.8646816701021308,True,40.0,True,decay,0,102
310,6.0,1.9047583685851812,0.6065457839675562,0.006944444444444445,8.0,0.8646816701021308,True,40.0,True,decay,0,102
311,6.0,1.9186087840976467,0.6107376785366619,0.006925207756232688,8.0,0.8646816701021308,True,40.0,True,decay,0,102
312,6.0,1.9324209387937792,0.6149468608941686,0.006906077348066299,8.0,0.8646816701021308,True,40.0,True,decay,0,102
313,4.0,1.9599691481601704,0.6192167729172353,0.006887052341597796,8.0,0.8646816701021308,True,60.0,True,decay,0,102
314,6.0,1.9737054118964341,0.6235031293697012,0.006868131868131868,8.0,0.8646816701021308,True,40.0,True,decay,0,102
315,10.0,1.9600067817594478,0.6277192292195112,0.006849315068493151,8.0,0.8646816701021308,True,0.0,True,decay,0,102
316,6.0,1.97366798394524,0.6319517724733656,0.006830601092896175,8.0,0.8646816701021308,True,-560.0,False,decay,0,102
317,4.0,2.0009159403485097,0.6362431961971121,0.0068119891008174395,8.0,0.8646816701021308,True,60.0,True,decay,0,102
318,8.0,2.0009159403485097,0.6405077985225852,0.006793478260869565,8.0,0.8646816701021308,True,20.0,True,decay,0,102
319,4.0,2.0280162113512197,0.6448302546373162,0.006775067750677507,8.0,0.8646816701021308,True,60.0,True,decay,0,102
320,6.0,2.0415297248647333,0.6491678306318114,0.006756756756756757,8.0,0.8646816701021308,True,40.0,True,decay,0,102
321,6.0,2.0550068138135202,0.6535202733042005,0.006738544474393531,8.0,0.8646816701021308,True,40.0,True,decay,0,102
322,4.0,2.0818885342436277,0.6579288173194456,0.006720430107526882,8.0,0.8646816701021308,True,60.0,True,decay,0,102
323,4.0,2.1086981857181586,0.6623927230683648,0.006702412868632708,8.0,0.8646816701021308,True,60.0,True,decay,0,102
324,4.0,2.135436153632597,0.66691126119893,0.0066844919786096255,8.0,0.8646816701021308,True,60.0,True,decay,0,102
325,4.0,2.162102820299264,0.6714837124500014,0.006666666666666667,8.0,0.8646816701021308,True,60.0,True,decay,0,102
326,4.0,2.188698564980115,0.6761093674882029,0.006648936170212766,8.0,0.8646816701021308,True,60.0,True,decay,0,102
327,6.0,2.201961164449611,0.6807472148953805,0.006631299734748011,8.0,0.8646816701021308,True,40.0,True,decay,0,102
328,6.0,2.215188677677124,0.6853970375098706,0.006613756613756613,8.0,0.8646816701021308,True,40.0,True,decay,0,102
329,6.0,2.2283812898143274,0.6900586213536908,0.006596306068601583,8.0,0.8646816701021308,True,-560.0,False,decay,0,102
330,4.0,2.2546970792880114,0.694771387793252,0.006578947368421052,8.0,0.8646816701021308,True,60.0,True,decay,0,102
331,4.0,2.2809437984481162,0.699534668305729,0.006561679790026247,8.0,0.8646816701021308,True,-540.0,False,decay,0,102
332,4.0,2.3071218089193204,0.7043478034572667,0.006544502617801047,8.0,0.8646816701021308,True,60.0,True,decay,0,102
333,6.0,2.320176639206527,0.7091711731162197,0.006527415143603134,8.0,0.8646816701021308,True,40.0,True,decay,0,102
334,14.0,2.281114139206527,0.7138495748010123,0.006510416666666667,8.0,0.8646816701021308,True,-40.0,True,decay,0,102
335,4.0,2.3070881651805526,0.7185772857516933,0.006493506493506494,8.0,0.8646816701021308,True,-540.0,False,decay,0,102
336,4.0,2.332994900931848,0.7233536692285577,0.006476683937823835,8.0,0.8646816701021308,True,60.0,True,decay,0,102
337,8.0,2.332994900931848,0.7281018734518713,0.006459948320413437,8.0,0.8646816701021308,True,20.0,True,decay,0,102
338,6.0,2.3458814988699923,0.7328600488207482,0.0064432989690721655,8.0,0.8646816701021308,True,40.0,True,decay,0,102
339,6.0,2.3587349693070103,0.737628010464403,0.006426735218508998,8.0,0.8646816701021308,True,40.0,True,decay,0,102
340,4.0,2.384375994948036,0.7424430630506124,0.006410256410256411,8.0,0.8646816701021308,True,-540.0,False,decay,0,102
341,6.0,2.397163718733202,0.7472673215219902,0.00639386189258312,8.0,0.8646816701021308,True,40.0,True,decay,0,102
342,10.0,2.3844086166923857,0.7520264531939972,0.006377551020408163,8.0,0.8646816701021308,True,0.0,True,decay,0,102
343,10.0,2.3716859703819533,0.7567211184612087,0.0063613231552162855,8.0,0.8646816701021308,True,0.0,True,decay,0,102
344,10.0,2.358995615052004,0.7613519696074248,0.00634517766497462,8.0,0.8646816701021308,True,0.0,True,decay,0,102
345,4.0,2.384312070748207,0.7660290880545163,0.006329113924050633,8.0,0.8646816701021308,True,60.0,True,decay,0,102
346,6.0,2.3969383333744694,0.7707156088744013,0.006313131313131314,8.0,0.8646816701021308,True,-560.0,False,decay,0,102
347,4.0,2.4221272502510436,0.7754474473883745,0.006297229219143577,8.0,0.8646816701021308,True,60.0,True,decay,0,102
348,4.0,2.447252878391747,0.7802240343340983,0.00628140703517588,8.0,0.8646816701021308,True,60.0,True,decay,0,102
349,8.0,2.447252878391747,0.7849734042601885,0.006265664160401002,8.0,0.8646816701021308,True,20.0,True,decay,0,102
350,4.0,2.472252878391747,0.7897668118571531,0.00625,8.0,0.8646816701021308,True,60.0,True,decay,0,102
351,10.0,2.4597840504615727,0.7944977388786955,0.006234413965087282,8.0,0.8646816701021308,True,0.0,True,decay,0,102
352,6.0,2.4722218614068465,0.7992370725581536,0.006218905472636817,8.0,0.8646816701021308,True,40.0,True,decay,0,102
353,6.0,2.484628809297665,0.8039846549151661,0.006203473945409429,8.0,0.8646816701021308,True,40.0,True,decay,0,102
354,12.0,2.4598763340501404,0.8086360360363318,0.006188118811881188,8.0,0.8646816701021308,True,-20.0,True,decay,0,102
355,4.0,2.484567692074832,0.8133305224678122,0.006172839506172839,8.0,0.8646816701021308,True,60.0,True,decay,0,102
356,6.0,2.4968829630107923,0.8180331829162564,0.006157635467980295,8.0,0.8646816701021308,True,40.0,True,decay,0,102
357,4.0,2.5214529875808167,0.8227780848791103,0.006142506142506142,8.0,0.8646816701021308,True,60.0,True,decay,0,102
358,4.0,2.5459627915023852,0.827564709064175,0.006127450980392157,8.0,0.8646816701021308,True,60.0,True,decay,0,102
359,4.0,2.5704126692529963,0.8323925427489086,0.006112469437652812,8.0,0.8646816701021308,True,60.0,True,decay,0,102
360,4.0,2.5948029131554353,0.8372610796837333,0.006097560975609757,8.0,0.8646816701021308,True,60.0,True,decay,0,102
361,6.0,2.60696836327709,0.842136306360299,0.006082725060827252,8.0,0.8646816701021308,True,40.0,True,decay,0,102
362,4.0,2.6312402079372843,0.847051426969027,0.006067961165048544,8.0,0.8646816701021308,True,60.0,True,decay,0,102
363,10.0,2.619133670407018,0.8519064468140626,0.006053268765133173,8.0,0.8646816701021308,True,-600.0,False,decay,0,102
364,6.0,2.6312109650930084,0.8567679345689231,0.006038647342995169,8.0,0.8646816701021308,True,40.0,True,decay,0,102
365,6.0,2.643259157864093,0.8616357580656402,0.006024096385542168,8.0,0.8646816701021308,True,40.0,True,decay,0,102
366,8.0,2.643259157864093,0.866477125999875,0.006009615384615385,8.0,0.8646816701021308,True,20.0,True,decay,0,102
367,4.0,2.6672399732118146,0.8713572421169804,0.005995203836930456,8.0,0.8646816701021308,True,60.0,True,decay,0,102
368,4.0,2.691163418187891,0.8762756371874424,0.00598086124401914,8.0,0.8646816701021308,True,60.0,True,decay,0,102
369,4.0,2.715029766636578,0.8812318477789495,0.005966587112171838,8.0,0.8646816701021308,True,-540.0,False,decay,0,102
370,8.0,2.715029766636578,0.8861614120769539,0.005952380952380952,8.0,0.8646816701021308,True,20.0,True,decay,0,102
371,10.0,2.7031532820760082,0.891032703953627,0.005938242280285036,8.0,0.8646816701021308,True,0.0,True,decay,0,102
372,8.0,2.7031532820760082,0.8958779461411199,0.005924170616113744,8.0,0.8646816701021308,True,20.0,True,decay,0,102
373,4.0,2.7267939440145423,0.9007603888021158,0.00591016548463357,8.0,0.8646816701021308,True,-540.0,False,decay,0,102
374,16.0,2.6796241326937875,0.9054914093975724,0.00589622641509434,8.0,0.8646816701021308,True,-60.0,True,decay,0,102
375,4.0,2.7031535444584933,0.9102597439733308,0.0058823529411764705,8.0,0.8646816701021308,True,60.0,True,decay,0,102
376,4.0,2.7266277228622493,0.9150649502666877,0.005868544600938968,8.0,0.8646816701021308,True,60.0,True,decay,0,102
377,14.0,2.6914989172416406,0.9197521111294183,0.005854800936768151,8.0,0.8646816701021308,True,-40.0,True,decay,0,102
378,8.0,2.6914989172416406,0.9244146027244505,0.005841121495327103,8.0,0.8646816701021308,True,20.0,True,decay,0,102
379,4.0,2.7148089405516638,0.9291138004615299,0.005827505827505828,8.0,0.8646816701021308,True,60.0,True,decay,0,102
380,12.0,2.6915531265981754,0.9337275159749766,0.005813953488372092,8.0,0.8646816701021308,True,-20.0,True,decay,0,102
381,4.0,2.7147549827466673,0.9383777182380881,0.00580046403712297,8.0,0.8646816701021308,True,60.0,True,decay,0,102
382,8.0,2.7147549827466673,0.943003700697746,0.005787037037037037,8.0,0.8646816701021308,True,20.0,True,decay,0,102
383,8.0,2.7147549827466673,0.9476056520796913,0.005773672055427252,8.0,0.8646816701021308,True,20.0,True,decay,0,102
384,8.0,2.7147549827466673,0.952183759153958,0.00576036866359447,8.0,0.8646816701021308,True,20.0,True,decay,0,102
385,8.0,2.7147549827466673,0.9567382067601408,0.00574712643678161,8.0,0.8646816701021308,True,20.0,True,decay,0,102
386,8.0,2.7147549827466673,0.9612691778322711,0.0057339449541284416,8.0,0.8646816701021308,True,20.0,True,decay,0,102
387,8.0,2.7147549827466673,0.9657768534233107,0.005720823798627002,8.0,0.8646816701021308,True,20.0,True,decay,0,102
388,8.0,2.7147549827466673,0.970261412729268,0.005707762557077626,8.0,0.8646816701021308,True,20.0,True,decay,0,102
389,10.0,2.7033654611065763,0.9746939039015885,0.005694760820045558,8.0,0.8646816701021308,True,0.0,True,decay,0,102
390,4.0,2.726092733833849,0.979161758059579,0.005681818181818182,8.0,0.8646816701021308,True,60.0,True,decay,0,102
391,10.0,2.7147548653531235,0.9835780255081631,0.005668934240362812,8.0,0.8646816701021308,True,0.0,True,decay,0,102
392,6.0,2.7260670825476936,0.988000586566639,0.005656108597285069,8.0,0.8646816701021308,True,40.0,True,decay,0,102
393,16.0,2.680920355685391,0.992286459399851,0.005643340857787811,8.0,0.8646816701021308,True,-60.0,True,decay,0,102
394,4.0,2.7034428782079134,0.9966075614675481,0.005630630630630631,8.0,0.8646816701021308,True,-540.0,False,decay,0,102
395,6.0,2.714678833264093,1.0009351969128795,0.0056179775280898875,8.0,0.8646816701021308,True,40.0,True,decay,0,102
396,10.0,2.7034680709322543,1.005212917701873,0.005605381165919283,8.0,0.8646816701021308,True,0.0,True,decay,0,102
397,4.0,2.725839435585498,1.0095252648644886,0.005592841163310961,8.0,0.8646816701021308,True,60.0,True,decay,0,102
398,10.0,2.7146787212997836,1.0137881485055766,0.005580357142857143,8.0,0.8646816701021308,True,0.0,True,decay,0,102
399,12.0,2.6924070063777346,1.0179742304454076,0.005567928730512249,8.0,0.8646816701021308,True,-20.0,True,decay,0,102
0,8.0,1.0,1.0,0.05,8.0,0.8646816701021308,False,2.0,True,decay,0,103
1,6.0,1.0980392156862746,1.0326797385620916,0.049019607843137254,8.0,0.8646816701021308,False,4.0,True,decay,0,103
2,12.0,0.9057315233785823,1.0009426847662142,0.04807692307692308,8.0,0.8646816701021308,False,-2.0,True,decay,0,103
3,6.0,1.0000711460200917,1.0007683770169897,0.04716981132075472,8.0,0.8646816701021308,False,-56.0,False,decay,0,103
4,16.0,0.6297007756497214,0.9389237767891117,0.046296296296296294,8.0,0.8646816701021308,False,-6.0,True,decay,0,103
5,12.0,0.44788259383153955,0.8687750363666014,0.045454545454545456,8.0,0.8646816701021308,False,-2.0,True,decay,0,103
6,6.0,0.5371683081172538,0.8273241953354329,0.044642857142857144,8.0,0.8646816701021308,False,4.0,True,decay,0,103
7,12.0,0.36172971162602574,0.7755914749232766,0.043859649122807015,8.0,0.8646816701021308,False,-2.0,True,decay,0,103
8,6.0,0.4479366081777499,0.7428259882487239,0.04310344827586207,8.0,0.8646816701021308,False,4.0,True,decay,0,103
9,8.0,0.4479366081777499,0.7160178627877264,0.04237288135593221,8.0,0.8646816701021308,False,2.0,True,decay,0,103
10,10.0,0.36460327484441657,0.6867333137924505,0.04166666666666667,8.0,0.8646816701021308,False,0.0,True,decay,0,103
11,8.0,0.36460327484441657,0.6619540800272171,0.04098360655737705,8.0,0.8646816701021308,False,2.0,True,decay,0,103
12,8.0,0.36460327484441657,0.6407147367998742,0.040322580645161296,8.0,0.8646816701021308,False,2.0,True,decay,0,103
13,6.0,0.44396835420949593,0.6275983112938489,0.03968253968253969,8.0,0.8646816701021308,False,4.0,True,decay,0,103
14,12.0,0.28771835420949593,0.6063558139760769,0.0390625,8.0,0.8646816701021308,False,-2.0,True,decay,0,103
15,6.0,0.36464143113257286,0.5921373208676354,0.038461538461538464,8.0,0.8646816701021308,False,4.0,True,decay,0,103
16,8.0,0.36464143113257286,0.5794986603267985,0.03787878787878788,8.0,0.8646816701021308,False,2.0,True,decay,0,103
17,6.0,0.43926829680421464,0.5721181148782415,0.03731343283582089,8.0,0.8646816701021308,False,4.0,True,decay,0,103
18,6.0,0.5127977085689206,0.5691520945627755,0.03676470588235295,8.0,0.8646816701021308,False,-56.0,False,decay,0,103
19,10.0,0.4403339404529786,0.5630178967480232,0.03623188405797102,8.0,0.8646816701021308,False,-60.0,False,decay,0,103
20,8.0,0.4403339404529786,0.5574413532800666,0.03571428571428572,8.0,0.8646816701021308,False,2.0,True,decay,0,103
21,10.0,0.36991140524171096,0.549287877278399,0.035211267605633804,8.0,0.8646816701021308,False,-60.0,False,decay,0,103
22,6.0,0.4393558496861554,0.5447073761287221,0.034722222222222224,8.0,0.8646816701021308,False,4.0,True,decay,0,103
23,10.0,0.37086269900122387,0.5377535890436222,0.03424657534246576,8.0,0.8646816701021308,False,0.0,True,decay,0,103
24,18.0,0.03302486116338604,0.5183409456636131,0.033783783783783786,8.0,0.8646816701021308,False,-8.0,True,decay,0,103
25,4.0,0.16635819449671937,0.5053045474722467,0.03333333333333333,8.0,0.8646816701021308,False,6.0,True,decay,0,103
26,4.0,0.2979371418651404,0.4978985687005643,0.03289473684210526,8.0,0.8646816701021308,False,6.0,True,decay,0,103
27,8.0,0.2979371418651404,0.49100334708554977,0.03246753246753247,8.0,0.8646816701021308,False,2.0,True,decay,0,103
28,8.0,0.2979371418651404,0.4845678069115361,0.032051282051282055,8.0,0.8646816701021308,False,2.0,True,decay,0,103
29,8.0,0.2979371418651404,0.47854746287778144,0.03164556962025317,8.0,0.8646816701021308,False,2.0,True,decay,0,103
30,8.0,0.2979371418651404,0.47290339034613643,0.03125,8.0,0.8646816701021308,False,2.0,True,decay,0,103
31,8.0,0.2979371418651404,0.4676013828164093,0.030864197530864196,8.0,0.8646816701021308,False,2.0,True,decay,0,103
32,10.0,0.23696153210904286,0.46081785779560436,0.03048780487804878,8.0,0.8646816701021308,False,0.0,True,decay,0,103
33,6.0,0.2972024959644646,0.4561431331718575,0.030120481927710843,8.0,0.8646816701021308,False,4.0,True,decay,0,103
34,14.0,0.11863106739303603,0.4467677980113347,0.02976190476190476,8.0,0.8646816701021308,False,-4.0,True,decay,0,103
35,6.0,0.17745459680480075,0.4394890628435905,0.029411764705882353,8.0,0.8646816701021308,False,4.0,True,decay,0,103
36,4.0,0.29373366657224265,0.4356533945206604,0.029069767441860468,8.0,0.8646816701021308,False,6.0,True,decay,0,103
37,12.0,0.17879113783661044,0.42906718281081296,0.02873563218390805,8.0,0.8646816701021308,False,-2.0,True,decay,0,103
38,4.0,0.2924275014729741,0.425651190777367,0.02840909090909091,8.0,0.8646816701021308,False,6.0,True,decay,0,103
39,8.0,0.2924275014729741,0.42240183250165014,0.02808988764044944,8.0,0.8646816701021308,False,2.0,True,decay,0,103
40,14.0,0.1257608348063074,0.41533895160414197,0.02777777777777778,8.0,0.8646816701021308,False,-4.0,True,decay,0,103
41,4.0,0.23565094469641729,0.4111601607458228,0.027472527472527472,8.0,0.8646816701021308,False,6.0,True,decay,0,103
42,4.0,0.3443465968703303,0.40964167065774343,0.027173913043478264,8.0,0.8646816701021308,False,6.0,True,decay,0,103
43,12.0,0.2368197151499002,0.4058011827575691,0.02688172043010753,8.0,0.8646816701021308,False,-2.0,True,decay,0,103
44,6.0,0.29001120451160234,0.4032840093174394,0.026595744680851068,8.0,0.8646816701021308,False,4.0,True,decay,0,103
45,12.0,0.1847480466168655,0.3986343079833846,0.026315789473684213,8.0,0.8646816701021308,False,-2.0,True,decay,0,103
46,4.0,0.2889147132835322,0.3963484830938044,0.026041666666666668,8.0,0.8646816701021308,False,6.0,True,decay,0,103
47,8.0,0.2889147132835322,0.394155957179309,0.025773195876288662,8.0,0.8646816701021308,False,2.0,True,decay,0,103
48,6.0,0.3399351214467975,0.39307154046465875,0.025510204081632654,8.0,0.8646816701021308,False,4.0,True,decay,0,103
49,6.0,0.390440171951848,0.39301994500362325,0.025252525252525256,8.0,0.8646816701021308,False,4.0,True,decay,0,103
50,10.0,0.340440171951848,0.39200879552185836,0.025,8.0,0.8646816701021308,False,0.0,True,decay,0,103
51,8.0,0.340440171951848,0.391035802624311,0.024752475247524754,8.0,0.8646816701021308,False,2.0,True,decay,0,103
52,8.0,0.340440171951848,0.39009884650074683,0.024509803921568627,8.0,0.8646816701021308,False,2.0,True,decay,0,103
53,6.0,0.38898386127223633,0.39007857404204666,0.024271844660194174,8.0,0.8646816701021308,False,4.0,True,decay,0,103
54,10.0,0.34090693819531326,0.3892005091162121,0.02403846153846154,8.0,0.8646816701021308,False,0.0,True,decay,0,103
55,6.0,0.3885259858143609,0.3891886753740744,0.023809523809523808,8.0,0.8646816701021308,False,4.0,True,decay,0,103
56,12.0,0.2941863631728514,0.3875507044740533,0.02358490566037736,8.0,0.8646816701021308,False,-2.0,True,decay,0,103
57,8.0,0.2941863631728514,0.38596825801132106,0.02336448598130841,8.0,0.8646816701021308,False,2.0,True,decay,0,103
58,14.0,0.1552974742839625,0.38212374494919843,0.023148148148148147,8.0,0.8646816701021308,False,-4.0,True,decay,0,103
59,8.0,0.1552974742839625,0.37840528149567,0.022935779816513766,8.0,0.8646816701021308,False,2.0,True,decay,0,103
60,6.0,0.20075201973850798,0.37553990630603834,0.022727272727272728,8.0,0.8646816701021308,False,4.0,True,decay,0,103
61,4.0,0.2908421098285981,0.3741954968381425,0.022522522522522525,8.0,0.8646816701021308,False,6.0,True,decay,0,103
62,8.0,0.2908421098285981,0.3728931001661184,0.022321428571428572,8.0,0.8646816701021308,False,2.0,True,decay,0,103
63,14.0,0.15809874699673968,0.3695885716558202,0.022123893805309738,8.0,0.8646816701021308,False,-4.0,True,decay,0,103
64,6.0,0.2019583961195467,0.36704872051133125,0.021929824561403508,8.0,0.8646816701021308,False,4.0,True,decay,0,103
65,4.0,0.2889149178586771,0.3658825443523364,0.02173913043478261,8.0,0.8646816701021308,False,6.0,True,decay,0,103
66,10.0,0.24581146958281505,0.3641167932527846,0.021551724137931032,8.0,0.8646816701021308,False,0.0,True,decay,0,103
67,4.0,0.3312815550529005,0.36364092023539496,0.02136752136752137,8.0,0.8646816701021308,False,6.0,True,decay,0,103
68,6.0,0.3736544364088327,0.36378397046644406,0.0211864406779661,8.0,0.8646816701021308,False,4.0,True,decay,0,103
69,10.0,0.33163762968614363,0.3633312051033412,0.02100840336134454,8.0,0.8646816701021308,False,0.0,True,decay,0,103
70,8.0,0.33163762968614363,0.36289101655588013,0.020833333333333332,8.0,0.8646816701021308,False,2.0,True,decay,0,103
71,14.0,0.2076706875373833,0.3607647106789144,0.02066115702479339,8.0,0.8646816701021308,False,-4.0,True,decay,0,103
72,12.0,0.1257034744226292,0.3575882074862619,0.020491803278688527,8.0,0.8646816701021308,False,-2.0,True,decay,0,103
73,8.0,0.1257034744226292,0.35449641104541346,0.020325203252032523,8.0,0.8646816701021308,False,2.0,True,decay,0,103
74,8.0,0.1257034744226292,0.3514859776687979,0.020161290322580648,8.0,0.8646816701021308,False,-58.0,False,decay,0,103
75,4.0,0.2057034744226292,0.34959269840586066,0.02,8.0,0.8646816701021308,False,6.0,True,decay,0,103
76,4.0,0.28506855378770857,0.348765465782551,0.019841269841269844,8.0,0.8646816701021308,False,6.0,True,decay,0,103
77,6.0,0.32443863252786603,0.34845753118439043,0.01968503937007874,8.0,0.8646816701021308,False,4.0,True,decay,0,103
78,14.0,0.20725113252786603,0.34669245120118386,0.01953125,8.0,0.8646816701021308,False,-4.0,True,decay,0,103
79,8.0,0.20725113252786603,0.3449709534397849,0.01937984496124031,8.0,0.8646816701021308,False,2.0,True,decay,0,103
80,4.0,0.28417420945094296,0.3442295297326039,0.019230769230769232,8.0,0.8646816701021308,False,6.0,True,decay,0,103
81,14.0,0.16967039265704983,0.34212640759916346,0.019083969465648856,8.0,0.8646816701021308,False,-4.0,True,decay,0,103
82,6.0,0.2075491805358377,0.3405242977531715,0.01893939393939394,8.0,0.8646816701021308,False,4.0,True,decay,0,103
83,4.0,0.28273715046064973,0.3398444489614948,0.018796992481203006,8.0,0.8646816701021308,False,6.0,True,decay,0,103
84,10.0,0.24542371762482884,0.3387465334808359,0.01865671641791045,8.0,0.8646816701021308,False,0.0,True,decay,0,103
85,4.0,0.3194977916989029,0.33852528357529643,0.018518518518518517,8.0,0.8646816701021308,False,6.0,True,decay,0,103
86,8.0,0.3194977916989029,0.3383090620767011,0.018382352941176475,8.0,0.8646816701021308,False,2.0,True,decay,0,103
87,10.0,0.2830014413339394,0.3376876281357712,0.01824817518248175,8.0,0.8646816701021308,False,0.0,True,decay,0,103
88,10.0,0.2467695572759684,0.33667742734844003,0.01811594202898551,8.0,0.8646816701021308,False,0.0,True,decay,0,103
89,4.0,0.31871200331913385,0.3364800051063597,0.017985611510791366,8.0,0.8646816701021308,False,6.0,True,decay,0,103
90,12.0,0.2472834318905624,0.3355104771366228,0.01785714285714286,8.0,0.8646816701021308,False,-2.0,True,decay,0,103
91,10.0,0.21182243898276099,0.33418049823174256,0.017730496453900707,8.0,0.8646816701021308,False,0.0,True,decay,0,103
92,4.0,0.2822449741940286,0.33362799265687326,0.017605633802816902,8.0,0.8646816701021308,False,6.0,True,decay,0,103
93,12.0,0.2123149042639587,0.33235101277905316,0.01748251748251748,8.0,0.8646816701021308,False,-2.0,True,decay,0,103
94,4.0,0.28175934870840313,0.3318240162783172,0.017361111111111112,8.0,0.8646816701021308,False,6.0,True,decay,0,103
95,8.0,0.28175934870840313,0.33130788568481295,0.017241379310344827,8.0,0.8646816701021308,False,2.0,True,decay,0,103
96,10.0,0.24751277336593738,0.33045283351829385,0.01712328767123288,8.0,0.8646816701021308,False,0.0,True,decay,0,103
97,6.0,0.28152637880811426,0.3299586269050597,0.017006802721088437,8.0,0.8646816701021308,False,4.0,True,decay,0,103
98,30.0,0.0,0.32665904063600915,0.016891891891891893,8.0,0.8646816701021308,False,-20.0,True,decay,0,103
99,8.0,0.0,0.32342479270891994,0.016778523489932886,8.0,0.8646816701021308,False,2.0,True,decay,0,103
100,8.0,0.0,0.32025396140785206,0.016666666666666666,8.0,0.8646816701021308,False,-58.0,False,decay,0,103
101,4.0,0.06622516556291391,0.31778766241906625,0.016556291390728478,8.0,0.8646816701021308,False,6.0,True,decay,0,103
102,4.0,0.13201463924712442,0.3160013833501053,0.01644736842105263,8.0,0.8646816701021308,False,6.0,True,decay,0,103
103,6.0,0.16469437780921592,0.3145603642497159,0.016339869281045753,8.0,0.8646816701021308,False,4.0,True,decay,0,103
104,4.0,0.22962944274428088,0.31375912914117404,0.016233766233766236,8.0,0.8646816701021308,False,6.0,True,decay,0,103
105,6.0,0.2618875072604099,0.3132743476282697,0.016129032258064516,8.0,0.8646816701021308,False,4.0,True,decay,0,103
106,6.0,0.29393878931169193,0.31309531468089397,0.016025641025641028,8.0,0.8646816701021308,False,4.0,True,decay,0,103
107,8.0,0.29393878931169193,0.312919566741727,0.01592356687898089,8.0,0.8646816701021308,False,2.0,True,decay,0,103
108,6.0,0.3255843589319451,0.31303470121618354,0.015822784810126583,8.0,0.8646816701021308,False,4.0,True,decay,0,103
109,10.0,0.29413781805144196,0.31286445902551013,0.015723270440251572,8.0,0.8646816701021308,False,0.0,True,decay,0,103
110,14.0,0.20038781805144196,0.3118602033025274,0.015625,8.0,0.8646816701021308,False,-4.0,True,decay,0,103
111,4.0,0.262499619293678,0.31142338397501546,0.015527950310559006,8.0,0.8646816701021308,False,6.0,True,decay,0,103
112,6.0,0.29336381682454216,0.31126496671930953,0.015432098765432098,8.0,0.8646816701021308,False,4.0,True,decay,0,103
113,12.0,0.2320141235730084,0.31057582895282,0.015337423312883436,8.0,0.8646816701021308,False,-2.0,True,decay,0,103
114,14.0,0.14055070893886207,0.3091100951595962,0.01524390243902439,8.0,0.8646816701021308,False,-64.0,False,decay,0,103
115,4.0,0.20115676954492268,0.3081874171628896,0.015151515151515152,8.0,0.8646816701021308,False,6.0,True,decay,0,103
116,8.0,0.20115676954492268,0.30728037777629663,0.015060240963855423,8.0,0.8646816701021308,False,2.0,True,decay,0,103
117,4.0,0.2610370090658808,0.30689177803923434,0.014970059880239523,8.0,0.8646816701021308,False,6.0,True,decay,0,103
118,4.0,0.3205608185896903,0.3070056867104881,0.014880952380952382,8.0,0.8646816701021308,False,6.0,True,decay,0,103
119,14.0,0.23180342213998617,0.3063841803917236,0.014792899408284025,8.0,0.8646816701021308,False,-4.0,True,decay,0,103
120,8.0,0.23180342213998617,0.3057728627011356,0.014705882352941178,8.0,0.8646816701021308,False,2.0,True,decay,0,103
121,8.0,0.23180342213998617,0.3051714851355978,0.014619883040935673,8.0,0.8646816701021308,False,2.0,True,decay,0,103
122,6.0,0.26087318958184663,0.30481424081661584,0.014534883720930234,8.0,0.8646816701021308,False,4.0,True,decay,0,103
123,6.0,0.28977492368589286,0.30469392627957004,0.014450867052023123,8.0,0.8646816701021308,False,4.0,True,decay,0,103
124,6.0,0.3185105558698009,0.3048035820699687,0.014367816091954025,8.0,0.8646816701021308,False,4.0,True,decay,0,103
125,10.0,0.28993912729837235,0.3046865391190113,0.014285714285714287,8.0,0.8646816701021308,False,0.0,True,decay,0,103
126,8.0,0.28993912729837235,0.30457132496416256,0.014204545454545456,8.0,0.8646816701021308,False,2.0,True,decay,0,103
127,14.0,0.20519336458650794,0.30380095317828926,0.014124293785310734,8.0,0.8646816701021308,False,-4.0,True,decay,0,103
128,10.0,0.1771034769460585,0.3028263572072721,0.01404494382022472,8.0,0.8646816701021308,False,0.0,True,decay,0,103
129,4.0,0.23296939873376799,0.3022930979822835,0.013966480446927375,8.0,0.8646816701021308,False,6.0,True,decay,0,103
130,12.0,0.17741384317821243,0.3013470430216466,0.01388888888888889,8.0,0.8646816701021308,False,-62.0,False,decay,0,103
131,6.0,0.20503815257047764,0.3006229160257732,0.013812154696132598,8.0,0.8646816701021308,False,4.0,True,decay,0,103
132,4.0,0.2599832075155326,0.3003196346189803,0.013736263736263736,8.0,0.8646816701021308,False,6.0,True,decay,0,103
133,4.0,0.314628016258702,0.30042562263112643,0.01366120218579235,8.0,0.8646816701021308,False,6.0,True,decay,0,103
134,16.0,0.205932364084789,0.29973081925946216,0.01358695652173913,8.0,0.8646816701021308,False,-6.0,True,decay,0,103
135,4.0,0.25998641813884305,0.2994407141417934,0.013513513513513514,8.0,0.8646816701021308,False,6.0,True,decay,0,103
136,4.0,0.3137498589990581,0.29954440359728085,0.013440860215053764,8.0,0.8646816701021308,False,-54.0,False,decay,0,103
137,12.0,0.2602739231701811,0.29926188215535926,0.013368983957219251,8.0,0.8646816701021308,False,-2.0,True,decay,0,103
138,8.0,0.2602739231701811,0.29898339673403657,0.013297872340425532,8.0,0.8646816701021308,False,2.0,True,decay,0,103
139,4.0,0.313183976080234,0.299084110062733,0.013227513227513227,8.0,0.8646816701021308,False,6.0,True,decay,0,103
140,12.0,0.2605523971328656,0.29881275997167756,0.013157894736842105,8.0,0.8646816701021308,False,-2.0,True,decay,0,103
141,6.0,0.2867304076040698,0.2987282679970789,0.013089005235602096,8.0,0.8646816701021308,False,4.0,True,decay,0,103
142,12.0,0.23464707427073647,0.2982832597073127,0.013020833333333334,8.0,0.8646816701021308,False,-2.0,True,decay,0,103
143,4.0,0.28646054577332714,0.2982017237491473,0.01295336787564767,8.0,0.8646816701021308,False,6.0,True,decay,0,103
144,10.0,0.26068734989703846,0.2979447759830369,0.012886597938144331,8.0,0.8646816701021308,False,0.0,True,decay,0,103
145,4.0,0.3119694011790897,0.29804018159661555,0.012820512820512822,8.0,0.8646816701021308,False,6.0,True,decay,0,103
146,10.0,0.28645919709745704,0.297961931701351,0.012755102040816327,8.0,0.8646816701021308,False,0.0,True,decay,0,103
147,6.0,0.31183990775735554,0.2980550724802503,0.01269035532994924,8.0,0.8646816701021308,False,4.0,True,decay,0,103
148,6.0,0.3370924330098808,0.2983153215504478,0.012626262626262628,8.0,0.8646816701021308,False,4.0,True,decay,0,103
149,20.0,0.18633866416565967,0.2975737542829989,0.01256281407035176,8.0,0.8646816701021308,False,-10.0,True,decay,0,103
150,6.0,0.21133866416565966,0.2970064181638059,0.0125,8.0,0.8646816701021308,False,4.0,True,decay,0,103
151,8.0,0.21133866416565966,0.2964464982030337,0.012437810945273634,8.0,0.8646816701021308,False,2.0,True,decay,0,103
152,4.0,0.26084361466070916,0.296215310647564,0.012376237623762377,8.0,0.8646816701021308,False,6.0,True,decay,0,103
153,4.0,0.3101046984045515,0.29630491960083494,0.01231527093596059,8.0,0.8646816701021308,False,6.0,True,decay,0,103
154,12.0,0.26108509056141427,0.29607915146596686,0.012254901960784314,8.0,0.8646816701021308,False,-2.0,True,decay,0,103
155,4.0,0.3098655783662923,0.29616696310227464,0.012195121951219514,8.0,0.8646816701021308,False,6.0,True,decay,0,103
156,10.0,0.28559373370609814,0.2961000439288811,0.012135922330097087,8.0,0.8646816701021308,False,0.0,True,decay,0,103
157,14.0,0.21312996559015612,0.2955782195368137,0.012077294685990338,8.0,0.8646816701021308,False,-4.0,True,decay,0,103
158,8.0,0.21312996559015612,0.29506291794964706,0.01201923076923077,8.0,0.8646816701021308,False,2.0,True,decay,0,103
159,10.0,0.18920652061407955,0.29440542479849446,0.01196172248803828,8.0,0.8646816701021308,False,0.0,True,decay,0,103
160,4.0,0.23682556823312717,0.294049993585128,0.011904761904761904,8.0,0.8646816701021308,False,6.0,True,decay,0,103
161,4.0,0.2842189331620371,0.29398968033099865,0.011848341232227487,8.0,0.8646816701021308,False,6.0,True,decay,0,103
162,14.0,0.21346421618090503,0.29349867140325414,0.01179245283018868,8.0,0.8646816701021308,False,-64.0,False,decay,0,103
163,14.0,0.14304168096963743,0.29258681085517163,0.011737089201877935,8.0,0.8646816701021308,False,-4.0,True,decay,0,103
164,6.0,0.16640616695094584,0.2918266864943028,0.011682242990654205,8.0,0.8646816701021308,False,4.0,True,decay,0,103
165,8.0,0.16640616695094584,0.29107566541919294,0.011627906976744184,8.0,0.8646816701021308,False,-58.0,False,decay,0,103
166,4.0,0.21270246324724212,0.2906091582634075,0.011574074074074073,8.0,0.8646816701021308,False,6.0,True,decay,0,103
167,8.0,0.21270246324724212,0.2901481719023651,0.01152073732718894,8.0,0.8646816701021308,False,2.0,True,decay,0,103
168,4.0,0.25857402288026965,0.2899624416139998,0.011467889908256883,8.0,0.8646816701021308,False,6.0,True,decay,0,103
169,4.0,0.30423612333689065,0.2900459134369407,0.011415525114155252,8.0,0.8646816701021308,False,6.0,True,decay,0,103
170,10.0,0.28150885060961794,0.2899962793507353,0.011363636363636364,8.0,0.8646816701021308,False,0.0,True,decay,0,103
171,6.0,0.30413328499875825,0.29007799614638863,0.011312217194570137,8.0,0.8646816701021308,False,4.0,True,decay,0,103
172,14.0,0.23656571743119068,0.28977045431469206,0.011261261261261262,8.0,0.8646816701021308,False,-4.0,True,decay,0,103
173,4.0,0.2814087667585449,0.28972267324294265,0.011210762331838566,8.0,0.8646816701021308,False,-54.0,False,decay,0,103
174,14.0,0.21444448104425923,0.2892949562418138,0.011160714285714286,8.0,0.8646816701021308,False,-4.0,True,decay,0,103
175,4.0,0.2588889254887037,0.28912317075733296,0.011111111111111112,8.0,0.8646816701021308,False,6.0,True,decay,0,103
176,4.0,0.30313671309932316,0.2892018985232992,0.011061946902654869,8.0,0.8646816701021308,False,6.0,True,decay,0,103
177,12.0,0.2590838496631998,0.2890336412670975,0.011013215859030838,8.0,0.8646816701021308,False,-2.0,True,decay,0,103
178,4.0,0.3029434987860068,0.28911091825331364,0.010964912280701754,8.0,0.8646816701021308,False,6.0,True,decay,0,103
179,16.0,0.21560725424452207,0.2887048206621049,0.01091703056768559,8.0,0.8646816701021308,False,-6.0,True,decay,0,103
180,6.0,0.2373463846793047,0.2884226314534082,0.010869565217391306,8.0,0.8646816701021308,False,4.0,True,decay,0,103
181,4.0,0.28063642796934796,0.288380083893386,0.010822510822510822,8.0,0.8646816701021308,False,6.0,True,decay,0,103
182,12.0,0.23753297969348589,0.28810374093577784,0.010775862068965516,8.0,0.8646816701021308,False,-2.0,True,decay,0,103
183,4.0,0.2804514346291082,0.28806237711790394,0.01072961373390558,8.0,0.8646816701021308,False,-54.0,False,decay,0,103
184,12.0,0.23771639189406546,0.28779169977799085,0.010683760683760686,8.0,0.8646816701021308,False,-2.0,True,decay,0,103
185,4.0,0.28026958338342717,0.2877514745566295,0.010638297872340425,8.0,0.8646816701021308,False,6.0,True,decay,0,103
186,8.0,0.28026958338342717,0.28771167726315505,0.01059322033898305,8.0,0.8646816701021308,False,2.0,True,decay,0,103
187,12.0,0.23807549055642296,0.2874490519366644,0.010548523206751054,8.0,0.8646816701021308,False,-2.0,True,decay,0,103
188,4.0,0.28009229727911206,0.2874103321753089,0.01050420168067227,8.0,0.8646816701021308,False,6.0,True,decay,0,103
189,6.0,0.30101279937116227,0.28748154928104636,0.010460251046025104,8.0,0.8646816701021308,False,4.0,True,decay,0,103
190,10.0,0.28017946603782895,0.28744351759748793,0.010416666666666666,8.0,0.8646816701021308,False,0.0,True,decay,0,103
191,12.0,0.238685690104219,0.2871908863669529,0.01037344398340249,8.0,0.8646816701021308,False,-62.0,False,decay,0,103
192,6.0,0.2593468471290124,0.2870473603914996,0.010330578512396695,8.0,0.8646816701021308,False,4.0,True,decay,0,103
193,6.0,0.2799229788162552,0.2870108251013701,0.010288065843621401,8.0,0.8646816701021308,False,4.0,True,decay,0,103
194,10.0,0.25943117553756667,0.2868701126035956,0.010245901639344263,8.0,0.8646816701021308,False,0.0,True,decay,0,103
195,6.0,0.2798393388028728,0.2868344233964853,0.01020408163265306,8.0,0.8646816701021308,False,4.0,True,decay,0,103
196,10.0,0.2595141355508403,0.2866964421447396,0.010162601626016262,8.0,0.8646816701021308,False,0.0,True,decay,0,103
197,8.0,0.2595141355508403,0.2865598476392426,0.010121457489878544,8.0,0.8646816701021308,False,2.0,True,decay,0,103
198,4.0,0.2998367161960016,0.2866262319820264,0.010080645161290324,8.0,0.8646816701021308,False,6.0,True,decay,0,103
199,6.0,0.3199170374811422,0.286791857880032,0.010040160642570281,8.0,0.8646816701021308,False,4.0,True,decay,0,103
200,4.0,0.3599170374811422,0.2871538637196414,0.01,8.0,0.8646816701021308,True,60.0,True,decay,0,103
201,4.0,0.3997576749313414,0.28770856229703895,0.0099601593625498,8.0,0.8646816701021308,True,60.0,True,decay,0,103
202,6.0,0.4195989447726112,0.2883550837797623,0.009920634920634922,8.0,0.8646816701021308,True,40.0,True,decay,0,103
203,4.0,0.45912463647221596,0.2891881059880182,0.009881422924901186,8.0,0.8646816701021308,True,60.0,True,decay,0,103
204,4.0,0.49849471521237343,0.29020415748910733,0.00984251968503937,8.0,0.8646816701021308,True,60.0,True,decay,0,103
205,4.0,0.5377104014868832,0.2913998398272608,0.009803921568627453,8.0,0.8646816701021308,True,-540.0,False,decay,0,103
206,4.0,0.5767729014868832,0.2927718257006244,0.009765625,8.0,0.8646816701021308,True,60.0,True,decay,0,103
207,6.0,0.5962281544051712,0.29422376985710547,0.00972762645914397,8.0,0.8646816701021308,True,40.0,True,decay,0,103
208,8.0,0.5962281544051712,0.295661885974001,0.009689922480620155,8.0,0.8646816701021308,True,20.0,True,decay,0,103
209,6.0,0.6155331737101905,0.2971778636409972,0.009652509652509654,8.0,0.8646816701021308,True,40.0,True,decay,0,103
210,6.0,0.6347639429409597,0.2987702508075064,0.009615384615384616,8.0,0.8646816701021308,True,40.0,True,decay,0,103
211,4.0,0.6730781191861704,0.30052756474355646,0.009578544061302683,8.0,0.8646816701021308,True,60.0,True,decay,0,103
212,6.0,0.6921620886518193,0.30235763261228665,0.009541984732824428,8.0,0.8646816701021308,True,40.0,True,decay,0,103
213,4.0,0.7301849023400322,0.3043475268900901,0.009505703422053233,8.0,0.8646816701021308,True,60.0,True,decay,0,103
214,8.0,0.7301849023400322,0.3063189962208768,0.00946969696969697,8.0,0.8646816701021308,True,20.0,True,decay,0,103
215,6.0,0.7490528268683341,0.30835924428837663,0.009433962264150945,8.0,0.8646816701021308,True,40.0,True,decay,0,103
216,4.0,0.7866468118307401,0.31055322395600216,0.009398496240601503,8.0,0.8646816701021308,True,60.0,True,decay,0,103
217,6.0,0.8053734035910398,0.31281267683104796,0.009363295880149813,8.0,0.8646816701021308,True,40.0,True,decay,0,103
218,8.0,0.8053734035910398,0.31505158922541154,0.009328358208955223,8.0,0.8646816701021308,True,-580.0,False,decay,0,103
219,4.0,0.8425481247806309,0.31743845137724513,0.00929368029739777,8.0,0.8646816701021308,True,60.0,True,decay,0,103
220,8.0,0.8425481247806309,0.3198038102664496,0.009259259259259259,8.0,0.8646816701021308,True,20.0,True,decay,0,103
221,6.0,0.8609983092824759,0.32223069142795646,0.00922509225092251,8.0,0.8646816701021308,True,40.0,True,decay,0,103
222,8.0,0.8609983092824759,0.3246359040076641,0.009191176470588236,8.0,0.8646816701021308,True,20.0,True,decay,0,103
223,4.0,0.8976283459125125,0.32718253708279676,0.009157509157509158,8.0,0.8646816701021308,True,60.0,True,decay,0,103
224,6.0,0.9158765210949943,0.3297873777200189,0.009124087591240875,8.0,0.8646816701021308,True,40.0,True,decay,0,103
225,6.0,0.9340583392768125,0.3324493643348066,0.009090909090909092,8.0,0.8646816701021308,True,40.0,True,decay,0,103
226,8.0,0.9340583392768125,0.3350880001898154,0.009057971014492754,8.0,0.8646816701021308,True,20.0,True,decay,0,103
227,4.0,0.9701594223093034,0.3378612378409922,0.009025270758122744,8.0,0.8646816701021308,True,60.0,True,decay,0,103
228,6.0,0.9881450338200948,0.34068855869307524,0.008992805755395683,8.0,0.8646816701021308,True,40.0,True,decay,0,103
229,4.0,1.0239873277269047,0.343646562022226,0.008960573476702509,8.0,0.8646816701021308,True,60.0,True,decay,0,103
230,4.0,1.0597016134411905,0.3467330062093767,0.008928571428571428,8.0,0.8646816701021308,True,60.0,True,decay,0,103
231,6.0,1.0774952077472404,0.3498693246709126,0.008896797153024912,8.0,0.8646816701021308,True,-560.0,False,decay,0,103
232,4.0,1.1129562006550417,0.3531303796964858,0.008865248226950355,8.0,0.8646816701021308,True,60.0,True,decay,0,103
233,6.0,1.1306240451780099,0.3564388633793859,0.0088339222614841,8.0,0.8646816701021308,True,40.0,True,decay,0,103
234,6.0,1.1482296789808268,0.3597939092082056,0.008802816901408451,8.0,0.8646816701021308,True,40.0,True,decay,0,103
235,14.0,1.0955981000334585,0.3628985682412235,0.008771929824561403,8.0,0.8646816701021308,True,-40.0,True,decay,0,103
236,6.0,1.113080617515976,0.3660505936583443,0.008741258741258742,8.0,0.8646816701021308,True,-560.0,False,decay,0,103
237,4.0,1.1479238230908888,0.36932202976475664,0.008710801393728223,8.0,0.8646816701021308,True,-540.0,False,decay,0,103
238,10.0,1.1305627119797776,0.3724938659406526,0.008680555555555556,8.0,0.8646816701021308,True,-600.0,False,decay,0,103
239,8.0,1.1305627119797776,0.37563937982463236,0.00865051903114187,8.0,0.8646816701021308,True,20.0,True,decay,0,103
240,4.0,1.1650454706004674,0.3789013884642019,0.008620689655172414,8.0,0.8646816701021308,True,60.0,True,decay,0,103
241,4.0,1.1994097317688523,0.3822779660086655,0.00859106529209622,8.0,0.8646816701021308,True,60.0,True,decay,0,103
242,4.0,1.233656307111318,0.3857672215049878,0.00856164383561644,8.0,0.8646816701021308,True,-540.0,False,decay,0,103
243,8.0,1.233656307111318,0.3892279932829728,0.008532423208191127,8.0,0.8646816701021308,True,20.0,True,decay,0,103
244,4.0,1.267669912553495,0.3927988953938286,0.008503401360544218,8.0,0.8646816701021308,True,60.0,True,decay,0,103
245,8.0,1.267669912553495,0.396340883317552,0.00847457627118644,8.0,0.8646816701021308,True,20.0,True,decay,0,103
246,4.0,1.3014536963372787,0.39999053175714766,0.008445945945945946,8.0,0.8646816701021308,True,60.0,True,decay,0,103
247,4.0,1.3351237300073124,0.4037460867702005,0.008417508417508417,8.0,0.8646816701021308,True,60.0,True,decay,0,103
248,4.0,1.3686807769871783,0.40760582553106844,0.008389261744966443,8.0,0.8646816701021308,True,60.0,True,decay,0,103
249,4.0,1.40212559304069,0.4115680556805092,0.008361204013377926,8.0,0.8646816701021308,True,60.0,True,decay,0,103
250,4.0,1.4354589263740234,0.41563111469119773,0.008333333333333333,8.0,0.8646816701021308,True,60.0,True,decay,0,103
251,4.0,1.4686815177361496,0.41979336924868765,0.008305647840531562,8.0,0.8646816701021308,True,60.0,True,decay,0,103
252,6.0,1.485237809126878,0.42398803239781435,0.008278145695364239,8.0,0.8646816701021308,True,40.0,True,decay,0,103
253,4.0,1.518241109456911,0.42827922093530096,0.00825082508250825,8.0,0.8646816701021308,True,60.0,True,decay,0,103
254,4.0,1.5511358462990164,0.432665379628128,0.008223684210526315,8.0,0.8646816701021308,True,60.0,True,decay,0,103
255,6.0,1.5675292889219672,0.4370811925047577,0.00819672131147541,8.0,0.8646816701021308,True,40.0,True,decay,0,103
256,4.0,1.6002090274840588,0.4415894399271581,0.008169934640522876,8.0,0.8646816701021308,True,60.0,True,decay,0,103
257,4.0,1.632782317386339,0.4461886402262283,0.008143322475570033,8.0,0.8646816701021308,True,60.0,True,decay,0,103
258,6.0,1.649016083620105,0.4508148996238971,0.008116883116883118,8.0,0.8646816701021308,True,40.0,True,decay,0,103
259,6.0,1.6651973133935678,0.45546770580692264,0.008090614886731393,8.0,0.8646816701021308,True,40.0,True,decay,0,103
260,6.0,1.6813263456516323,0.46014655557732226,0.008064516129032258,8.0,0.8646816701021308,True,40.0,True,decay,0,103
261,4.0,1.713480686487645,0.4649120845921904,0.008038585209003217,8.0,0.8646816701021308,True,60.0,True,decay,0,103
262,4.0,1.7455319685389272,0.469762917485928,0.008012820512820514,8.0,0.8646816701021308,True,60.0,True,decay,0,103
263,8.0,1.7455319685389272,0.4745771403200903,0.007987220447284346,8.0,0.8646816701021308,True,20.0,True,decay,0,103
264,4.0,1.777379102296889,0.4794748920568452,0.007961783439490446,8.0,0.8646816701021308,True,60.0,True,decay,0,103
265,8.0,1.777379102296889,0.48433595651467304,0.007936507936507938,8.0,0.8646816701021308,True,20.0,True,decay,0,103
266,8.0,1.777379102296889,0.48916074437206936,0.007911392405063292,8.0,0.8646816701021308,True,20.0,True,decay,0,103
267,4.0,1.8089248436218102,0.4940669306146334,0.007886435331230285,8.0,0.8646816701021308,True,60.0,True,decay,0,103
268,10.0,1.7932015731815585,0.49887854040191837,0.007861635220125786,8.0,0.8646816701021308,True,0.0,True,decay,0,103
269,4.0,1.8245495355640036,0.5037703152918154,0.007836990595611286,8.0,0.8646816701021308,True,-540.0,False,decay,0,103
270,6.0,1.8401745355640036,0.5086835661016397,0.0078125,8.0,0.8646816701021308,True,40.0,True,decay,0,103
271,6.0,1.8557508595515424,0.513617878531859,0.007788161993769471,8.0,0.8646816701021308,True,40.0,True,decay,0,103
272,6.0,1.8712788098621014,0.5185728454345242,0.007763975155279503,8.0,0.8646816701021308,True,40.0,True,decay,0,103
273,6.0,1.886758686023092,0.5235480666730281,0.007739938080495357,8.0,0.8646816701021308,True,40.0,True,decay,0,103
274,4.0,1.9176228835539562,0.5285990623863647,0.007716049382716049,8.0,0.8646816701021308,True,60.0,True,decay,0,103
275,4.0,1.948392114323187,0.5337246690720572,0.007692307692307693,8.0,0.8646816701021308,True,60.0,True,decay,0,103
276,4.0,1.979066960948954,0.5389237420644202,0.007668711656441718,8.0,0.8646816701021308,True,60.0,True,decay,0,103
277,16.0,1.9179048814382507,0.5438663267933587,0.007645259938837921,8.0,0.8646816701021308,True,-60.0,True,decay,0,103
278,10.0,1.9026609789992264,0.548719164836951,0.007621951219512195,8.0,0.8646816701021308,True,-600.0,False,decay,0,103
279,8.0,1.9026609789992264,0.5535374631079911,0.007598784194528876,8.0,0.8646816701021308,True,-580.0,False,decay,0,103
280,10.0,1.8875094638477112,0.5582678602737349,0.007575757575757576,8.0,0.8646816701021308,True,0.0,True,decay,0,103
281,4.0,1.917720944210249,0.5630715814183869,0.0075528700906344415,8.0,0.8646816701021308,True,60.0,True,decay,0,103
282,4.0,1.9478414261379597,0.5679475315758502,0.007530120481927712,8.0,0.8646816701021308,True,60.0,True,decay,0,103
283,8.0,1.9478414261379597,0.572789264539226,0.0075075075075075074,8.0,0.8646816701021308,True,20.0,True,decay,0,103
284,6.0,1.9628114860181993,0.5776494820968447,0.007485029940119761,8.0,0.8646816701021308,True,40.0,True,decay,0,103
285,6.0,1.9777368591525277,0.5825278353270039,0.007462686567164179,8.0,0.8646816701021308,True,40.0,True,decay,0,103
286,4.0,2.0074987639144326,0.5874756510512659,0.007440476190476191,8.0,0.8646816701021308,True,60.0,True,decay,0,103
287,4.0,2.0371723544188836,0.592491902620012,0.00741839762611276,8.0,0.8646816701021308,True,60.0,True,decay,0,103
288,4.0,2.0667581532354515,0.597575579346272,0.007396449704142012,8.0,0.8646816701021308,True,60.0,True,decay,0,103
289,6.0,2.081507415772325,0.6026750014645746,0.007374631268436578,8.0,0.8646816701021308,True,-560.0,False,decay,0,103
290,6.0,2.096213298125266,0.6077898586449195,0.007352941176470589,8.0,0.8646816701021308,True,40.0,True,decay,0,103
291,6.0,2.1108760547235064,0.6129198456622525,0.007331378299120235,8.0,0.8646816701021308,True,40.0,True,decay,0,103
292,8.0,2.1108760547235064,0.6180149348087195,0.007309941520467837,8.0,0.8646816701021308,True,20.0,True,decay,0,103
293,4.0,2.140030573673944,0.6231743098557203,0.007288629737609329,8.0,0.8646816701021308,True,-540.0,False,decay,0,103
294,6.0,2.154565457394874,0.6283479285974066,0.007267441860465117,8.0,0.8646816701021308,True,40.0,True,decay,0,103
295,6.0,2.1690582110180623,0.6335355053058938,0.007246376811594203,8.0,0.8646816701021308,True,40.0,True,decay,0,103
296,6.0,2.1835090780700854,0.6387367589057735,0.007225433526011561,8.0,0.8646816701021308,True,40.0,True,decay,0,103
297,4.0,2.21232752187412,0.6439996042668718,0.007204610951008645,8.0,0.8646816701021308,True,60.0,True,decay,0,103
298,6.0,2.226695337966074,0.6492752567125357,0.007183908045977012,8.0,0.8646816701021308,True,40.0,True,decay,0,103
299,10.0,2.212368690401604,0.6544682581533632,0.007163323782234957,8.0,0.8646816701021308,True,0.0,True,decay,0,103
300,4.0,2.2409401189730325,0.6597214762355476,0.0071428571428571435,8.0,0.8646816701021308,True,-540.0,False,decay,0,103
301,4.0,2.269430147463061,0.6650340461075855,0.007122507122507123,8.0,0.8646816701021308,True,60.0,True,decay,0,103
302,10.0,2.2552256020085157,0.6702649393835755,0.007102272727272728,8.0,0.8646816701021308,True,0.0,True,decay,0,103
303,4.0,2.2835542139065326,0.6755544124147983,0.007082152974504249,8.0,0.8646816701021308,True,60.0,True,decay,0,103
304,4.0,2.311802801477154,0.6809016293725184,0.007062146892655367,8.0,0.8646816701021308,True,60.0,True,decay,0,103
305,4.0,2.339971815561661,0.6863057667868152,0.007042253521126761,8.0,0.8646816701021308,True,60.0,True,decay,0,103
306,4.0,2.3680617032021107,0.6917660133336181,0.00702247191011236,8.0,0.8646816701021308,True,60.0,True,decay,0,103
307,4.0,2.3960729076839034,0.6972815696260138,0.007002801120448179,8.0,0.8646816701021308,True,60.0,True,decay,0,103
308,6.0,2.410039388130831,0.7028065948469971,0.006983240223463688,8.0,0.8646816701021308,True,40.0,True,decay,0,103
309,4.0,2.4378945413341735,0.7083856557681778,0.006963788300835655,8.0,0.8646816701021308,True,60.0,True,decay,0,103
310,10.0,2.4240056524452847,0.7138844378088095,0.006944444444444445,8.0,0.8646816701021308,True,0.0,True,decay,0,103
311,4.0,2.4517064834702156,0.7194365849195489,0.006925207756232688,8.0,0.8646816701021308,True,-540.0,False,decay,0,103
312,8.0,2.4517064834702156,0.7249533680359522,0.006906077348066299,8.0,0.8646816701021308,True,20.0,True,decay,0,103
313,4.0,2.479254692836607,0.730522578590875,0.006887052341597796,8.0,0.8646816701021308,True,-540.0,False,decay,0,103
314,6.0,2.4929909565728705,0.7361000101667673,0.006868131868131868,8.0,0.8646816701021308,True,40.0,True,decay,0,103
315,4.0,2.520388216846843,0.741728679588471,0.006849315068493151,8.0,0.8646816701021308,True,60.0,True,decay,0,103
316,4.0,2.5477106212184277,0.7474078680841627,0.006830601092896175,8.0,0.8646816701021308,True,60.0,True,decay,0,103
317,4.0,2.5749585776216977,0.753136867173622,0.0068119891008174395,8.0,0.8646816701021308,True,60.0,True,decay,0,103
318,10.0,2.5613716210999584,0.7587876007796418,0.006793478260869565,8.0,0.8646816701021308,True,0.0,True,decay,0,103
319,8.0,2.5613716210999584,0.7644031273226958,0.006775067750677507,8.0,0.8646816701021308,True,20.0,True,decay,0,103
320,4.0,2.5883986481269856,0.770067709685442,0.006756756756756757,8.0,0.8646816701021308,True,60.0,True,decay,0,103
321,6.0,2.6018757370757726,0.7757389419683842,0.006738544474393531,8.0,0.8646816701021308,True,40.0,True,decay,0,103
322,6.0,2.6153165972908266,0.7814166507811078,0.006720430107526882,8.0,0.8646816701021308,True,40.0,True,decay,0,103
323,4.0,2.6421262487653574,0.7871419110825978,0.006702412868632708,8.0,0.8646816701021308,True,60.0,True,decay,0,103
324,6.0,2.6554952327225765,0.7928730562410027,0.0066844919786096255,8.0,0.8646816701021308,True,40.0,True,decay,0,103
325,8.0,2.6554952327225765,0.7985691485238209,0.006666666666666667,8.0,0.8646816701021308,True,20.0,True,decay,0,103
326,4.0,2.6820909774034276,0.8043115931240636,0.006648936170212766,8.0,0.8646816701021308,True,60.0,True,decay,0,103
327,4.0,2.7086161763424195,0.8100997529514752,0.006631299734748011,8.0,0.8646816701021308,True,60.0,True,decay,0,103
328,4.0,2.735071202797446,0.8159329997691902,0.006613756613756613,8.0,0.8646816701021308,True,60.0,True,decay,0,103
329,22.0,2.6427229178370237,0.821452002542809,0.006596306068601583,8.0,0.8646816701021308,True,-120.0,True,decay,0,103
330,6.0,2.6558808125738658,0.8269773905248302,0.006578947368421052,8.0,0.8646816701021308,True,40.0,True,decay,0,103
331,6.0,2.6690041721539184,0.8325090024816743,0.006561679790026247,8.0,0.8646816701021308,True,40.0,True,decay,0,103
332,4.0,2.6951821826251225,0.8380858682904869,0.006544502617801047,8.0,0.8646816701021308,True,60.0,True,decay,0,103
333,6.0,2.708237012912329,0.8436684090207014,0.006527415143603134,8.0,0.8646816701021308,True,40.0,True,decay,0,103
334,4.0,2.7342786795789955,0.8492952253021249,0.006510416666666667,8.0,0.8646816701021308,True,-540.0,False,decay,0,103
335,22.0,2.6433695886699047,0.8546188881014358,0.006493506493506494,8.0,0.8646816701021308,True,-120.0,True,decay,0,103
336,4.0,2.6692763244212,0.8599876970846304,0.006476683937823835,8.0,0.8646816701021308,True,60.0,True,decay,0,103
337,4.0,2.6951161177028538,0.8654010552575455,0.006459948320413437,8.0,0.8646816701021308,True,60.0,True,decay,0,103
338,6.0,2.708002715640998,0.8708204719057322,0.0064432989690721655,8.0,0.8646816701021308,True,40.0,True,decay,0,103
339,4.0,2.733709656515034,0.8762834900424163,0.006426735218508998,8.0,0.8646816701021308,True,60.0,True,decay,0,103
340,8.0,2.733709656515034,0.881714560704617,0.006410256410256411,8.0,0.8646816701021308,True,20.0,True,decay,0,103
341,10.0,2.7209219327298677,0.8870766813227664,0.00639386189258312,8.0,0.8646816701021308,True,0.0,True,decay,0,103
342,12.0,2.695411728648235,0.8923334692510382,0.006377551020408163,8.0,0.8646816701021308,True,-20.0,True,decay,0,103
343,4.0,2.7208570212691003,0.8976335375177572,0.0063613231552162855,8.0,0.8646816701021308,True,60.0,True,decay,0,103
344,8.0,2.7208570212691003,0.9029029695517208,0.00634517766497462,8.0,0.8646816701021308,True,-580.0,False,decay,0,103
345,8.0,2.7208570212691003,0.9081420302194942,0.006329113924050633,8.0,0.8646816701021308,True,20.0,True,decay,0,103
346,6.0,2.733483283895363,0.9133872637070685,0.006313131313131314,8.0,0.8646816701021308,True,40.0,True,decay,0,103
347,12.0,2.7082943670187887,0.9185302640030906,0.006297229219143577,8.0,0.8646816701021308,True,-20.0,True,decay,0,103
348,4.0,2.733419995159492,0.9237156632349659,0.00628140703517588,8.0,0.8646816701021308,True,60.0,True,decay,0,103
349,6.0,2.7459513234802944,0.9289072178225595,0.006265664160401002,8.0,0.8646816701021308,True,40.0,True,decay,0,103
350,8.0,2.7459513234802944,0.9340692749409054,0.00625,8.0,0.8646816701021308,True,20.0,True,decay,0,103
351,14.0,2.708544839689771,0.9390961179005338,0.006234413965087282,8.0,0.8646816701021308,True,-40.0,True,decay,0,103
352,6.0,2.7209826506350447,0.9441296956766201,0.006218905472636817,8.0,0.8646816701021308,True,40.0,True,decay,0,103
353,10.0,2.708575702744226,0.949099966119064,0.006203473945409429,8.0,0.8646816701021308,True,0.0,True,decay,0,103
354,4.0,2.733328177991751,0.9541118431187062,0.006188118811881188,8.0,0.8646816701021308,True,60.0,True,decay,0,103
355,12.0,2.7086368199670594,0.9590264789081975,0.006172839506172839,8.0,0.8646816701021308,True,-20.0,True,decay,0,103
356,4.0,2.7332673618389807,0.9639824590281159,0.006157635467980295,8.0,0.8646816701021308,True,60.0,True,decay,0,103
357,8.0,2.7332673618389807,0.9689108292309315,0.006142506142506142,8.0,0.8646816701021308,True,20.0,True,decay,0,103
358,8.0,2.7332673618389807,0.9738118195992871,0.006127450980392157,8.0,0.8646816701021308,True,20.0,True,decay,0,103
359,8.0,2.7332673618389807,0.978685657666433,0.006112469437652812,8.0,0.8646816701021308,True,20.0,True,decay,0,103
360,6.0,2.7454624837902,0.9835662566336258,0.006097560975609757,8.0,0.8646816701021308,True,40.0,True,decay,0,103
361,12.0,2.721131583546891,0.9883529379749846,0.006082725060827252,8.0,0.8646816701021308,True,-620.0,False,decay,0,103
362,8.0,2.721131583546891,0.9931133188694129,0.006067961165048544,8.0,0.8646816701021308,True,20.0,True,decay,0,103
363,8.0,2.721131583546891,0.9978476154849676,0.006053268765133173,8.0,0.8646816701021308,True,20.0,True,decay,0,103
364,8.0,2.721131583546891,1.0025560416272132,0.006038647342995169,8.0,0.8646816701021308,True,20.0,True,decay,0,103
365,10.0,2.7090833907758065,1.007205979908272,0.006024096385542168,8.0,0.8646816701021308,True,0.0,True,decay,0,103
366,6.0,2.7211026215450373,1.0118633077388066,0.006009615384615385,8.0,0.8646816701021308,True,40.0,True,decay,0,103
367,6.0,2.733093029218898,1.0165278869298096,0.005995203836930456,8.0,0.8646816701021308,True,40.0,True,decay,0,103
368,6.0,2.7450547517069364,1.021199581158937,0.00598086124401914,8.0,0.8646816701021308,True,40.0,True,decay,0,103
369,6.0,2.75698792593128,1.02587825594269,0.005966587112171838,8.0,0.8646816701021308,True,40.0,True,decay,0,103
370,8.0,2.75698792593128,1.030531776560939,0.005952380952380952,8.0,0.8646816701021308,True,20.0,True,decay,0,103
371,16.0,2.7094819876889997,1.0350329835612824,0.005938242280285036,8.0,0.8646816701021308,True,-60.0,True,decay,0,103
372,4.0,2.7331786701534546,1.0395734800494967,0.005924170616113744,8.0,0.8646816701021308,True,60.0,True,decay,0,103
373,12.0,2.7095380082149205,1.044026718791271,0.00591016548463357,8.0,0.8646816701021308,True,-20.0,True,decay,0,103
374,6.0,2.7213304610451092,1.048487632999393,0.00589622641509434,8.0,0.8646816701021308,True,40.0,True,decay,0,103
375,10.0,2.7095657551627563,1.0528936757637521,0.0058823529411764705,8.0,0.8646816701021308,True,0.0,True,decay,0,103
376,8.0,2.7095657551627563,1.0572764061325326,0.005868544600938968,8.0,0.8646816701021308,True,20.0,True,decay,0,103
377,4.0,2.732984958909829,1.0616978007308895,0.005854800936768151,8.0,0.8646816701021308,True,60.0,True,decay,0,103
378,6.0,2.744667201900483,1.0661266675760726,0.005841121495327103,8.0,0.8646816701021308,True,40.0,True,decay,0,103
379,6.0,2.756322213555495,1.070562876358171,0.005827505827505828,8.0,0.8646816701021308,True,40.0,True,decay,0,103
380,12.0,2.7330663996020066,1.07491497982216,0.005813953488372092,8.0,0.8646816701021308,True,-620.0,False,decay,0,103
381,10.0,2.7214654715277606,1.0792140672678665,0.00580046403712297,8.0,0.8646816701021308,True,0.0,True,decay,0,103
382,6.0,2.7330395456018346,1.083520904451028,0.005787037037037037,8.0,0.8646816701021308,True,40.0,True,decay,0,103
383,6.0,2.7445868897126893,1.0878353615556038,0.005773672055427252,8.0,0.8646816701021308,True,40.0,True,decay,0,103
384,10.0,2.7330661523855,1.0920976174903962,0.00576036866359447,8.0,0.8646816701021308,True,0.0,True,decay,0,103
385,8.0,2.7330661523855,1.0963378462627351,0.00574712643678161,8.0,0.8646816701021308,True,20.0,True,decay,0,103
386,6.0,2.744534042293757,1.1005857746030212,0.0057339449541284416,8.0,0.8646816701021308,True,40.0,True,decay,0,103
387,10.0,2.733092394696503,1.1047824497189427,0.005720823798627002,8.0,0.8646816701021308,True,0.0,True,decay,0,103
388,14.0,2.6988458193540374,1.1088697916923662,0.005707762557077626,8.0,0.8646816701021308,True,-40.0,True,decay,0,103
389,4.0,2.72162486263422,1.1129944849684321,0.005694760820045558,8.0,0.8646816701021308,True,60.0,True,decay,0,103
390,10.0,2.7102612262705836,1.1170691450227743,0.005681818181818182,8.0,0.8646816701021308,True,0.0,True,decay,0,103
391,10.0,2.698923357789858,1.1210942193555151,0.005668934240362812,8.0,0.8646816701021308,True,0.0,True,decay,0,103
392,6.0,2.710235574984428,1.1251275730500048,0.005656108597285069,8.0,0.8646816701021308,True,40.0,True,decay,0,103
393,8.0,2.710235574984428,1.1291405047004717,0.005643340857787811,8.0,0.8646816701021308,True,20.0,True,decay,0,103
394,6.0,2.7214968362456893,1.133161606547808,0.005630630630630631,8.0,0.8646816701021308,True,40.0,True,decay,0,103
395,6.0,2.732732791301869,1.1371907531089014,0.0056179775280898875,8.0,0.8646816701021308,True,40.0,True,decay,0,103
396,6.0,2.7439435536337076,1.1412278204469035,0.005605381165919283,8.0,0.8646816701021308,True,40.0,True,decay,0,103
397,6.0,2.7551292359603297,1.1452726861499447,0.005592841163310961,8.0,0.8646816701021308,True,40.0,True,decay,0,103
398,10.0,2.7439685216746152,1.1492694257387563,0.005580357142857143,8.0,0.8646816701021308,True,0.0,True,decay,0,103
399,18.0,2.688289234369493,1.1531073803737457,0.005567928730512249,8.0,0.8646816701021308,True,-80.0,True,decay,0,103
0,18.0,0.5,0.75,0.05,8.0,0.8646816701021308,False,-8.0,True,decay,0,104
1,16.0,0.10784313725490197,0.5359477124183006,0.049019607843137254,8.0,0.8646816701021308,False,-6.0,True,decay,0,104
2,4.0,0.3001508295625943,0.4769984917043741,0.04807692307692308,8.0,0.8646816701021308,False,-54.0,False,decay,0,104
3,8.0,0.3001508295625943,0.44162895927601814,0.04716981132075472,8.0,0.8646816701021308,False,2.0,True,decay,0,104
4,8.0,0.3001508295625943,0.4180492709904475,0.046296296296296294,8.0,0.8646816701021308,False,2.0,True,decay,0,104
5,14.0,0.027423556835321605,0.3622455975397152,0.045454545454545456,8.0,0.8646816701021308,False,-4.0,True,decay,0,104
6,6.0,0.11670927112103589,0.3315535567373803,0.044642857142857144,8.0,0.8646816701021308,False,4.0,True,decay,0,104
7,8.0,0.11670927112103589,0.30768196944667536,0.043859649122807015,8.0,0.8646816701021308,False,2.0,True,decay,0,104
8,4.0,0.2891230642244842,0.3058260789244563,0.04310344827586207,8.0,0.8646816701021308,False,6.0,True,decay,0,104
9,6.0,0.3738688269363486,0.3120117832891738,0.04237288135593221,8.0,0.8646816701021308,False,4.0,True,decay,0,104
10,12.0,0.2072021602696819,0.3032776480375495,0.04166666666666667,8.0,0.8646816701021308,False,-2.0,True,decay,0,104
11,6.0,0.28916937338443605,0.3021923961411561,0.04098360655737705,8.0,0.8646816701021308,False,4.0,True,decay,0,104
12,6.0,0.36981453467475867,0.3070225488935563,0.040322580645161296,8.0,0.8646816701021308,False,4.0,True,decay,0,104
13,6.0,0.449179614039838,0.31649968656997507,0.03968253968253969,8.0,0.8646816701021308,False,4.0,True,decay,0,104
14,6.0,0.5273046140398381,0.32967499453684146,0.0390625,8.0,0.8646816701021308,False,4.0,True,decay,0,104
15,6.0,0.604227690962915,0.3458251531501399,0.038461538461538464,8.0,0.8646816701021308,False,4.0,True,decay,0,104
16,12.0,0.45271253944776346,0.3517633412777857,0.03787878787878788,8.0,0.8646816701021308,False,-2.0,True,decay,0,104
17,14.0,0.2288319424328381,0.3452932676543674,0.03731343283582089,8.0,0.8646816701021308,False,-4.0,True,decay,0,104
18,8.0,0.2288319424328381,0.3394702013932909,0.03676470588235295,8.0,0.8646816701021308,False,2.0,True,decay,0,104
19,4.0,0.3737594786647222,0.3411030241205019,0.03623188405797102,8.0,0.8646816701021308,False,6.0,True,decay,0,104
20,6.0,0.44518805009329365,0.34583416166471975,0.03571428571428572,8.0,0.8646816701021308,False,4.0,True,decay,0,104
21,6.0,0.5156105853045613,0.35321574530123456,0.035211267605633804,8.0,0.8646816701021308,False,4.0,True,decay,0,104
22,12.0,0.3767216964156724,0.35419515993100276,0.034722222222222224,8.0,0.8646816701021308,False,-2.0,True,decay,0,104
23,8.0,0.3767216964156724,0.35509622139038954,0.03424657534246576,8.0,0.8646816701021308,False,2.0,True,decay,0,104
24,18.0,0.03888385857783455,0.3429342074360605,0.033783783783783786,8.0,0.8646816701021308,False,-8.0,True,decay,0,104
25,4.0,0.17221719191116788,0.33661135500921263,0.03333333333333333,8.0,0.8646816701021308,False,6.0,True,decay,0,104
26,8.0,0.17221719191116788,0.3307401348985682,0.03289473684210526,8.0,0.8646816701021308,False,2.0,True,decay,0,104
27,4.0,0.30208732178129777,0.3297521068600416,0.03246753246753247,8.0,0.8646816701021308,False,6.0,True,decay,0,104
28,8.0,0.30208732178129777,0.3288299473574167,0.032051282051282055,8.0,0.8646816701021308,False,2.0,True,decay,0,104
29,16.0,0.048922764819272435,0.31980068340457335,0.03164556962025317,8.0,0.8646816701021308,False,-6.0,True,decay,0,104
30,10.0,0.0,0.30980691204818045,0.03125,8.0,0.8646816701021308,False,0.0,True,decay,0,104
31,6.0,0.06172839506172839,0.30228938123040916,0.030864197530864196,8.0,0.8646816701021308,False,4.0,True,decay,0,104
32,6.0,0.12270400481782595,0.29700745839474496,0.03048780487804878,8.0,0.8646816701021308,False,4.0,True,decay,0,104
33,6.0,0.18294496867324764,0.29374853011698787,0.030120481927710843,8.0,0.8646816701021308,False,4.0,True,decay,0,104
34,4.0,0.3019925877208667,0.2939775317170956,0.02976190476190476,8.0,0.8646816701021308,False,6.0,True,decay,0,104
35,6.0,0.3608161171326314,0.2957839799715695,0.029411764705882353,8.0,0.8646816701021308,False,4.0,True,decay,0,104
36,12.0,0.24453704736518952,0.29443537648192797,0.029069767441860468,8.0,0.8646816701021308,False,-2.0,True,decay,0,104
37,6.0,0.30200831173300563,0.2946295543088787,0.02873563218390805,8.0,0.8646816701021308,False,4.0,True,decay,0,104
38,6.0,0.35882649355118745,0.29623447778993645,0.02840909090909091,8.0,0.8646816701021308,False,4.0,True,decay,0,104
39,8.0,0.35882649355118745,0.2977611123206987,0.02808988764044944,8.0,0.8646816701021308,False,2.0,True,decay,0,104
40,14.0,0.19215982688452077,0.2952467960007897,0.02777777777777778,8.0,0.8646816701021308,False,-4.0,True,decay,0,104
41,4.0,0.30204993677463066,0.29540500857692553,0.027472527472527472,8.0,0.8646816701021308,False,6.0,True,decay,0,104
42,12.0,0.1933542846007176,0.2930856739411026,0.027173913043478264,8.0,0.8646816701021308,False,-2.0,True,decay,0,104
43,4.0,0.3008811663211477,0.2932589071051036,0.02688172043010753,8.0,0.8646816701021308,False,6.0,True,decay,0,104
44,10.0,0.24768967695944555,0.2922682716671545,0.026595744680851068,8.0,0.8646816701021308,False,0.0,True,decay,0,104
45,6.0,0.30032125590681397,0.29243961175736005,0.026315789473684213,8.0,0.8646816701021308,False,4.0,True,decay,0,104
46,20.0,0.0,0.2863471198457484,0.026041666666666668,8.0,0.8646816701021308,False,-10.0,True,decay,0,104
47,8.0,0.0,0.28050330107338617,0.025773195876288662,8.0,0.8646816701021308,False,2.0,True,decay,0,104
48,4.0,0.10204081632653061,0.27693405137844906,0.025510204081632654,8.0,0.8646816701021308,False,6.0,True,decay,0,104
49,10.0,0.0515357658214801,0.27251447715184185,0.025252525252525256,8.0,0.8646816701021308,False,0.0,True,decay,0,104
50,8.0,0.0515357658214801,0.2682648865493349,0.025,8.0,0.8646816701021308,False,2.0,True,decay,0,104
51,4.0,0.1505456668115791,0.2660437691957923,0.024752475247524754,8.0,0.8646816701021308,False,6.0,True,decay,0,104
52,4.0,0.2485848824978536,0.2657204564791638,0.024509803921568627,8.0,0.8646816701021308,False,6.0,True,decay,0,104
53,4.0,0.3456722611386303,0.2671741256547905,0.024271844660194174,8.0,0.8646816701021308,False,6.0,True,decay,0,104
54,12.0,0.24951841498478416,0.26685884510711183,0.02403846153846154,8.0,0.8646816701021308,False,-2.0,True,decay,0,104
55,8.0,0.24951841498478416,0.26655462703479027,0.023809523809523808,8.0,0.8646816701021308,False,2.0,True,decay,0,104
56,8.0,0.24951841498478416,0.2662608992408247,0.02358490566037736,8.0,0.8646816701021308,False,-58.0,False,decay,0,104
57,6.0,0.296247386947401,0.26676914479517344,0.02336448598130841,8.0,0.8646816701021308,False,-56.0,False,decay,0,104
58,8.0,0.296247386947401,0.2672604488310439,0.023148148148148147,8.0,0.8646816701021308,False,2.0,True,decay,0,104
59,12.0,0.20450426768134594,0.2662316589761308,0.022935779816513766,8.0,0.8646816701021308,False,-2.0,True,decay,0,104
60,4.0,0.2954133585904368,0.2667023315505551,0.022727272727272728,8.0,0.8646816701021308,False,6.0,True,decay,0,104
61,6.0,0.34045840363548185,0.26787306285349044,0.022522522522522525,8.0,0.8646816701021308,False,4.0,True,decay,0,104
62,6.0,0.385101260778339,0.2697047534460662,0.022321428571428572,8.0,0.8646816701021308,False,4.0,True,decay,0,104
63,6.0,0.4293490483889585,0.2721608195221107,0.022123893805309738,8.0,0.8646816701021308,False,4.0,True,decay,0,104
64,18.0,0.2100508027749234,0.2712197586623048,0.021929824561403508,8.0,0.8646816701021308,False,-8.0,True,decay,0,104
65,10.0,0.1665725419053582,0.2696578599047384,0.02173913043478261,8.0,0.8646816701021308,False,0.0,True,decay,0,104
66,4.0,0.25277943845708234,0.26940964782462584,0.021551724137931032,8.0,0.8646816701021308,False,6.0,True,decay,0,104
67,6.0,0.2955144811921251,0.26978797874299537,0.02136752136752137,8.0,0.8646816701021308,False,4.0,True,decay,0,104
68,16.0,0.12602295576839628,0.2677341927005011,0.0211864406779661,8.0,0.8646816701021308,False,-6.0,True,decay,0,104
69,8.0,0.12602295576839628,0.2657382597859644,0.02100840336134454,8.0,0.8646816701021308,False,2.0,True,decay,0,104
70,6.0,0.16768962243506294,0.26437647315609075,0.020833333333333332,8.0,0.8646816701021308,False,4.0,True,decay,0,104
71,14.0,0.043722680286302607,0.2613538184592443,0.02066115702479339,8.0,0.8646816701021308,False,-4.0,True,decay,0,104
72,10.0,0.0027390737289255535,0.2578590246115373,0.020491803278688527,8.0,0.8646816701021308,False,0.0,True,decay,0,104
73,4.0,0.08403988673705565,0.25554143610654423,0.020325203252032523,8.0,0.8646816701021308,False,6.0,True,decay,0,104
74,4.0,0.16468504802737824,0.2543459573160289,0.020161290322580648,8.0,0.8646816701021308,False,-54.0,False,decay,0,104
75,6.0,0.20468504802737825,0.2537010104421503,0.02,8.0,0.8646816701021308,False,-56.0,False,decay,0,104
76,6.0,0.24436758770991793,0.25358135117635244,0.019841269841269844,8.0,0.8646816701021308,False,4.0,True,decay,0,104
77,4.0,0.3231077451902329,0.254461432113237,0.01968503937007874,8.0,0.8646816701021308,False,6.0,True,decay,0,104
78,8.0,0.3231077451902329,0.2553195110266994,0.01953125,8.0,0.8646816701021308,False,2.0,True,decay,0,104
79,18.0,0.12930929557782977,0.25376382935449115,0.01937984496124031,8.0,0.8646816701021308,False,-8.0,True,decay,0,104
80,4.0,0.2062323725009067,0.25318417744164257,0.019230769230769232,8.0,0.8646816701021308,False,-54.0,False,decay,0,104
81,4.0,0.28256825036350214,0.25353820241660474,0.019083969465648856,8.0,0.8646816701021308,False,6.0,True,decay,0,104
82,8.0,0.28256825036350214,0.2538837982254964,0.01893939393939394,8.0,0.8646816701021308,False,2.0,True,decay,0,104
83,6.0,0.32016223532590815,0.25466354454432477,0.018796992481203006,8.0,0.8646816701021308,False,4.0,True,decay,0,104
84,8.0,0.32016223532590815,0.2554251572278316,0.01865671641791045,8.0,0.8646816701021308,False,2.0,True,decay,0,104
85,12.0,0.24608816125183408,0.255317835435004,0.018518518518518517,8.0,0.8646816701021308,False,-2.0,True,decay,0,104
86,4.0,0.31961757301654,0.2560485142711579,0.018382352941176475,8.0,0.8646816701021308,False,6.0,True,decay,0,104
87,10.0,0.28312122265157647,0.2563527020057693,0.01824817518248175,8.0,0.8646816701021308,False,0.0,True,decay,0,104
88,8.0,0.28312122265157647,0.25665013001294495,0.01811594202898551,8.0,0.8646816701021308,False,2.0,True,decay,0,104
89,6.0,0.3190924456731592,0.25733630930591433,0.017985611510791366,8.0,0.8646816701021308,False,4.0,True,decay,0,104
90,18.0,0.1405210171017306,0.25606657786891235,0.01785714285714286,8.0,0.8646816701021308,False,-8.0,True,decay,0,104
91,4.0,0.21144300291733342,0.2555867544823362,0.017730496453900707,8.0,0.8646816701021308,False,6.0,True,decay,0,104
92,4.0,0.28186553812860105,0.255866316010488,0.017605633802816902,8.0,0.8646816701021308,False,-54.0,False,decay,0,104
93,8.0,0.28186553812860105,0.25613999203278387,0.01748251748251748,8.0,0.8646816701021308,False,2.0,True,decay,0,104
94,12.0,0.2124210936841566,0.25568458684165235,0.017361111111111112,8.0,0.8646816701021308,False,-2.0,True,decay,0,104
95,8.0,0.2124210936841566,0.2552385714482761,0.017241379310344827,8.0,0.8646816701021308,False,2.0,True,decay,0,104
96,8.0,0.2124210936841566,0.2548016584098667,0.01712328767123288,8.0,0.8646816701021308,False,2.0,True,decay,0,104
97,8.0,0.2124210936841566,0.2543735718974858,0.017006802721088437,8.0,0.8646816701021308,False,2.0,True,decay,0,104
98,4.0,0.27998866125172417,0.2546297227910282,0.016891891891891893,8.0,0.8646816701021308,False,-54.0,False,decay,0,104
99,6.0,0.31354570823158995,0.2552130493795486,0.016778523489932886,8.0,0.8646816701021308,False,4.0,True,decay,0,104
100,12.0,0.2468790415649233,0.2551313434205817,0.016666666666666666,8.0,0.8646816701021308,False,-2.0,True,decay,0,104
101,4.0,0.3131042071278372,0.2556941867575453,0.016556291390728478,8.0,0.8646816701021308,False,6.0,True,decay,0,104
102,10.0,0.28020947028573195,0.25592991063762405,0.01644736842105263,8.0,0.8646816701021308,False,0.0,True,decay,0,104
103,8.0,0.28020947028573195,0.2561611445390346,0.016339869281045753,8.0,0.8646816701021308,False,2.0,True,decay,0,104
104,6.0,0.31267700275326443,0.25669431301275375,0.016233766233766236,8.0,0.8646816701021308,False,4.0,True,decay,0,104
105,8.0,0.31267700275326443,0.257217515720609,0.016129032258064516,8.0,0.8646816701021308,False,2.0,True,decay,0,104
106,8.0,0.31267700275326443,0.2577310294894299,0.016025641025641028,8.0,0.8646816701021308,False,2.0,True,decay,0,104
107,10.0,0.28082986899530266,0.25794294544819935,0.01592356687898089,8.0,0.8646816701021308,False,0.0,True,decay,0,104
108,12.0,0.21753872975479632,0.25757563439644116,0.015822784810126583,8.0,0.8646816701021308,False,-2.0,True,decay,0,104
109,4.0,0.2804318115158026,0.257781545902021,0.015723270440251572,8.0,0.8646816701021308,False,6.0,True,decay,0,104
110,12.0,0.2179318115158026,0.2574257447021441,0.015625,8.0,0.8646816701021308,False,-2.0,True,decay,0,104
111,4.0,0.28004361275803863,0.2576259028265325,0.015527950310559006,8.0,0.8646816701021308,False,6.0,True,decay,0,104
112,18.0,0.12572262510371765,0.2564688565307183,0.015432098765432098,8.0,0.8646816701021308,False,-8.0,True,decay,0,104
113,8.0,0.12572262510371765,0.2553319327791792,0.015337423312883436,8.0,0.8646816701021308,False,2.0,True,decay,0,104
114,6.0,0.15621042998176643,0.2544774370654084,0.01524390243902439,8.0,0.8646816701021308,False,4.0,True,decay,0,104
115,8.0,0.15621042998176643,0.25363754811597555,0.015151515151515152,8.0,0.8646816701021308,False,2.0,True,decay,0,104
116,4.0,0.21645139383718812,0.25332241121530785,0.015060240963855423,8.0,0.8646816701021308,False,6.0,True,decay,0,104
117,4.0,0.2763316333581462,0.2535157660232309,0.014970059880239523,8.0,0.8646816701021308,False,6.0,True,decay,0,104
118,10.0,0.24656972859624143,0.253457882378006,0.014880952380952382,8.0,0.8646816701021308,False,0.0,True,decay,0,104
119,8.0,0.24656972859624143,0.25340095548724756,0.014792899408284025,8.0,0.8646816701021308,False,2.0,True,decay,0,104
120,4.0,0.30539325800800615,0.25382712190135215,0.014705882352941178,8.0,0.8646816701021308,False,6.0,True,decay,0,104
121,6.0,0.3346330240898775,0.25448408045573045,0.014619883040935673,8.0,0.8646816701021308,False,4.0,True,decay,0,104
122,12.0,0.2764934892061566,0.2546615756875887,0.014534883720930234,8.0,0.8646816701021308,False,-2.0,True,decay,0,104
123,8.0,0.2764934892061566,0.25483623099573727,0.014450867052023123,8.0,0.8646816701021308,False,2.0,True,decay,0,104
124,10.0,0.24775785702224853,0.2547800534245191,0.014367816091954025,8.0,0.8646816701021308,False,0.0,True,decay,0,104
125,4.0,0.30490071416510567,0.25517470429649225,0.014285714285714287,8.0,0.8646816701021308,False,6.0,True,decay,0,104
126,6.0,0.3333098050741966,0.25578513477131803,0.014204545454545456,8.0,0.8646816701021308,False,4.0,True,decay,0,104
127,6.0,0.3615583926448181,0.2566050825067715,0.014124293785310734,8.0,0.8646816701021308,False,4.0,True,decay,0,104
128,14.0,0.27728872972346974,0.2567641874853615,0.01404494382022472,8.0,0.8646816701021308,False,-4.0,True,decay,0,104
129,12.0,0.22142280793576025,0.2564944059620821,0.013966480446927375,8.0,0.8646816701021308,False,-2.0,True,decay,0,104
130,10.0,0.19364503015798246,0.2560182743272026,0.01388888888888889,8.0,0.8646816701021308,False,0.0,True,decay,0,104
131,4.0,0.24889364894251284,0.2559647057152876,0.013812154696132598,8.0,0.8646816701021308,False,6.0,True,decay,0,104
132,4.0,0.3038387038875678,0.25632197435836435,0.013736263736263736,8.0,0.8646816701021308,False,6.0,True,decay,0,104
133,6.0,0.33116110825915246,0.256876338313185,0.01366120218579235,8.0,0.8646816701021308,False,4.0,True,decay,0,104
134,14.0,0.24963936912871768,0.25682312530447565,0.01358695652173913,8.0,0.8646816701021308,False,-4.0,True,decay,0,104
135,4.0,0.3036934231827717,0.257165244267091,0.013513513513513514,8.0,0.8646816701021308,False,6.0,True,decay,0,104
136,6.0,0.3305751436128792,0.25769720005945174,0.013440860215053764,8.0,0.8646816701021308,False,4.0,True,decay,0,104
137,8.0,0.3305751436128792,0.2582215018116346,0.013368983957219251,8.0,0.8646816701021308,False,2.0,True,decay,0,104
138,8.0,0.3305751436128792,0.25873831353878635,0.013297872340425532,8.0,0.8646816701021308,False,2.0,True,decay,0,104
139,10.0,0.30412011715785275,0.25906017030204215,0.013227513227513227,8.0,0.8646816701021308,False,0.0,True,decay,0,104
140,12.0,0.25148853821048434,0.2590068489492847,0.013157894736842105,8.0,0.8646816701021308,False,-2.0,True,decay,0,104
141,10.0,0.22531052773928015,0.2587712103394246,0.013089005235602096,8.0,0.8646816701021308,False,0.0,True,decay,0,104
142,10.0,0.1992688610726135,0.2583579995806272,0.013020833333333334,8.0,0.8646816701021308,False,0.0,True,decay,0,104
143,6.0,0.22517559682390884,0.25812915542368436,0.01295336787564767,8.0,0.8646816701021308,False,-56.0,False,decay,0,104
144,8.0,0.22517559682390884,0.2579034461182064,0.012886597938144331,8.0,0.8646816701021308,False,2.0,True,decay,0,104
145,10.0,0.1995345711828832,0.25750637894177564,0.012820512820512822,8.0,0.8646816701021308,False,0.0,True,decay,0,104
146,4.0,0.2505549793461485,0.257459410025589,0.012755102040816327,8.0,0.8646816701021308,False,-54.0,False,decay,0,104
147,6.0,0.275935690006047,0.25758341190465245,0.01269035532994924,8.0,0.8646816701021308,False,4.0,True,decay,0,104
148,6.0,0.30118821525857226,0.25787411059367854,0.012626262626262628,8.0,0.8646816701021308,False,4.0,True,decay,0,104
149,6.0,0.32631384339927577,0.2583273538572918,0.01256281407035176,8.0,0.8646816701021308,False,4.0,True,decay,0,104
150,6.0,0.3513138433992758,0.25893910707796275,0.0125,8.0,0.8646816701021308,False,4.0,True,decay,0,104
151,8.0,0.3513138433992758,0.25954286352450723,0.012437810945273634,8.0,0.8646816701021308,False,2.0,True,decay,0,104
152,6.0,0.37606631864680057,0.26029950933698964,0.012376237623762377,8.0,0.8646816701021308,False,4.0,True,decay,0,104
153,6.0,0.4006968605187218,0.26120529869945247,0.01231527093596059,8.0,0.8646816701021308,False,4.0,True,decay,0,104
154,6.0,0.4252066644402904,0.2622565895054835,0.012254901960784314,8.0,0.8646816701021308,False,4.0,True,decay,0,104
155,10.0,0.4008164205378514,0.2631391361999571,0.012195121951219514,8.0,0.8646816701021308,False,0.0,True,decay,0,104
156,14.0,0.3280008865572689,0.2635496536072819,0.012135922330097087,8.0,0.8646816701021308,False,-4.0,True,decay,0,104
157,8.0,0.3280008865572689,0.263955007273634,0.012077294685990338,8.0,0.8646816701021308,False,2.0,True,decay,0,104
158,12.0,0.2799239634803458,0.26405481324992597,0.01201923076923077,8.0,0.8646816701021308,False,-2.0,True,decay,0,104
159,6.0,0.3038474084564224,0.2643019722263638,0.01196172248803828,8.0,0.8646816701021308,False,4.0,True,decay,0,104
160,6.0,0.32765693226594617,0.2646930522266081,0.011904761904761904,8.0,0.8646816701021308,False,4.0,True,decay,0,104
161,14.0,0.2565668848725812,0.2646431984391601,0.011848341232227487,8.0,0.8646816701021308,False,-4.0,True,decay,0,104
162,8.0,0.2565668848725812,0.2645939526247298,0.01179245283018868,8.0,0.8646816701021308,False,2.0,True,decay,0,104
163,6.0,0.2800410632763371,0.26468757147716376,0.011737089201877935,8.0,0.8646816701021308,False,4.0,True,decay,0,104
164,10.0,0.2566765772950287,0.2646393124760666,0.011682242990654205,8.0,0.8646816701021308,False,0.0,True,decay,0,104
165,6.0,0.27993239124851704,0.2647308877980573,0.011627906976744184,8.0,0.8646816701021308,False,4.0,True,decay,0,104
166,6.0,0.3030805393966652,0.2649591595337633,0.011574074074074073,8.0,0.8646816701021308,False,4.0,True,decay,0,104
167,12.0,0.2569975900879094,0.2649120496553855,0.01152073732718894,8.0,0.8646816701021308,False,-2.0,True,decay,0,104
168,6.0,0.2799333699044232,0.26500041036273275,0.011467889908256883,8.0,0.8646816701021308,False,4.0,True,decay,0,104
169,6.0,0.3027644201327337,0.2652212525251304,0.011415525114155252,8.0,0.8646816701021308,False,4.0,True,decay,0,104
170,14.0,0.23458260195091551,0.26504312083574544,0.011363636363636364,8.0,0.8646816701021308,False,-64.0,False,decay,0,104
171,6.0,0.2572070363400558,0.2649978255496432,0.011312217194570137,8.0,0.8646816701021308,False,4.0,True,decay,0,104
172,4.0,0.30225208138510085,0.26521193046823777,0.011261261261261262,8.0,0.8646816701021308,False,6.0,True,decay,0,104
173,8.0,0.30225208138510085,0.26542358847347697,0.011210762331838566,8.0,0.8646816701021308,False,2.0,True,decay,0,104
174,20.0,0.16832350995652942,0.26487188348190344,0.011160714285714286,8.0,0.8646816701021308,False,-10.0,True,decay,0,104
175,4.0,0.21276795440097387,0.2645775110012202,0.011111111111111112,8.0,0.8646816701021308,False,6.0,True,decay,0,104
176,4.0,0.25701574201159333,0.2645350291529639,0.011061946902654869,8.0,0.8646816701021308,False,6.0,True,decay,0,104
177,4.0,0.3010686054477167,0.2647391273445547,0.011013215859030838,8.0,0.8646816701021308,False,6.0,True,decay,0,104
178,8.0,0.3010686054477167,0.26494095777846116,0.010964912280701754,8.0,0.8646816701021308,False,2.0,True,decay,0,104
179,6.0,0.32290266658308786,0.2652611882138458,0.01091703056768559,8.0,0.8646816701021308,False,4.0,True,decay,0,104
180,16.0,0.23594614484395743,0.2651001165469783,0.010869565217391306,8.0,0.8646816701021308,False,-6.0,True,decay,0,104
181,10.0,0.2143011231989358,0.2648225264193934,0.010822510822510822,8.0,0.8646816701021308,False,0.0,True,decay,0,104
182,4.0,0.25740457147479784,0.2647822114468684,0.010775862068965516,8.0,0.8646816701021308,False,6.0,True,decay,0,104
183,10.0,0.2359453440069867,0.2646263364877339,0.01072961373390558,8.0,0.8646816701021308,False,0.0,True,decay,0,104
184,4.0,0.27868038674202944,0.26470189589770327,0.010683760683760686,8.0,0.8646816701021308,False,6.0,True,decay,0,104
185,12.0,0.23612719525266773,0.26454909001190097,0.010638297872340425,8.0,0.8646816701021308,False,-2.0,True,decay,0,104
186,6.0,0.25731363593063383,0.2645106035540219,0.01059322033898305,8.0,0.8646816701021308,False,4.0,True,decay,0,104
187,8.0,0.25731363593063383,0.2644725243602474,0.010548523206751054,8.0,0.8646816701021308,False,2.0,True,decay,0,104
188,4.0,0.2993304426533229,0.2646559870881056,0.01050420168067227,8.0,0.8646816701021308,False,6.0,True,decay,0,104
189,6.0,0.32025094474537313,0.26494706016484526,0.010460251046025104,8.0,0.8646816701021308,False,4.0,True,decay,0,104
190,12.0,0.27858427807870645,0.26501808734147997,0.010416666666666666,8.0,0.8646816701021308,False,-62.0,False,decay,0,104
191,12.0,0.2370905021450965,0.26487338482750905,0.01037344398340249,8.0,0.8646816701021308,False,-2.0,True,decay,0,104
192,4.0,0.2784128161946833,0.26494317571084497,0.010330578512396695,8.0,0.8646816701021308,False,6.0,True,decay,0,104
193,8.0,0.2784128161946833,0.26501225079024926,0.010288065843621401,8.0,0.8646816701021308,False,2.0,True,decay,0,104
194,16.0,0.19644560307992917,0.26466242095499254,0.010245901639344263,8.0,0.8646816701021308,False,-6.0,True,decay,0,104
195,8.0,0.19644560307992917,0.26431614269166737,0.01020408163265306,8.0,0.8646816701021308,False,2.0,True,decay,0,104
196,10.0,0.17612039982789665,0.2638707096469008,0.010162601626016262,8.0,0.8646816701021308,False,0.0,True,decay,0,104
197,4.0,0.21660622978741084,0.26363319969785814,0.010121457489878544,8.0,0.8646816701021308,False,6.0,True,decay,0,104
198,4.0,0.25692881043257215,0.2635996777515317,0.010080645161290324,8.0,0.8646816701021308,False,6.0,True,decay,0,104
199,4.0,0.2970894530028533,0.26376629354880193,0.010040160642570281,8.0,0.8646816701021308,False,6.0,True,decay,0,104
200,6.0,0.3170894530028533,0.2640302695857032,0.01,8.0,0.8646816701021308,True,-560.0,False,decay,0,104
201,6.0,0.3370097717279529,0.2643897745223645,0.0099601593625498,8.0,0.8646816701021308,True,40.0,True,decay,0,104
202,4.0,0.3766923114104926,0.26494027715416907,0.009920634920634922,8.0,0.8646816701021308,True,60.0,True,decay,0,104
203,4.0,0.4162180031100973,0.2656782172807834,0.009881422924901186,8.0,0.8646816701021308,True,60.0,True,decay,0,104
204,4.0,0.4555880818502548,0.2666001098272371,0.00984251968503937,8.0,0.8646816701021308,True,60.0,True,decay,0,104
205,4.0,0.4948037681247646,0.26770254295910917,0.009803921568627453,8.0,0.8646816701021308,True,60.0,True,decay,0,104
206,4.0,0.5338662681247646,0.26898217625317483,0.009765625,8.0,0.8646816701021308,True,60.0,True,decay,0,104
207,6.0,0.5533215210430525,0.2703426515870977,0.00972762645914397,8.0,0.8646816701021308,True,40.0,True,decay,0,104
208,4.0,0.5920812109655331,0.2718747399650902,0.009689922480620155,8.0,0.8646816701021308,True,60.0,True,decay,0,104
209,4.0,0.6306912495755718,0.2735752921433389,0.009652509652509654,8.0,0.8646816701021308,True,-540.0,False,decay,0,104
210,6.0,0.649922018806341,0.2753505125521267,0.009615384615384616,8.0,0.8646816701021308,True,40.0,True,decay,0,104
211,6.0,0.6690791069289465,0.277199003605539,0.009578544061302683,8.0,0.8646816701021308,True,40.0,True,decay,0,104
212,4.0,0.7072470458602441,0.2792085738964488,0.009541984732824428,8.0,0.8646816701021308,True,60.0,True,decay,0,104
213,6.0,0.7262584527043506,0.28128787565834606,0.009505703422053233,8.0,0.8646816701021308,True,40.0,True,decay,0,104
214,6.0,0.7451978466437446,0.28343560700550063,0.00946969696969697,8.0,0.8646816701021308,True,40.0,True,decay,0,104
215,4.0,0.7829336957003483,0.2857374415156152,0.009433962264150945,8.0,0.8646816701021308,True,-540.0,False,decay,0,104
216,6.0,0.8017306881815514,0.28810438301408275,0.009398496240601503,8.0,0.8646816701021308,True,40.0,True,decay,0,104
217,10.0,0.7830040964212517,0.29036419905703786,0.009363295880149813,8.0,0.8646816701021308,True,0.0,True,decay,0,104
218,4.0,0.8203175292570726,0.29277307783067436,0.009328358208955223,8.0,0.8646816701021308,True,60.0,True,decay,0,104
219,4.0,0.8574922504466637,0.2953283682045024,0.00929368029739777,8.0,0.8646816701021308,True,60.0,True,decay,0,104
220,4.0,0.8945292874837008,0.2980274714444988,0.009259259259259259,8.0,0.8646816701021308,True,60.0,True,decay,0,104
221,6.0,0.9129794719855457,0.3007851037339206,0.00922509225092251,8.0,0.8646816701021308,True,40.0,True,decay,0,104
222,6.0,0.9313618249267223,0.30360017838210274,0.009191176470588236,8.0,0.8646816701021308,True,40.0,True,decay,0,104
223,4.0,0.9679918615567589,0.3065530303073234,0.009157509157509158,8.0,0.8646816701021308,True,60.0,True,decay,0,104
224,4.0,1.0044882119217224,0.3096412390755287,0.009124087591240875,8.0,0.8646816701021308,True,60.0,True,decay,0,104
225,4.0,1.0408518482853588,0.31286243118658524,0.009090909090909092,8.0,0.8646816701021308,True,60.0,True,decay,0,104
226,6.0,1.0589677903143444,0.3161348231125842,0.009057971014492754,8.0,0.8646816701021308,True,40.0,True,decay,0,104
227,10.0,1.0409172487980989,0.3192998118710362,0.009025270758122744,8.0,0.8646816701021308,True,0.0,True,decay,0,104
228,4.0,1.0768884718196816,0.32259367560994334,0.008992805755395683,8.0,0.8646816701021308,True,60.0,True,decay,0,104
229,10.0,1.0589673248662765,0.32578144032533873,0.008960573476702509,8.0,0.8646816701021308,True,0.0,True,decay,0,104
230,8.0,1.0589673248662765,0.32894172431042895,0.008928571428571428,8.0,0.8646816701021308,True,20.0,True,decay,0,104
231,6.0,1.0767609191723264,0.33215124875189633,0.008896797153024912,8.0,0.8646816701021308,True,-560.0,False,decay,0,104
232,4.0,1.1122219120801278,0.3354848840652649,0.008865248226950355,8.0,0.8646816701021308,True,60.0,True,decay,0,104
233,4.0,1.1475576011260642,0.33894051264850233,0.0088339222614841,8.0,0.8646816701021308,True,60.0,True,decay,0,104
234,6.0,1.1651632349288812,0.3424414563869785,0.008802816901408451,8.0,0.8646816701021308,True,40.0,True,decay,0,104
235,4.0,1.2002509542271267,0.34606090574495385,0.008771929824561403,8.0,0.8646816701021308,True,-540.0,False,decay,0,104
236,4.0,1.2352159891921617,0.3497968514737236,0.008741258741258742,8.0,0.8646816701021308,True,60.0,True,decay,0,104
237,6.0,1.2526375919796182,0.35357442779383197,0.008710801393728223,8.0,0.8646816701021308,True,40.0,True,decay,0,104
238,6.0,1.2699987030907294,0.3573928622742357,0.008680555555555556,8.0,0.8646816701021308,True,40.0,True,decay,0,104
239,4.0,1.304600779215297,0.3613231855810451,0.00865051903114187,8.0,0.8646816701021308,True,60.0,True,decay,0,104
240,6.0,1.3218421585256417,0.3652922722461054,0.008620689655172414,8.0,0.8646816701021308,True,40.0,True,decay,0,104
241,12.0,1.2874778973572567,0.3690872748185793,0.00859106529209622,8.0,0.8646816701021308,True,-20.0,True,decay,0,104
242,10.0,1.2703546096860239,0.3727809934041016,0.00856164383561644,8.0,0.8646816701021308,True,0.0,True,decay,0,104
243,4.0,1.3044843025187884,0.37658386405354927,0.008532423208191127,8.0,0.8646816701021308,True,60.0,True,decay,0,104
244,4.0,1.3384979079609653,0.3804940837442299,0.008503401360544218,8.0,0.8646816701021308,True,60.0,True,decay,0,104
245,6.0,1.3554470605033382,0.38444126178778903,0.00847457627118644,8.0,0.8646816701021308,True,40.0,True,decay,0,104
246,6.0,1.37233895239523,0.3884247202176577,0.008445945945945946,8.0,0.8646816701021308,True,40.0,True,decay,0,104
247,8.0,1.37233895239523,0.3923761829974873,0.008417508417508417,8.0,0.8646816701021308,True,20.0,True,decay,0,104
248,6.0,1.389117475885163,0.39636314816903795,0.008389261744966443,8.0,0.8646816701021308,True,40.0,True,decay,0,104
249,8.0,1.389117475885163,0.4003183446938034,0.008361204013377926,8.0,0.8646816701021308,True,20.0,True,decay,0,104
250,4.0,1.4224508092184964,0.4043744259022347,0.008333333333333333,8.0,0.8646816701021308,True,60.0,True,decay,0,104
251,4.0,1.4556734005806227,0.4085297578179596,0.008305647840531562,8.0,0.8646816701021308,True,60.0,True,decay,0,104
252,4.0,1.4887859833620796,0.4127827350838813,0.008278145695364239,8.0,0.8646816701021308,True,-540.0,False,decay,0,104
253,6.0,1.5052876335270962,0.4170670680189527,0.00825082508250825,8.0,0.8646816701021308,True,40.0,True,decay,0,104
254,8.0,1.5052876335270962,0.4213179296029689,0.008223684210526315,8.0,0.8646816701021308,True,20.0,True,decay,0,104
255,4.0,1.5380745187729978,0.4256632859810624,0.00819672131147541,8.0,0.8646816701021308,True,60.0,True,decay,0,104
256,6.0,1.5544143880540435,0.4300382902526631,0.008169934640522876,8.0,0.8646816701021308,True,40.0,True,decay,0,104
257,6.0,1.5707010330051836,0.4344423935065338,0.008143322475570033,8.0,0.8646816701021308,True,40.0,True,decay,0,104
258,10.0,1.5544672667714174,0.4387501814806295,0.008116883116883118,8.0,0.8646816701021308,True,0.0,True,decay,0,104
259,4.0,1.586829726318343,0.44314895368307283,0.008090614886731393,8.0,0.8646816701021308,True,-540.0,False,decay,0,104
260,6.0,1.6029587585764076,0.4475757086635817,0.008064516129032258,8.0,0.8646816701021308,True,40.0,True,decay,0,104
261,4.0,1.6351130994124203,0.4520910599592047,0.008038585209003217,8.0,0.8646816701021308,True,60.0,True,decay,0,104
262,10.0,1.6190874583867794,0.45651150086233944,0.008012820512820514,8.0,0.8646816701021308,True,0.0,True,decay,0,104
263,10.0,1.6031130174922106,0.4608382990383012,0.007987220447284346,8.0,0.8646816701021308,True,0.0,True,decay,0,104
264,4.0,1.6349601512501724,0.4652522909639097,0.007961783439490446,8.0,0.8646816701021308,True,-540.0,False,decay,0,104
265,4.0,1.6667061829962042,0.4697521182748921,0.007936507936507938,8.0,0.8646816701021308,True,60.0,True,decay,0,104
266,8.0,1.6667061829962042,0.47421836478504625,0.007911392405063292,8.0,0.8646816701021308,True,20.0,True,decay,0,104
267,4.0,1.6982519243211254,0.4787686754152919,0.007886435331230285,8.0,0.8646816701021308,True,-540.0,False,decay,0,104
268,6.0,1.713975194761377,0.48334351437583295,0.007861635220125786,8.0,0.8646816701021308,True,40.0,True,decay,0,104
269,6.0,1.7296491759525996,0.48794242825619005,0.007836990595611286,8.0,0.8646816701021308,True,-560.0,False,decay,0,104
270,6.0,1.7452741759525996,0.4925649714462504,0.0078125,8.0,0.8646816701021308,True,40.0,True,decay,0,104
271,6.0,1.7608504999401386,0.49721070598285805,0.007788161993769471,8.0,0.8646816701021308,True,40.0,True,decay,0,104
272,4.0,1.7919064005612566,0.5019358727513924,0.007763975155279503,8.0,0.8646816701021308,True,60.0,True,decay,0,104
273,6.0,1.8073862767222473,0.5066829651294682,0.007739938080495357,8.0,0.8646816701021308,True,40.0,True,decay,0,104
274,4.0,1.8382504742531114,0.511507485090061,0.007716049382716049,8.0,0.8646816701021308,True,60.0,True,decay,0,104
275,4.0,1.869019705022342,0.5164082512270007,0.007692307692307693,8.0,0.8646816701021308,True,60.0,True,decay,0,104
276,4.0,1.899694551648109,0.5213841012285155,0.007668711656441718,8.0,0.8646816701021308,True,60.0,True,decay,0,104
277,8.0,1.899694551648109,0.5263242820543922,0.007645259938837921,8.0,0.8646816701021308,True,20.0,True,decay,0,104
278,4.0,1.9301823565261578,0.5313380608917914,0.007621951219512195,8.0,0.8646816701021308,True,-540.0,False,decay,0,104
279,6.0,1.9453799249152155,0.536370238343832,0.007598784194528876,8.0,0.8646816701021308,True,40.0,True,decay,0,104
280,8.0,1.9453799249152155,0.5413667265940851,0.007575757575757576,8.0,0.8646816701021308,True,20.0,True,decay,0,104
281,6.0,1.9604856650964844,0.5463812811470972,0.0075528700906344415,8.0,0.8646816701021308,True,40.0,True,decay,0,104
282,4.0,1.9906061470241951,0.551466579970608,0.007530120481927712,8.0,0.8646816701021308,True,60.0,True,decay,0,104
283,4.0,2.020636177054225,0.5566215610130066,0.0075075075075075074,8.0,0.8646816701021308,True,60.0,True,decay,0,104
284,6.0,2.0356062369344645,0.5617928361036411,0.007485029940119761,8.0,0.8646816701021308,True,40.0,True,decay,0,104
285,4.0,2.0654569832031213,0.5670320840029425,0.007462686567164179,8.0,0.8646816701021308,True,-540.0,False,decay,0,104
286,6.0,2.080337935584074,0.5722866182098214,0.007440476190476191,8.0,0.8646816701021308,True,40.0,True,decay,0,104
287,6.0,2.0951747308362996,0.5775561272500515,0.00741839762611276,8.0,0.8646816701021308,True,40.0,True,decay,0,104
288,6.0,2.109967630244584,0.5828403048465843,0.007396449704142012,8.0,0.8646816701021308,True,40.0,True,decay,0,104
289,12.0,2.0804691051708373,0.5879867955693481,0.007374631268436578,8.0,0.8646816701021308,True,-20.0,True,decay,0,104
290,6.0,2.0951749875237784,0.5931483989664523,0.007352941176470589,8.0,0.8646816701021308,True,40.0,True,decay,0,104
291,4.0,2.1245005007202593,0.5983748566516188,0.007331378299120235,8.0,0.8646816701021308,True,60.0,True,decay,0,104
292,4.0,2.1537402668021306,0.6036652151895457,0.007309941520467837,8.0,0.8646816701021308,True,60.0,True,decay,0,104
293,8.0,2.1537402668021306,0.6089197068899274,0.007288629737609329,8.0,0.8646816701021308,True,20.0,True,decay,0,104
294,8.0,2.1537402668021306,0.614138695268009,0.007267441860465117,8.0,0.8646816701021308,True,20.0,True,decay,0,104
295,4.0,2.1827257740485075,0.619420133243701,0.007246376811594203,8.0,0.8646816701021308,True,60.0,True,decay,0,104
296,4.0,2.211627508152554,0.6247631110118516,0.007225433526011561,8.0,0.8646816701021308,True,60.0,True,decay,0,104
297,4.0,2.2404459519565885,0.6301667325534728,0.007204610951008645,8.0,0.8646816701021308,True,60.0,True,decay,0,104
298,4.0,2.2691815841404965,0.6356301153920961,0.007183908045977012,8.0,0.8646816701021308,True,60.0,True,decay,0,104
299,4.0,2.2978348792694363,0.6411523903551437,0.007163323782234957,8.0,0.8646816701021308,True,60.0,True,decay,0,104
300,4.0,2.3264063078408648,0.6467327013401958,0.0071428571428571435,8.0,0.8646816701021308,True,-540.0,False,decay,0,104
301,4.0,2.3548963363308935,0.6523702050860397,0.007122507122507123,8.0,0.8646816701021308,True,60.0,True,decay,0,104
302,4.0,2.3833054272399843,0.6580640709483881,0.007102272727272728,8.0,0.8646816701021308,True,60.0,True,decay,0,104
303,6.0,2.3974697331889927,0.6637670403327836,0.007082152974504249,8.0,0.8646816701021308,True,40.0,True,decay,0,104
304,4.0,2.4257183207596142,0.6695250510531326,0.007062146892655367,8.0,0.8646816701021308,True,60.0,True,decay,0,104
305,4.0,2.4538873348441212,0.6753373060491945,0.007042253521126761,8.0,0.8646816701021308,True,60.0,True,decay,0,104
306,6.0,2.467932278664346,0.6811574195966462,0.00702247191011236,8.0,0.8646816701021308,True,40.0,True,decay,0,104
307,6.0,2.4819378809052424,0.6869851880798455,0.007002801120448179,8.0,0.8646816701021308,True,40.0,True,decay,0,104
308,6.0,2.49590436135217,0.6928204112194337,0.006983240223463688,8.0,0.8646816701021308,True,40.0,True,decay,0,104
309,6.0,2.509831937953841,0.6986628920127919,0.006963788300835655,8.0,0.8646816701021308,True,40.0,True,decay,0,104
310,6.0,2.52372082684273,0.7045124366757083,0.006944444444444445,8.0,0.8646816701021308,True,-560.0,False,decay,0,104
311,6.0,2.5375712423551953,0.7103688545852275,0.006925207756232688,8.0,0.8646816701021308,True,40.0,True,decay,0,104
312,8.0,2.5375712423551953,0.7161879704698452,0.006906077348066299,8.0,0.8646816701021308,True,20.0,True,decay,0,104
313,4.0,2.5651194517215865,0.7220575942198507,0.006887052341597796,8.0,0.8646816701021308,True,60.0,True,decay,0,104
314,6.0,2.57885571545785,0.7279335376414899,0.006868131868131868,8.0,0.8646816701021308,True,40.0,True,decay,0,104
315,6.0,2.5925543455948366,0.7338156222091662,0.006849315068493151,8.0,0.8646816701021308,True,-560.0,False,decay,0,104
316,8.0,2.5925543455948366,0.7396607125342783,0.006830601092896175,8.0,0.8646816701021308,True,20.0,True,decay,0,104
317,4.0,2.6198023019981065,0.7455545733162966,0.0068119891008174395,8.0,0.8646816701021308,True,60.0,True,decay,0,104
318,6.0,2.6333892585198457,0.7514540567075577,0.006793478260869565,8.0,0.8646816701021308,True,40.0,True,decay,0,104
319,4.0,2.6604895295225557,0.7574012077132118,0.006775067750677507,8.0,0.8646816701021308,True,60.0,True,decay,0,104
320,8.0,2.6604895295225557,0.763311419892744,0.006756756756756757,8.0,0.8646816701021308,True,-580.0,False,decay,0,104
321,4.0,2.6874437074201296,0.7692684857984016,0.006738544474393531,8.0,0.8646816701021308,True,60.0,True,decay,0,104
322,4.0,2.714325427850237,0.7752717479652282,0.006720430107526882,8.0,0.8646816701021308,True,60.0,True,decay,0,104
323,6.0,2.7277302535875023,0.7812793125979122,0.006702412868632708,8.0,0.8646816701021308,True,40.0,True,decay,0,104
324,12.0,2.7009922856730637,0.7871680026993696,0.0066844919786096255,8.0,0.8646816701021308,True,-20.0,True,decay,0,104
325,6.0,2.714325619006397,0.793061451067281,0.006666666666666667,8.0,0.8646816701021308,True,40.0,True,decay,0,104
326,6.0,2.7276234913468222,0.7989595060681333,0.006648936170212766,8.0,0.8646816701021308,True,40.0,True,decay,0,104
327,8.0,2.7276234913468222,0.8048217066312904,0.006631299734748011,8.0,0.8646816701021308,True,20.0,True,decay,0,104
328,8.0,2.7276234913468222,0.810648378706186,0.006613756613756613,8.0,0.8646816701021308,True,20.0,True,decay,0,104
329,8.0,2.7276234913468222,0.8164398443032876,0.006596306068601583,8.0,0.8646816701021308,True,20.0,True,decay,0,104
330,8.0,2.7276234913468222,0.8221964215534188,0.006578947368421052,8.0,0.8646816701021308,True,20.0,True,decay,0,104
331,14.0,2.688253412606665,0.8278001963013265,0.006561679790026247,8.0,0.8646816701021308,True,-40.0,True,decay,0,104
332,6.0,2.701342417842267,0.8334096041502514,0.006544502617801047,8.0,0.8646816701021308,True,40.0,True,decay,0,104
333,8.0,2.701342417842267,0.8389855229970934,0.006527415143603134,8.0,0.8646816701021308,True,20.0,True,decay,0,104
334,8.0,2.701342417842267,0.8445282518507993,0.006510416666666667,8.0,0.8646816701021308,True,20.0,True,decay,0,104
335,4.0,2.7273164438162927,0.8501151604322993,0.006493506493506494,8.0,0.8646816701021308,True,60.0,True,decay,0,104
336,10.0,2.714363075940645,0.8556306868095429,0.006476683937823835,8.0,0.8646816701021308,True,0.0,True,decay,0,104
337,6.0,2.727282972581472,0.8611517849976607,0.006459948320413437,8.0,0.8646816701021308,True,40.0,True,decay,0,104
338,34.0,2.559757199385596,0.8661476832752723,0.0064432989690721655,8.0,0.8646816701021308,True,-240.0,True,decay,0,104
339,4.0,2.585464140259632,0.8711896670200945,0.006426735218508998,8.0,0.8646816701021308,True,60.0,True,decay,0,104
340,6.0,2.5982846530801447,0.8762396523594514,0.006410256410256411,8.0,0.8646816701021308,True,40.0,True,decay,0,104
341,4.0,2.6238601006504774,0.8813347557072386,0.00639386189258312,8.0,0.8646816701021308,True,60.0,True,decay,0,104
342,6.0,2.636615202691294,0.8864373151461458,0.006377551020408163,8.0,0.8646816701021308,True,40.0,True,decay,0,104
343,4.0,2.662060495312159,0.8915840490016995,0.0063613231552162855,8.0,0.8646816701021308,True,60.0,True,decay,0,104
344,4.0,2.687441205972058,0.8967743876056601,0.00634517766497462,8.0,0.8646816701021308,True,-540.0,False,decay,0,104
345,4.0,2.7127576616682605,0.902007768798924,0.006329113924050633,8.0,0.8646816701021308,True,-540.0,False,decay,0,104
346,4.0,2.7380101869207856,0.9072836378165157,0.006313131313131314,8.0,0.8646816701021308,True,60.0,True,decay,0,104
347,8.0,2.7380101869207856,0.9125292726277027,0.006297229219143577,8.0,0.8646816701021308,True,20.0,True,decay,0,104
348,6.0,2.7505730009911376,0.9177808261373126,0.00628140703517588,8.0,0.8646816701021308,True,40.0,True,decay,0,104
349,10.0,2.7380416726703354,0.9229667544750135,0.006265664160401002,8.0,0.8646816701021308,True,0.0,True,decay,0,104
350,8.0,2.7380416726703354,0.9281232173107958,0.00625,8.0,0.8646816701021308,True,20.0,True,decay,0,104
351,10.0,2.725572844740161,0.9332151426009639,0.006234413965087282,8.0,0.8646816701021308,True,0.0,True,decay,0,104
352,8.0,2.725572844740161,0.9382782999516397,0.006218905472636817,8.0,0.8646816701021308,True,20.0,True,decay,0,104
353,6.0,2.7379797926309797,0.9433478816211589,0.006203473945409429,8.0,0.8646816701021308,True,40.0,True,decay,0,104
354,16.0,2.68847484213593,0.9482499236450768,0.006188118811881188,8.0,0.8646816701021308,True,-60.0,True,decay,0,104
355,6.0,2.700820521148276,0.9531590849826208,0.006172839506172839,8.0,0.8646816701021308,True,40.0,True,decay,0,104
356,4.0,2.725451063020197,0.9581096212341225,0.006157635467980295,8.0,0.8646816701021308,True,60.0,True,decay,0,104
357,8.0,2.725451063020197,0.9630325778964792,0.006142506142506142,8.0,0.8646816701021308,True,20.0,True,decay,0,104
358,8.0,2.725451063020197,0.9679281847996007,0.006127450980392157,8.0,0.8646816701021308,True,20.0,True,decay,0,104
359,16.0,2.6765513075189746,0.9726612128403747,0.006112469437652812,8.0,0.8646816701021308,True,-60.0,True,decay,0,104
360,8.0,2.6765513075189746,0.9773680915549565,0.006097560975609757,8.0,0.8646816701021308,True,-580.0,False,decay,0,104
361,4.0,2.700882207762284,0.9821160643268775,0.006082725060827252,8.0,0.8646816701021308,True,60.0,True,decay,0,104
362,8.0,2.700882207762284,0.9868379493363154,0.006067961165048544,8.0,0.8646816701021308,True,20.0,True,decay,0,104
363,8.0,2.700882207762284,0.9915339610032359,0.006053268765133173,8.0,0.8646816701021308,True,20.0,True,decay,0,104
364,4.0,2.7250367971342646,0.9962703075500419,0.006038647342995169,8.0,0.8646816701021308,True,60.0,True,decay,0,104
365,6.0,2.737084989905349,1.0010136718071407,0.006024096385542168,8.0,0.8646816701021308,True,40.0,True,decay,0,104
366,10.0,2.7250657591361183,1.0056985959574911,0.006009615384615385,8.0,0.8646816701021308,True,0.0,True,decay,0,104
367,10.0,2.7130753514622574,1.0103256332352817,0.005995203836930456,8.0,0.8646816701021308,True,0.0,True,decay,0,104
368,4.0,2.7369987964383338,1.014992317460155,0.00598086124401914,8.0,0.8646816701021308,True,60.0,True,decay,0,104
369,6.0,2.7489319706626776,1.0196660092477627,0.005966587112171838,8.0,0.8646816701021308,True,40.0,True,decay,0,104
370,6.0,2.7608367325674394,1.0243465757082997,0.005952380952380952,8.0,0.8646816701021308,True,40.0,True,decay,0,104
371,8.0,2.7608367325674394,1.0290020452977342,0.005938242280285036,8.0,0.8646816701021308,True,20.0,True,decay,0,104
372,8.0,2.7608367325674394,1.033632619327867,0.005924170616113744,8.0,0.8646816701021308,True,20.0,True,decay,0,104
373,10.0,2.749016401598172,1.038206976080588,0.00591016548463357,8.0,0.8646816701021308,True,0.0,True,decay,0,104
374,6.0,2.760808854428361,1.0427883640549171,0.00589622641509434,8.0,0.8646816701021308,True,40.0,True,decay,0,104
375,10.0,2.749044148546008,1.0473142414673604,0.0058823529411764705,8.0,0.8646816701021308,True,0.0,True,decay,0,104
376,6.0,2.760781237747886,1.0518472229390021,0.005868544600938968,8.0,0.8646816701021308,True,40.0,True,decay,0,104
377,14.0,2.7256524321272773,1.0562635955226123,0.005854800936768151,8.0,0.8646816701021308,True,-40.0,True,decay,0,104
378,6.0,2.7373346751179315,1.0606874667847053,0.005841121495327103,8.0,0.8646816701021308,True,40.0,True,decay,0,104
379,8.0,2.7373346751179315,1.065088115625475,0.005827505827505828,8.0,0.8646816701021308,True,20.0,True,decay,0,104
380,14.0,2.702450954187699,1.0693744057787793,0.005813953488372092,8.0,0.8646816701021308,True,-40.0,True,decay,0,104
381,4.0,2.725652810336191,1.0736988924747517,0.00580046403712297,8.0,0.8646816701021308,True,60.0,True,decay,0,104
382,8.0,2.725652810336191,1.078000855802516,0.005787037037037037,8.0,0.8646816701021308,True,20.0,True,decay,0,104
383,14.0,2.691010778003627,1.0821904919640772,0.005773672055427252,8.0,0.8646816701021308,True,-40.0,True,decay,0,104
384,4.0,2.714052252658005,1.0864181131057713,0.00576036866359447,8.0,0.8646816701021308,True,60.0,True,decay,0,104
385,12.0,2.6910637469108782,1.0905644842525546,0.00574712643678161,8.0,0.8646816701021308,True,-20.0,True,decay,0,104
386,6.0,2.702531636819135,1.0947190387694787,0.0057339449541284416,8.0,0.8646816701021308,True,40.0,True,decay,0,104
387,4.0,2.7254149320136434,1.0989110590605946,0.005720823798627002,8.0,0.8646816701021308,True,60.0,True,decay,0,104
388,6.0,2.7368304571277986,1.103110852388972,0.005707762557077626,8.0,0.8646816701021308,True,40.0,True,decay,0,104
389,14.0,2.702661892207525,1.107201775764467,0.005694760820045558,8.0,0.8646816701021308,True,-40.0,True,decay,0,104
390,4.0,2.725389164934798,1.111329804818473,0.005681818181818182,8.0,0.8646816701021308,True,60.0,True,decay,0,104
391,6.0,2.736727033415524,1.1154656756291528,0.005668934240362812,8.0,0.8646816701021308,True,40.0,True,decay,0,104
392,6.0,2.748039250610094,1.1196092633829113,0.005656108597285069,8.0,0.8646816701021308,True,-560.0,False,decay,0,104
393,10.0,2.7367525688945182,1.123703297067751,0.005643340857787811,8.0,0.8646816701021308,True,0.0,True,decay,0,104
394,6.0,2.7480138301557795,1.1278050913432258,0.005630630630630631,8.0,0.8646816701021308,True,40.0,True,decay,0,104
395,12.0,2.72554192004342,1.1318296173601028,0.0056179775280898875,8.0,0.8646816701021308,True,-20.0,True,decay,0,104
396,14.0,2.691909633047904,1.1357494163944943,0.005605381165919283,8.0,0.8646816701021308,True,-40.0,True,decay,0,104
397,8.0,2.691909633047904,1.139649567313425,0.005592841163310961,8.0,0.8646816701021308,True,20.0,True,decay,0,104
398,4.0,2.7142310616193326,1.14358602104919,0.005580357142857143,8.0,0.8646816701021308,True,60.0,True,decay,0,104
399,8.0,2.7142310616193326,1.14750284159924,0.005567928730512249,8.0,0.8646816701021308,True,20.0,True,decay,0,104
0,12.0,0.8,0.9,0.05,8.0,0.8646816701021308,False,-2.0,True,decay,0,105
1,8.0,0.8,0.8666666666666667,0.049019607843137254,8.0,0.8646816701021308,False,2.0,True,decay,0,105
2,10.0,0.7038461538461539,0.8259615384615385,0.04807692307692308,8.0,0.8646816701021308,False,0.0,True,decay,0,105
3,16.0,0.32648766328011614,0.726066763425254,0.04716981132075472,8.0,0.8646816701021308,False,-6.0,True,decay,0,105
4,6.0,0.4190802558727087,0.6749023454998299,0.046296296296296294,8.0,0.8646816701021308,False,4.0,True,decay,0,105
5,10.0,0.32817116496361776,0.6253693197089424,0.045454545454545456,8.0,0.8646816701021308,False,0.0,True,decay,0,105
6,10.0,0.23888545067790345,0.5770588360800626,0.044642857142857144,8.0,0.8646816701021308,False,0.0,True,decay,0,105
7,4.0,0.4143240471691315,0.558977192867737,0.043859649122807015,8.0,0.8646816701021308,False,6.0,True,decay,0,105
8,6.0,0.5005309437208556,0.5531325679530488,0.04310344827586207,8.0,0.8646816701021308,False,4.0,True,decay,0,105
9,10.0,0.4157851810089912,0.5406464418672253,0.04237288135593221,8.0,0.8646816701021308,False,-60.0,False,decay,0,105
10,16.0,0.08245184767565783,0.502463559017928,0.04166666666666667,8.0,0.8646816701021308,False,-6.0,True,decay,0,105
11,8.0,0.08245184767565783,0.4701549658377534,0.04098360655737705,8.0,0.8646816701021308,False,2.0,True,decay,0,105
12,6.0,0.16309700896598042,0.44822225463262677,0.040322580645161296,8.0,0.8646816701021308,False,-56.0,False,decay,0,105
13,18.0,0.0,0.41834077099045164,0.03968253968253969,8.0,0.8646816701021308,False,-8.0,True,decay,0,105
14,4.0,0.15625,0.4019600978035484,0.0390625,8.0,0.8646816701021308,False,6.0,True,decay,0,105
15,6.0,0.23317307692307693,0.39203144951646185,0.038461538461538464,8.0,0.8646816701021308,False,4.0,True,decay,0,105
16,4.0,0.3846882284382285,0.3916234927898933,0.03787878787878788,8.0,0.8646816701021308,False,6.0,True,decay,0,105
17,6.0,0.45931509410987026,0.39518620864883947,0.03731343283582089,8.0,0.8646816701021308,False,4.0,True,decay,0,105
18,12.0,0.31225627058045846,0.3910397117454204,0.03676470588235295,8.0,0.8646816701021308,False,-2.0,True,decay,0,105
19,8.0,0.31225627058045846,0.3872881193089936,0.03623188405797102,8.0,0.8646816701021308,False,2.0,True,decay,0,105
20,8.0,0.31225627058045846,0.38387758073042383,0.03571428571428572,8.0,0.8646816701021308,False,2.0,True,decay,0,105
21,14.0,0.10098866494665565,0.3715780626528687,0.035211267605633804,8.0,0.8646816701021308,False,-4.0,True,decay,0,105
22,8.0,0.10098866494665565,0.3603035044151098,0.034722222222222224,8.0,0.8646816701021308,False,2.0,True,decay,0,105
23,4.0,0.23797496631651868,0.3554103628911661,0.03424657534246576,8.0,0.8646816701021308,False,6.0,True,decay,0,105
24,4.0,0.3731101014516538,0.35609112206656945,0.033783783783783786,8.0,0.8646816701021308,False,6.0,True,decay,0,105
25,8.0,0.3731101014516538,0.35672145463638744,0.03333333333333333,8.0,0.8646816701021308,False,2.0,True,decay,0,105
26,6.0,0.4388995751358643,0.3596563875113687,0.03289473684210526,8.0,0.8646816701021308,False,4.0,True,decay,0,105
27,8.0,0.4388995751358643,0.3623889112225582,0.03246753246753247,8.0,0.8646816701021308,False,2.0,True,decay,0,105
28,8.0,0.4388995751358643,0.36493926668633503,0.032051282051282055,8.0,0.8646816701021308,False,2.0,True,decay,0,105
29,10.0,0.375608435895358,0.36528343343501324,0.03164556962025317,8.0,0.8646816701021308,False,0.0,True,decay,0,105
30,6.0,0.438108435895358,0.367559214761899,0.03125,8.0,0.8646816701021308,False,4.0,True,decay,0,105
31,10.0,0.3763800408336296,0.3678265125216484,0.030864197530864196,8.0,0.8646816701021308,False,0.0,True,decay,0,105
32,8.0,0.3763800408336296,0.3680780868837655,0.03048780487804878,8.0,0.8646816701021308,False,2.0,True,decay,0,105
33,8.0,0.3763800408336296,0.3683152855680473,0.030120481927710843,8.0,0.8646816701021308,False,2.0,True,decay,0,105
34,8.0,0.3763800408336296,0.36853930654764677,0.02976190476190476,8.0,0.8646816701021308,False,2.0,True,decay,0,105
35,6.0,0.4352035702453943,0.37034104340434265,0.029411764705882353,8.0,0.8646816701021308,False,4.0,True,decay,0,105
36,6.0,0.4933431051291152,0.3735779397655209,0.029069767441860468,8.0,0.8646816701021308,False,4.0,True,decay,0,105
37,12.0,0.378400576393483,0.3737015971149558,0.02873563218390805,8.0,0.8646816701021308,False,-2.0,True,decay,0,105
38,12.0,0.26476421275711937,0.3709781625060099,0.02840909090909091,8.0,0.8646816701021308,False,-2.0,True,decay,0,105
39,8.0,0.26476421275711937,0.3683875783657931,0.02808988764044944,8.0,0.8646816701021308,False,-58.0,False,decay,0,105
40,4.0,0.37587532386823047,0.36856585802061304,0.02777777777777778,8.0,0.8646816701021308,False,6.0,True,decay,0,105
41,14.0,0.21104015903306564,0.36490246967206547,0.027472527472527472,8.0,0.8646816701021308,False,-4.0,True,decay,0,105
42,4.0,0.3197358112069787,0.3638759547069499,0.027173913043478264,8.0,0.8646816701021308,False,6.0,True,decay,0,105
43,8.0,0.3197358112069787,0.3628950626291727,0.02688172043010753,8.0,0.8646816701021308,False,2.0,True,decay,0,105
44,6.0,0.37292730056868084,0.3631131547582925,0.026595744680851068,8.0,0.8646816701021308,False,4.0,True,decay,0,105
45,8.0,0.37292730056868084,0.3633219663712794,0.026315789473684213,8.0,0.8646816701021308,False,2.0,True,decay,0,105
46,8.0,0.37292730056868084,0.36352207750039195,0.026041666666666668,8.0,0.8646816701021308,False,2.0,True,decay,0,105
47,6.0,0.42447369232125814,0.3647659880069402,0.025773195876288662,8.0,0.8646816701021308,False,4.0,True,decay,0,105
48,16.0,0.22039205966819692,0.3618785094401653,0.025510204081632654,8.0,0.8646816701021308,False,-6.0,True,decay,0,105
49,4.0,0.32140216067829797,0.3610848555428738,0.025252525252525256,8.0,0.8646816701021308,False,6.0,True,decay,0,105
50,8.0,0.32140216067829797,0.360321726795478,0.025,8.0,0.8646816701021308,False,2.0,True,decay,0,105
51,8.0,0.32140216067829797,0.35958739535930484,0.024752475247524754,8.0,0.8646816701021308,False,2.0,True,decay,0,105
52,6.0,0.3704217685214352,0.3597880318993443,0.024509803921568627,8.0,0.8646816701021308,False,4.0,True,decay,0,105
53,6.0,0.41896545784182354,0.3608639850982985,0.024271844660194174,8.0,0.8646816701021308,False,4.0,True,decay,0,105
54,8.0,0.41896545784182354,0.36190151139729,0.02403846153846154,8.0,0.8646816701021308,False,2.0,True,decay,0,105
55,8.0,0.41896545784182354,0.362902633264738,0.023809523809523808,8.0,0.8646816701021308,False,2.0,True,decay,0,105
56,8.0,0.41896545784182354,0.36386923368848084,0.02358490566037736,8.0,0.8646816701021308,False,2.0,True,decay,0,105
57,8.0,0.41896545784182354,0.3648030679961647,0.02336448598130841,8.0,0.8646816701021308,False,2.0,True,decay,0,105
58,8.0,0.41896545784182354,0.3657057744935923,0.023148148148148147,8.0,0.8646816701021308,False,2.0,True,decay,0,105
59,12.0,0.3272223385757685,0.3650748984949395,0.022935779816513766,8.0,0.8646816701021308,False,-2.0,True,decay,0,105
60,10.0,0.281767793121223,0.36373123550504083,0.022727272727272728,8.0,0.8646816701021308,False,0.0,True,decay,0,105
61,6.0,0.32681283816626805,0.3631452291980762,0.022522522522522525,8.0,0.8646816701021308,False,4.0,True,decay,0,105
62,10.0,0.2821699810234109,0.36187999094534706,0.022321428571428572,8.0,0.8646816701021308,False,0.0,True,decay,0,105
63,10.0,0.23792219341279142,0.3599729479063847,0.022123893805309738,8.0,0.8646816701021308,False,0.0,True,decay,0,105
64,4.0,0.32564149165840545,0.35945277432686984,0.021929824561403508,8.0,0.8646816701021308,False,6.0,True,decay,0,105
65,14.0,0.19520670904970977,0.35700134051676297,0.02173913043478261,8.0,0.8646816701021308,False,-4.0,True,decay,0,105
66,8.0,0.19520670904970977,0.35462200770107105,0.021551724137931032,8.0,0.8646816701021308,False,2.0,True,decay,0,105
67,4.0,0.28067679451979527,0.35355033794482066,0.02136752136752137,8.0,0.8646816701021308,False,6.0,True,decay,0,105
68,8.0,0.28067679451979527,0.3525092873244632,0.0211864406779661,8.0,0.8646816701021308,False,2.0,True,decay,0,105
69,6.0,0.32269360124248436,0.35208934808387193,0.02100840336134454,8.0,0.8646816701021308,False,4.0,True,decay,0,105
70,8.0,0.32269360124248436,0.351681073822186,0.020833333333333332,8.0,0.8646816701021308,False,2.0,True,decay,0,105
71,8.0,0.32269360124248436,0.3512839851567106,0.02066115702479339,8.0,0.8646816701021308,False,2.0,True,decay,0,105
72,18.0,0.11777556845559911,0.348128466012101,0.020491803278688527,8.0,0.8646816701021308,False,-8.0,True,decay,0,105
73,8.0,0.11777556845559911,0.345057094044681,0.020325203252032523,8.0,0.8646816701021308,False,2.0,True,decay,0,105
74,4.0,0.1984207297459217,0.34312766819864465,0.020161290322580648,8.0,0.8646816701021308,False,6.0,True,decay,0,105
75,6.0,0.2384207297459217,0.3417678378291288,0.02,8.0,0.8646816701021308,False,4.0,True,decay,0,105
76,8.0,0.2384207297459217,0.34044287490498515,0.019841269841269844,8.0,0.8646816701021308,False,2.0,True,decay,0,105
77,4.0,0.3171608872262367,0.34014816620019084,0.01968503937007874,8.0,0.8646816701021308,False,6.0,True,decay,0,105
78,18.0,0.1218483872262367,0.3374194189630164,0.01953125,8.0,0.8646816701021308,False,-8.0,True,decay,0,105
79,6.0,0.16060807714871733,0.33523656289123493,0.01937984496124031,8.0,0.8646816701021308,False,4.0,True,decay,0,105
80,4.0,0.23753115407179426,0.3340450335153881,0.019230769230769232,8.0,0.8646816701021308,False,6.0,True,decay,0,105
81,4.0,0.3138670319343897,0.333801925062605,0.019083969465648856,8.0,0.8646816701021308,False,6.0,True,decay,0,105
82,8.0,0.3138670319343897,0.33356460490631673,0.01893939393939394,8.0,0.8646816701021308,False,2.0,True,decay,0,105
83,8.0,0.3138670319343897,0.3333328687537058,0.018796992481203006,8.0,0.8646816701021308,False,2.0,True,decay,0,105
84,6.0,0.3511804647702106,0.3335403989399442,0.01865671641791045,8.0,0.8646816701021308,False,4.0,True,decay,0,105
85,22.0,0.09192120551095134,0.330763166831565,0.018518518518518517,8.0,0.8646816701021308,False,-12.0,True,decay,0,105
86,4.0,0.16545061727565724,0.328884615132066,0.018382352941176475,8.0,0.8646816701021308,False,6.0,True,decay,0,105
87,8.0,0.16545061727565724,0.3270482780774996,0.01824817518248175,8.0,0.8646816701021308,False,2.0,True,decay,0,105
88,4.0,0.2379143853915993,0.3260579014921007,0.01811594202898551,8.0,0.8646816701021308,False,6.0,True,decay,0,105
89,4.0,0.3098568314347647,0.3258798677552069,0.017985611510791366,8.0,0.8646816701021308,False,6.0,True,decay,0,105
90,6.0,0.3455711171490504,0.32609390307470515,0.01785714285714286,8.0,0.8646816701021308,False,4.0,True,decay,0,105
91,14.0,0.23918813842564618,0.3251594324870809,0.017730496453900707,8.0,0.8646816701021308,False,-4.0,True,decay,0,105
92,4.0,0.3096106736369138,0.3249940201588876,0.017605633802816902,8.0,0.8646816701021308,False,6.0,True,decay,0,105
93,6.0,0.34457570860194875,0.32520014319513035,0.01748251748251748,8.0,0.8646816701021308,False,4.0,True,decay,0,105
94,8.0,0.34457570860194875,0.3254019720014514,0.017361111111111112,8.0,0.8646816701021308,False,2.0,True,decay,0,105
95,8.0,0.34457570860194875,0.32559963938908537,0.017241379310344827,8.0,0.8646816701021308,False,2.0,True,decay,0,105
96,16.0,0.20758940723208572,0.324395453346667,0.01712328767123288,8.0,0.8646816701021308,False,-6.0,True,decay,0,105
97,12.0,0.13956219634773198,0.3225284507507182,0.017006802721088437,8.0,0.8646816701021308,False,-62.0,False,decay,0,105
98,8.0,0.13956219634773198,0.3206987882066883,0.016891891891891893,8.0,0.8646816701021308,False,2.0,True,decay,0,105
99,4.0,0.20667629030746354,0.3195698525839237,0.016778523489932886,8.0,0.8646816701021308,False,6.0,True,decay,0,105
100,4.0,0.2733429569741302,0.31911664772500414,0.016666666666666666,8.0,0.8646816701021308,False,6.0,True,decay,0,105
101,6.0,0.30645553975558715,0.3189937243466603,0.016556291390728478,8.0,0.8646816701021308,False,4.0,True,decay,0,105
102,8.0,0.30645553975558715,0.31887316487943845,0.01644736842105263,8.0,0.8646816701021308,False,2.0,True,decay,0,105
103,12.0,0.24109606263140415,0.3181324305723144,0.016339869281045753,8.0,0.8646816701021308,False,-2.0,True,decay,0,105
104,6.0,0.27356359509893663,0.31771196986030137,0.016233766233766236,8.0,0.8646816701021308,False,4.0,True,decay,0,105
105,8.0,0.27356359509893663,0.31729936822701754,0.016129032258064516,8.0,0.8646816701021308,False,2.0,True,decay,0,105
106,10.0,0.24151231304765458,0.31659763623461606,0.016025641025641028,8.0,0.8646816701021308,False,0.0,True,decay,0,105
107,8.0,0.24151231304765458,0.3159087800585889,0.01592356687898089,8.0,0.8646816701021308,False,2.0,True,decay,0,105
108,6.0,0.27315788266790775,0.3155201355368555,0.015822784810126583,8.0,0.8646816701021308,False,4.0,True,decay,0,105
109,8.0,0.27315788266790775,0.3151384936191172,0.015723270440251572,8.0,0.8646816701021308,False,2.0,True,decay,0,105
110,10.0,0.24190788266790775,0.31448464887848143,0.015625,8.0,0.8646816701021308,False,0.0,True,decay,0,105
111,4.0,0.3040196839101438,0.3143920385690271,0.015527950310559006,8.0,0.8646816701021308,False,6.0,True,decay,0,105
112,12.0,0.2422912888484154,0.3137595758521796,0.015432098765432098,8.0,0.8646816701021308,False,-2.0,True,decay,0,105
113,4.0,0.3036409820999491,0.3136715880804211,0.015337423312883436,8.0,0.8646816701021308,False,6.0,True,decay,0,105
114,10.0,0.27315317722190036,0.313322291435089,0.01524390243902439,8.0,0.8646816701021308,False,0.0,True,decay,0,105
115,8.0,0.27315317722190036,0.3129789656725831,0.015151515151515152,8.0,0.8646816701021308,False,2.0,True,decay,0,105
116,8.0,0.27315317722190036,0.31264145899079765,0.015060240963855423,8.0,0.8646816701021308,False,2.0,True,decay,0,105
117,8.0,0.27315317722190036,0.3123096246902187,0.014970059880239523,8.0,0.8646816701021308,False,2.0,True,decay,0,105
118,10.0,0.2433912724599956,0.31173530508830016,0.014880952380952382,8.0,0.8646816701021308,False,-60.0,False,decay,0,105
119,4.0,0.3025628700931317,0.31165949984040625,0.014792899408284025,8.0,0.8646816701021308,False,6.0,True,decay,0,105
120,6.0,0.33197463479901407,0.311826017340067,0.014705882352941178,8.0,0.8646816701021308,False,4.0,True,decay,0,105
121,14.0,0.24425533655340004,0.3112766622117201,0.014619883040935673,8.0,0.8646816701021308,False,-4.0,True,decay,0,105
122,4.0,0.30239487143712096,0.31120503486676365,0.014534883720930234,8.0,0.8646816701021308,False,6.0,True,decay,0,105
123,6.0,0.3312966055411672,0.31136576743215894,0.014450867052023123,8.0,0.8646816701021308,False,4.0,True,decay,0,105
124,14.0,0.24508970898944304,0.3108397669683278,0.014367816091954025,8.0,0.8646816701021308,False,-4.0,True,decay,0,105
125,4.0,0.3022325661323002,0.3107719937333985,0.014285714285714287,8.0,0.8646816701021308,False,6.0,True,decay,0,105
126,12.0,0.24541438431411838,0.31026138740981035,0.014204545454545456,8.0,0.8646816701021308,False,-2.0,True,decay,0,105
127,8.0,0.24541438431411838,0.3097586974633321,0.014124293785310734,8.0,0.8646816701021308,False,2.0,True,decay,0,105
128,8.0,0.24541438431411838,0.30926374120833816,0.01404494382022472,8.0,0.8646816701021308,False,2.0,True,decay,0,105
129,6.0,0.27334734520797316,0.3089895702465033,0.013966480446927375,8.0,0.8646816701021308,False,4.0,True,decay,0,105
130,10.0,0.24556956743019537,0.30850911567971306,0.01388888888888889,8.0,0.8646816701021308,False,0.0,True,decay,0,105
131,10.0,0.21794525803793016,0.30782818441924853,0.013812154696132598,8.0,0.8646816701021308,False,0.0,True,decay,0,105
132,6.0,0.24541778551045762,0.3073624351736605,0.013736263736263736,8.0,0.8646816701021308,False,4.0,True,decay,0,105
133,4.0,0.300062594253627,0.30730836227795655,0.01366120218579235,8.0,0.8646816701021308,False,6.0,True,decay,0,105
134,14.0,0.21854085512319224,0.30665566001946565,0.01358695652173913,8.0,0.8646816701021308,False,-4.0,True,decay,0,105
135,4.0,0.27259490917724627,0.3064070414001794,0.013513513513513514,8.0,0.8646816701021308,False,6.0,True,decay,0,105
136,12.0,0.2188314683170312,0.3057724357981276,0.013440860215053764,8.0,0.8646816701021308,False,-2.0,True,decay,0,105
137,6.0,0.2455694362314697,0.3053393206933315,0.013368983957219251,8.0,0.8646816701021308,False,-56.0,False,decay,0,105
138,4.0,0.29876092559317186,0.30529233215690177,0.013297872340425532,8.0,0.8646816701021308,False,6.0,True,decay,0,105
139,8.0,0.29876092559317186,0.3052460101245349,0.013227513227513227,8.0,0.8646816701021308,False,2.0,True,decay,0,105
140,6.0,0.3250767150668561,0.30538566297624137,0.013157894736842105,8.0,0.8646816701021308,False,4.0,True,decay,0,105
141,6.0,0.3512547255380603,0.30570642565149886,0.013089005235602096,8.0,0.8646816701021308,False,4.0,True,decay,0,105
142,8.0,0.3512547255380603,0.3060227332896,0.013020833333333334,8.0,0.8646816701021308,False,2.0,True,decay,0,105
143,6.0,0.3771614612893556,0.3065133452068397,0.01295336787564767,8.0,0.8646816701021308,False,4.0,True,decay,0,105
144,14.0,0.29984187366048964,0.3064676501962483,0.012886597938144331,8.0,0.8646816701021308,False,-4.0,True,decay,0,105
145,10.0,0.274200848019464,0.30624814814062384,0.012820512820512822,8.0,0.8646816701021308,False,0.0,True,decay,0,105
146,14.0,0.19767023577456602,0.30551451359760995,0.012755102040816327,8.0,0.8646816701021308,False,-4.0,True,decay,0,105
147,6.0,0.2230509464344645,0.30496106683812574,0.01269035532994924,8.0,0.8646816701021308,False,4.0,True,decay,0,105
148,6.0,0.24830347168698974,0.3045833495371182,0.012626262626262628,8.0,0.8646816701021308,False,-56.0,False,decay,0,105
149,6.0,0.27342909982769326,0.3043770300026187,0.01256281407035176,8.0,0.8646816701021308,False,4.0,True,decay,0,105
150,6.0,0.2984290998276933,0.3043378988830468,0.0125,8.0,0.8646816701021308,False,4.0,True,decay,0,105
151,10.0,0.273553477937146,0.3041366935173873,0.012437810945273634,8.0,0.8646816701021308,False,0.0,True,decay,0,105
152,12.0,0.22404852744209652,0.3036166404909244,0.012376237623762377,8.0,0.8646816701021308,False,-2.0,True,decay,0,105
153,4.0,0.2733096111859389,0.3034211112696019,0.01231527093596059,8.0,0.8646816701021308,False,6.0,True,decay,0,105
154,6.0,0.29781941510750753,0.3033852029608705,0.012254901960784314,8.0,0.8646816701021308,False,4.0,True,decay,0,105
155,6.0,0.3222096590099466,0.30350510395481367,0.012195121951219514,8.0,0.8646816701021308,False,4.0,True,decay,0,105
156,6.0,0.34648150367014074,0.3037771064846575,0.012135922330097087,8.0,0.8646816701021308,False,4.0,True,decay,0,105
157,10.0,0.32232691429816007,0.3038937719426041,0.012077294685990338,8.0,0.8646816701021308,False,0.0,True,decay,0,105
158,6.0,0.34636537583662164,0.3041592194669417,0.01201923076923077,8.0,0.8646816701021308,False,4.0,True,decay,0,105
159,6.0,0.3702888208126982,0.30456996233244327,0.01196172248803828,8.0,0.8646816701021308,False,4.0,True,decay,0,105
160,8.0,0.3702888208126982,0.3049756342983707,0.011904761904761904,8.0,0.8646816701021308,False,2.0,True,decay,0,105
161,10.0,0.3465921383482432,0.3052309502741368,0.011848341232227487,8.0,0.8646816701021308,False,0.0,True,decay,0,105
162,14.0,0.2758374213671111,0.30505172143933784,0.01179245283018868,8.0,0.8646816701021308,False,-4.0,True,decay,0,105
163,6.0,0.29931159977086697,0.30501693282316533,0.011737089201877935,8.0,0.8646816701021308,False,4.0,True,decay,0,105
164,10.0,0.27594711378955855,0.3048418134313966,0.011682242990654205,8.0,0.8646816701021308,False,0.0,True,decay,0,105
165,12.0,0.2294354858825818,0.3043902785358947,0.011627906976744184,8.0,0.8646816701021308,False,-2.0,True,decay,0,105
166,6.0,0.25258363403073,0.3040819056519354,0.011574074074074073,8.0,0.8646816701021308,False,4.0,True,decay,0,105
167,4.0,0.29866658333948576,0.30404986232464276,0.01152073732718894,8.0,0.8646816701021308,False,6.0,True,decay,0,105
168,14.0,0.22985924388994444,0.30361344692208575,0.011467889908256883,8.0,0.8646816701021308,False,-4.0,True,decay,0,105
169,4.0,0.27552134434656544,0.30344916562047447,0.011415525114155252,8.0,0.8646816701021308,False,-54.0,False,decay,0,105
170,8.0,0.27552134434656544,0.30328679456655644,0.011363636363636364,8.0,0.8646816701021308,False,2.0,True,decay,0,105
171,8.0,0.27552134434656544,0.30312630063464896,0.011312217194570137,8.0,0.8646816701021308,False,2.0,True,decay,0,105
172,8.0,0.27552134434656544,0.3029676514605795,0.011261261261261262,8.0,0.8646816701021308,False,2.0,True,decay,0,105
173,8.0,0.27552134434656544,0.302810815419928,0.011210762331838566,8.0,0.8646816701021308,False,2.0,True,decay,0,105
174,14.0,0.20855705863227975,0.30227528271090726,0.011160714285714286,8.0,0.8646816701021308,False,-4.0,True,decay,0,105
175,6.0,0.23077928085450197,0.30187135049702923,0.011111111111111112,8.0,0.8646816701021308,False,4.0,True,decay,0,105
176,14.0,0.16440759943857275,0.3010990822326559,0.011061946902654869,8.0,0.8646816701021308,False,-4.0,True,decay,0,105
177,8.0,0.16440759943857275,0.3003354426639739,0.011013215859030838,8.0,0.8646816701021308,False,2.0,True,decay,0,105
178,10.0,0.14247777487716923,0.2994584556207139,0.010964912280701754,8.0,0.8646816701021308,False,0.0,True,decay,0,105
179,4.0,0.18614589714791158,0.29883241938605754,0.01091703056768559,8.0,0.8646816701021308,False,6.0,True,decay,0,105
180,6.0,0.2078850275826942,0.298332708442083,0.010869565217391306,8.0,0.8646816701021308,False,4.0,True,decay,0,105
181,6.0,0.22953004922771583,0.29795673762670394,0.010822510822510822,8.0,0.8646816701021308,False,4.0,True,decay,0,105
182,6.0,0.25108177336564685,0.2977019823861547,0.010775862068965516,8.0,0.8646816701021308,False,4.0,True,decay,0,105
183,4.0,0.29400022830126915,0.2976819729046148,0.01072961373390558,8.0,0.8646816701021308,False,6.0,True,decay,0,105
184,14.0,0.22989766419870505,0.29731754113737874,0.010683760683760686,8.0,0.8646816701021308,False,-4.0,True,decay,0,105
185,4.0,0.27245085568806676,0.2971845642098423,0.010638297872340425,8.0,0.8646816701021308,False,-54.0,False,decay,0,105
186,10.0,0.25126441501010066,0.29694030809707767,0.01059322033898305,8.0,0.8646816701021308,False,0.0,True,decay,0,105
187,12.0,0.20907032218309646,0.29647538753668623,0.010548523206751054,8.0,0.8646816701021308,False,-2.0,True,decay,0,105
188,6.0,0.230078725544441,0.29612593142093757,0.01050420168067227,8.0,0.8646816701021308,False,4.0,True,decay,0,105
189,10.0,0.2091582234523908,0.29567060310696613,0.010460251046025104,8.0,0.8646816701021308,False,-60.0,False,decay,0,105
190,6.0,0.22999155678572414,0.29532852474070964,0.010416666666666666,8.0,0.8646816701021308,False,4.0,True,decay,0,105
191,4.0,0.2714853327193341,0.29520498488567665,0.01037344398340249,8.0,0.8646816701021308,False,-54.0,False,decay,0,105
192,8.0,0.2714853327193341,0.29508271863739655,0.010330578512396695,8.0,0.8646816701021308,False,2.0,True,decay,0,105
193,6.0,0.29206146440657693,0.29506722502595645,0.010288065843621401,8.0,0.8646816701021308,False,4.0,True,decay,0,105
194,8.0,0.29206146440657693,0.29505188951259226,0.010245901639344263,8.0,0.8646816701021308,False,2.0,True,decay,0,105
195,8.0,0.29206146440657693,0.2950367096897191,0.01020408163265306,8.0,0.8646816701021308,False,2.0,True,decay,0,105
196,6.0,0.31238666765860945,0.295124335740067,0.010162601626016262,8.0,0.8646816701021308,False,4.0,True,decay,0,105
197,8.0,0.31238666765860945,0.2952110811265924,0.010121457489878544,8.0,0.8646816701021308,False,2.0,True,decay,0,105
198,12.0,0.27206408701344814,0.2950953461560266,0.010080645161290324,8.0,0.8646816701021308,False,-2.0,True,decay,0,105
199,10.0,0.2519837657283076,0.29488086068126185,0.010040160642570281,8.0,0.8646816701021308,False,0.0,True,decay,0,105
200,6.0,0.2719837657283076,0.29476750872604923,0.01,8.0,0.8646816701021308,True,40.0,True,decay,0,105
201,6.0,0.2919040844534072,0.29475340318776033,0.0099601593625498,8.0,0.8646816701021308,True,40.0,True,decay,0,105
202,6.0,0.31174535429467704,0.29483669706573545,0.009920634920634922,8.0,0.8646816701021308,True,-560.0,False,decay,0,105
203,12.0,0.2722196625950723,0.29472637006831753,0.009881422924901186,8.0,0.8646816701021308,True,-620.0,False,decay,0,105
204,8.0,0.2722196625950723,0.2946171142067969,0.00984251968503937,8.0,0.8646816701021308,True,20.0,True,decay,0,105
205,4.0,0.31143534886958213,0.29469836171724517,0.009803921568627453,8.0,0.8646816701021308,True,60.0,True,decay,0,105
206,4.0,0.35049784886958213,0.29496662848240063,0.009765625,8.0,0.8646816701021308,True,60.0,True,decay,0,105
207,4.0,0.38940835470615803,0.29541850277055254,0.00972762645914397,8.0,0.8646816701021308,True,60.0,True,decay,0,105
208,10.0,0.37002850974491774,0.29577378851804953,0.009689922480620155,8.0,0.8646816701021308,True,0.0,True,decay,0,105
209,10.0,0.3507234904398984,0.29603421364564125,0.009652509652509654,8.0,0.8646816701021308,True,0.0,True,decay,0,105
210,8.0,0.3507234904398984,0.2962921819324066,0.009615384615384616,8.0,0.8646816701021308,True,20.0,True,decay,0,105
211,6.0,0.3698805785625038,0.29663766736259484,0.009578544061302683,8.0,0.8646816701021308,True,40.0,True,decay,0,105
212,4.0,0.4080485174938015,0.29715827881180606,0.009541984732824428,8.0,0.8646816701021308,True,60.0,True,decay,0,105
213,6.0,0.42705992433790796,0.2977624725119275,0.009505703422053233,8.0,0.8646816701021308,True,40.0,True,decay,0,105
214,4.0,0.46493871221669586,0.29853643658463475,0.00946969696969697,8.0,0.8646816701021308,True,60.0,True,decay,0,105
215,6.0,0.48380663674499774,0.2993902163088761,0.009433962264150945,8.0,0.8646816701021308,True,40.0,True,decay,0,105
216,6.0,0.5026036292262007,0.3003223879277629,0.009398496240601503,8.0,0.8646816701021308,True,40.0,True,decay,0,105
217,10.0,0.4838770374659011,0.3011605370124119,0.009363295880149813,8.0,0.8646816701021308,True,0.0,True,decay,0,105
218,10.0,0.46522032104799066,0.30190626330348275,0.009328358208955223,8.0,0.8646816701021308,True,0.0,True,decay,0,105
219,10.0,0.4466329604531951,0.3025611352362869,0.00929368029739777,8.0,0.8646816701021308,True,0.0,True,decay,0,105
220,12.0,0.4095959234161581,0.3030432739217818,0.009259259259259259,8.0,0.8646816701021308,True,-20.0,True,decay,0,105
221,4.0,0.4464962924198481,0.3036865610002485,0.00922509225092251,8.0,0.8646816701021308,True,60.0,True,decay,0,105
222,8.0,0.4464962924198481,0.30432410444408603,0.009191176470588236,8.0,0.8646816701021308,True,-580.0,False,decay,0,105
223,6.0,0.4648113107348664,0.3050373809164895,0.009157509157509158,8.0,0.8646816701021308,True,40.0,True,decay,0,105
224,4.0,0.5013076610998299,0.30590583348367245,0.009124087591240875,8.0,0.8646816701021308,True,60.0,True,decay,0,105
225,4.0,0.5376712974634663,0.30692682671706356,0.009090909090909092,8.0,0.8646816701021308,True,60.0,True,decay,0,105
226,6.0,0.5557872394924518,0.3080183197555521,0.009057971014492754,8.0,0.8646816701021308,True,40.0,True,decay,0,105
227,6.0,0.5738377810086973,0.3091791034291466,0.009025270758122744,8.0,0.8646816701021308,True,40.0,True,decay,0,105
228,8.0,0.5738377810086973,0.3103297933316664,0.008992805755395683,8.0,0.8646816701021308,True,20.0,True,decay,0,105
229,4.0,0.6096800749155074,0.31162568199653146,0.008960573476702509,8.0,0.8646816701021308,True,60.0,True,decay,0,105
230,8.0,0.6096800749155074,0.31291039920738906,0.008928571428571428,8.0,0.8646816701021308,True,-580.0,False,decay,0,105
231,8.0,0.6096800749155074,0.3141840888027029,0.008896797153024912,8.0,0.8646816701021308,True,20.0,True,decay,0,105
232,6.0,0.627410571369408,0.3155226635145264,0.008865248226950355,8.0,0.8646816701021308,True,40.0,True,decay,0,105
233,4.0,0.6627462604153445,0.317000210735381,0.0088339222614841,8.0,0.8646816701021308,True,60.0,True,decay,0,105
234,6.0,0.6803518942181613,0.3185398365128504,0.008802816901408451,8.0,0.8646816701021308,True,40.0,True,decay,0,105
235,4.0,0.715439613516407,0.32021451911624094,0.008771929824561403,8.0,0.8646816701021308,True,60.0,True,decay,0,105
236,6.0,0.7329221309989244,0.3219485847123867,0.008741258741258742,8.0,0.8646816701021308,True,40.0,True,decay,0,105
237,4.0,0.7677653365738374,0.32381392677038434,0.008710801393728223,8.0,0.8646816701021308,True,-540.0,False,decay,0,105
238,8.0,0.7677653365738374,0.32566372431123203,0.008680555555555556,8.0,0.8646816701021308,True,20.0,True,decay,0,105
239,6.0,0.7850663746361212,0.32756995937482075,0.00865051903114187,8.0,0.8646816701021308,True,40.0,True,decay,0,105
240,6.0,0.802307753946466,0.32953168579867054,0.008620689655172414,8.0,0.8646816701021308,True,40.0,True,decay,0,105
241,4.0,0.8366720151148509,0.3316186830386548,0.00859106529209622,8.0,0.8646816701021308,True,60.0,True,decay,0,105
242,4.0,0.8709185904573167,0.3338289285608625,0.00856164383561644,8.0,0.8646816701021308,True,60.0,True,decay,0,105
243,4.0,0.9050482832900811,0.33616043613118585,0.008532423208191127,8.0,0.8646816701021308,True,60.0,True,decay,0,105
244,8.0,0.9050482832900811,0.338472988355409,0.008503401360544218,8.0,0.8646816701021308,True,20.0,True,decay,0,105
245,4.0,0.9389465883748269,0.3409040555619654,0.00847457627118644,8.0,0.8646816701021308,True,60.0,True,decay,0,105
246,4.0,0.9727303721586107,0.34345174232243575,0.008445945945945946,8.0,0.8646816701021308,True,60.0,True,decay,0,105
247,4.0,1.0064004058286444,0.3461141867541876,0.008417508417508417,8.0,0.8646816701021308,True,-540.0,False,decay,0,105
248,8.0,1.0064004058286444,0.3487553316304854,0.008389261744966443,8.0,0.8646816701021308,True,20.0,True,decay,0,105
249,6.0,1.0231228138554003,0.351442054667238,0.008361204013377926,8.0,0.8646816701021308,True,40.0,True,decay,0,105
250,4.0,1.0564561471887337,0.35423972963756145,0.008333333333333333,8.0,0.8646816701021308,True,60.0,True,decay,0,105
251,6.0,1.0730674428697968,0.35708094589539635,0.008305647840531562,8.0,0.8646816701021308,True,40.0,True,decay,0,105
252,6.0,1.0896237342605253,0.35996497262124333,0.008278145695364239,8.0,0.8646816701021308,True,40.0,True,decay,0,105
253,4.0,1.1226270345905582,0.3629558042368093,0.00825082508250825,8.0,0.8646816701021308,True,60.0,True,decay,0,105
254,4.0,1.1555217714326635,0.3660517650461681,0.008223684210526315,8.0,0.8646816701021308,True,60.0,True,decay,0,105
255,8.0,1.1555217714326635,0.3691236327752984,0.00819672131147541,8.0,0.8646816701021308,True,20.0,True,decay,0,105
256,6.0,1.1718616407137092,0.3722350204029667,0.008169934640522876,8.0,0.8646816701021308,True,40.0,True,decay,0,105
257,14.0,1.123001705860289,0.3751337334742305,0.008143322475570033,8.0,0.8646816701021308,True,-40.0,True,decay,0,105
258,10.0,1.1067679396265229,0.3779477111902008,0.008116883116883118,8.0,0.8646816701021308,True,0.0,True,decay,0,105
259,6.0,1.1229491693999856,0.3808021229074797,0.008090614886731393,8.0,0.8646816701021308,True,40.0,True,decay,0,105
260,6.0,1.13907820165805,0.3836963064141613,0.008064516129032258,8.0,0.8646816701021308,True,40.0,True,decay,0,105
261,8.0,1.13907820165805,0.38656848092079205,0.008038585209003217,8.0,0.8646816701021308,True,20.0,True,decay,0,105
262,6.0,1.155103842683691,0.38947959971534846,0.008012820512820514,8.0,0.8646816701021308,True,40.0,True,decay,0,105
263,4.0,1.1870527244728284,0.3924893096200937,0.007987220447284346,8.0,0.8646816701021308,True,60.0,True,decay,0,105
264,10.0,1.1711291575938474,0.39541652709367925,0.007961783439490446,8.0,0.8646816701021308,True,0.0,True,decay,0,105
265,6.0,1.1870021734668632,0.398381267342268,0.007936507936507938,8.0,0.8646816701021308,True,40.0,True,decay,0,105
266,4.0,1.2186477430871163,0.4014419631472861,0.007911392405063292,8.0,0.8646816701021308,True,60.0,True,decay,0,105
267,14.0,1.1713291310997347,0.4043039972288937,0.007886435331230285,8.0,0.8646816701021308,True,-640.0,False,decay,0,105
268,10.0,1.155605860659483,0.40708659672308106,0.007861635220125786,8.0,0.8646816701021308,True,0.0,True,decay,0,105
269,4.0,1.186953823041928,0.40996433556558604,0.007836990595611286,8.0,0.8646816701021308,True,60.0,True,decay,0,105
270,8.0,1.186953823041928,0.4128209145636608,0.0078125,8.0,0.8646816701021308,True,20.0,True,decay,0,105
271,4.0,1.218106471017006,0.4157706785067134,0.007788161993769471,8.0,0.8646816701021308,True,60.0,True,decay,0,105
272,4.0,1.249162371638124,0.4188122540290908,0.007763975155279503,8.0,0.8646816701021308,True,60.0,True,decay,0,105
273,4.0,1.2801221239601053,0.4219442899197491,0.007739938080495357,8.0,0.8646816701021308,True,60.0,True,decay,0,105
274,4.0,1.3109863214909694,0.42516545670080425,0.007716049382716049,8.0,0.8646816701021308,True,60.0,True,decay,0,105
275,6.0,1.3263709368755847,0.4284189060877168,0.007692307692307693,8.0,0.8646816701021308,True,40.0,True,decay,0,105
276,4.0,1.3570457835013516,0.431759290538845,0.007668711656441718,8.0,0.8646816701021308,True,60.0,True,decay,0,105
277,6.0,1.3723363033790275,0.43513053431246573,0.007645259938837921,8.0,0.8646816701021308,True,40.0,True,decay,0,105
278,8.0,1.3723363033790275,0.4384776977734177,0.007621951219512195,8.0,0.8646816701021308,True,20.0,True,decay,0,105
279,4.0,1.402731440157143,0.44190920575343096,0.007598784194528876,8.0,0.8646816701021308,True,-540.0,False,decay,0,105
280,4.0,1.4330344704601732,0.4454238343516818,0.007575757575757576,8.0,0.8646816701021308,True,60.0,True,decay,0,105
281,8.0,1.4330344704601732,0.4489136245852807,0.0075528700906344415,8.0,0.8646816701021308,True,20.0,True,decay,0,105
282,4.0,1.463154952387884,0.4524848968662758,0.007530120481927712,8.0,0.8646816701021308,True,60.0,True,decay,0,105
283,4.0,1.493184982417914,0.4561364761138254,0.0075075075075075074,8.0,0.8646816701021308,True,60.0,True,decay,0,105
284,8.0,1.493184982417914,0.4597625198421614,0.007485029940119761,8.0,0.8646816701021308,True,20.0,True,decay,0,105
285,4.0,1.5230357286865708,0.4634673045419677,0.007462686567164179,8.0,0.8646816701021308,True,60.0,True,decay,0,105
286,4.0,1.5527976334484754,0.4672497015173376,0.007440476190476191,8.0,0.8646816701021308,True,60.0,True,decay,0,105
287,12.0,1.5231240429440245,0.47090324595134,0.00741839762611276,8.0,0.8646816701021308,True,-20.0,True,decay,0,105
288,12.0,1.4935382441274565,0.4744295735312576,0.007396449704142012,8.0,0.8646816701021308,True,-20.0,True,decay,0,105
289,4.0,1.5230367692012028,0.4780330346847626,0.007374631268436578,8.0,0.8646816701021308,True,60.0,True,decay,0,105
290,8.0,1.5230367692012028,0.48161181459749014,0.007352941176470589,8.0,0.8646816701021308,True,20.0,True,decay,0,105
291,6.0,1.5376995257994432,0.48521620951626815,0.007331378299120235,8.0,0.8646816701021308,True,40.0,True,decay,0,105
292,6.0,1.552319408840379,0.4888458122350577,0.007309941520467837,8.0,0.8646816701021308,True,40.0,True,decay,0,105
293,4.0,1.5814739277908163,0.4925496363555857,0.007288629737609329,8.0,0.8646816701021308,True,60.0,True,decay,0,105
294,8.0,1.5814739277908163,0.49622843463746147,0.007267441860465117,8.0,0.8646816701021308,True,20.0,True,decay,0,105
295,6.0,1.5959666814140048,0.4999312570171805,0.007246376811594203,8.0,0.8646816701021308,True,40.0,True,decay,0,105
296,4.0,1.624868415518051,0.5037062139249016,0.007225433526011561,8.0,0.8646816701021308,True,60.0,True,decay,0,105
297,10.0,1.6104591936160337,0.5074077289071461,0.007204610951008645,8.0,0.8646816701021308,True,0.0,True,decay,0,105
298,4.0,1.6391948257999418,0.5111803525634554,0.007183908045977012,8.0,0.8646816701021308,True,60.0,True,decay,0,105
299,8.0,1.6391948257999418,0.5149279089529454,0.007163323782234957,8.0,0.8646816701021308,True,20.0,True,decay,0,105
300,4.0,1.6677662543713703,0.5187452544675759,0.0071428571428571435,8.0,0.8646816701021308,True,60.0,True,decay,0,105
301,4.0,1.6962562828613987,0.5226314294787767,0.007122507122507123,8.0,0.8646816701021308,True,60.0,True,decay,0,105
302,6.0,1.7104608283159441,0.5265387630275832,0.007102272727272728,8.0,0.8646816701021308,True,40.0,True,decay,0,105
303,6.0,1.7246251342649526,0.5304669150644271,0.007082152974504249,8.0,0.8646816701021308,True,40.0,True,decay,0,105
304,6.0,1.7387494280502633,0.5344155507277795,0.007062146892655367,8.0,0.8646816701021308,True,40.0,True,decay,0,105
305,8.0,1.7387494280502633,0.5383384623802957,0.007042253521126761,8.0,0.8646816701021308,True,20.0,True,decay,0,105
306,6.0,1.7527943718704881,0.5422815010474716,0.00702247191011236,8.0,0.8646816701021308,True,40.0,True,decay,0,105
307,4.0,1.7808055763522808,0.5462896695759661,0.007002801120448179,8.0,0.8646816701021308,True,60.0,True,decay,0,105
308,4.0,1.8087385372461355,0.550362085278128,0.006983240223463688,8.0,0.8646816701021308,True,-540.0,False,decay,0,105
309,4.0,1.8365936904494782,0.5544978782208012,0.006963788300835655,8.0,0.8646816701021308,True,60.0,True,decay,0,105
310,4.0,1.8643714682272559,0.5586961910092835,0.006944444444444445,8.0,0.8646816701021308,True,60.0,True,decay,0,105
311,4.0,1.8920722992521866,0.5629561785755548,0.006925207756232688,8.0,0.8646816701021308,True,60.0,True,decay,0,105
312,8.0,1.8920722992521866,0.56718903246306,0.006906077348066299,8.0,0.8646816701021308,True,20.0,True,decay,0,105
313,8.0,1.8920722992521866,0.5713950110877873,0.006887052341597796,8.0,0.8646816701021308,True,20.0,True,decay,0,105
314,6.0,1.9058085629884502,0.5756178387836756,0.006868131868131868,8.0,0.8646816701021308,True,40.0,True,decay,0,105
315,4.0,1.933205823262423,0.5799004507220943,0.006849315068493151,8.0,0.8646816701021308,True,60.0,True,decay,0,105
316,6.0,1.9468670254482152,0.584199087749535,0.006830601092896175,8.0,0.8646816701021308,True,40.0,True,decay,0,105
317,4.0,1.974114981851485,0.588556190865842,0.0068119891008174395,8.0,0.8646816701021308,True,60.0,True,decay,0,105
318,4.0,2.001288894894963,0.592970980565933,0.006793478260869565,8.0,0.8646816701021308,True,60.0,True,decay,0,105
319,4.0,2.028389165897673,0.5974426883083995,0.006775067750677507,8.0,0.8646816701021308,True,60.0,True,decay,0,105
320,4.0,2.0554161929247003,0.6019705563351582,0.006756756756756757,8.0,0.8646816701021308,True,60.0,True,decay,0,105
321,4.0,2.0823703708222743,0.606553837494561,0.006738544474393531,8.0,0.8646816701021308,True,60.0,True,decay,0,105
322,4.0,2.1092520912523818,0.6111917950678877,0.006720430107526882,8.0,0.8646816701021308,True,60.0,True,decay,0,105
323,6.0,2.122656916989647,0.6158424569814931,0.006702412868632708,8.0,0.8646816701021308,True,40.0,True,decay,0,105
324,8.0,2.122656916989647,0.6204645872269169,0.0066844919786096255,8.0,0.8646816701021308,True,20.0,True,decay,0,105
325,4.0,2.149323583656314,0.6251399970019303,0.006666666666666667,8.0,0.8646816701021308,True,-540.0,False,decay,0,105
326,4.0,2.175919328337165,0.6298679827681963,0.006648936170212766,8.0,0.8646816701021308,True,60.0,True,decay,0,105
327,10.0,2.162656728867669,0.6345269151271612,0.006631299734748011,8.0,0.8646816701021308,True,0.0,True,decay,0,105
328,4.0,2.1891117553226955,0.6392377782792689,0.006613756613756613,8.0,0.8646816701021308,True,60.0,True,decay,0,105
329,6.0,2.2023043674598988,0.6439600338357059,0.006596306068601583,8.0,0.8646816701021308,True,40.0,True,decay,0,105
330,6.0,2.215462262196741,0.6486934742825765,0.006578947368421052,8.0,0.8646816701021308,True,40.0,True,decay,0,105
331,6.0,2.2285856217767934,0.6534378951459225,0.006561679790026247,8.0,0.8646816701021308,True,-560.0,False,decay,0,105
332,4.0,2.2547636322479976,0.6582322835803599,0.006544502617801047,8.0,0.8646816701021308,True,60.0,True,decay,0,105
333,6.0,2.267818462535204,0.6630370184429117,0.006527415143603134,8.0,0.8646816701021308,True,40.0,True,decay,0,105
334,8.0,2.267818462535204,0.6678131536931864,0.006510416666666667,8.0,0.8646816701021308,True,20.0,True,decay,0,105
335,10.0,2.254831449548191,0.6725224067966137,0.006493506493506494,8.0,0.8646816701021308,True,0.0,True,decay,0,105
336,8.0,2.254831449548191,0.6772037944970621,0.006476683937823835,8.0,0.8646816701021308,True,20.0,True,decay,0,105
337,8.0,2.254831449548191,0.6818575633910183,0.006459948320413437,8.0,0.8646816701021308,True,20.0,True,decay,0,105
338,10.0,2.2419448516100466,0.6864460554151919,0.0064432989690721655,8.0,0.8646816701021308,True,0.0,True,decay,0,105
339,12.0,2.2162379107360106,0.6909322485392999,0.006426735218508998,8.0,0.8646816701021308,True,-620.0,False,decay,0,105
340,8.0,2.2162379107360106,0.6953922066158984,0.006410256410256411,8.0,0.8646816701021308,True,20.0,True,decay,0,105
341,8.0,2.2162379107360106,0.6998261591060444,0.00639386189258312,8.0,0.8646816701021308,True,-580.0,False,decay,0,105
342,4.0,2.2417481148176432,0.704308490372648,0.006377551020408163,8.0,0.8646816701021308,True,60.0,True,decay,0,105
343,4.0,2.2671934074385085,0.7088385915815345,0.0063613231552162855,8.0,0.8646816701021308,True,60.0,True,decay,0,105
344,4.0,2.292574118098407,0.7134158618893867,0.00634517766497462,8.0,0.8646816701021308,True,60.0,True,decay,0,105
345,8.0,2.292574118098407,0.7179667502358104,0.006329113924050633,8.0,0.8646816701021308,True,20.0,True,decay,0,105
346,4.0,2.3178266433509322,0.7225640487792446,0.006313131313131314,8.0,0.8646816701021308,True,-540.0,False,decay,0,105
347,6.0,2.3304211017892196,0.7271710890457489,0.006297229219143577,8.0,0.8646816701021308,True,40.0,True,decay,0,105
348,4.0,2.355546729929923,0.7318235908768465,0.00628140703517588,8.0,0.8646816701021308,True,-540.0,False,decay,0,105
349,4.0,2.380609386571527,0.736520986306176,0.006265664160401002,8.0,0.8646816701021308,True,-540.0,False,decay,0,105
350,4.0,2.405609386571527,0.7412627147160208,0.00625,8.0,0.8646816701021308,True,-540.0,False,decay,0,105
351,6.0,2.4180782145017012,0.7460129002678215,0.006234413965087282,8.0,0.8646816701021308,True,40.0,True,decay,0,105
352,10.0,2.4056404035564274,0.7507011135539476,0.006218905472636817,8.0,0.8646816701021308,True,-600.0,False,decay,0,105
353,6.0,2.418047351447246,0.7553978635198442,0.006203473945409429,8.0,0.8646816701021308,True,40.0,True,decay,0,105
354,4.0,2.442799826694771,0.76013775667483,0.006188118811881188,8.0,0.8646816701021308,True,60.0,True,decay,0,105
355,6.0,2.4551455057071165,0.7648856775404665,0.006172839506172839,8.0,0.8646816701021308,True,40.0,True,decay,0,105
356,4.0,2.479776047579038,0.7696758741048201,0.006157635467980295,8.0,0.8646816701021308,True,60.0,True,decay,0,105
357,4.0,2.5043460721490622,0.7745078245171997,0.006142506142506142,8.0,0.8646816701021308,True,60.0,True,decay,0,105
358,4.0,2.528855876070631,0.7793810135492925,0.006127450980392157,8.0,0.8646816701021308,True,60.0,True,decay,0,105
359,4.0,2.553305753821242,0.7842949324974142,0.006112469437652812,8.0,0.8646816701021308,True,60.0,True,decay,0,105
360,6.0,2.5655008757724613,0.7892153909042513,0.006097560975609757,8.0,0.8646816701021308,True,40.0,True,decay,0,105
361,10.0,2.5533354256508067,0.7940752257107156,0.006082725060827252,8.0,0.8646816701021308,True,0.0,True,decay,0,105
362,4.0,2.577607270311001,0.7989750390200571,0.006067961165048544,8.0,0.8646816701021308,True,60.0,True,decay,0,105
363,6.0,2.5897138078412674,0.8038811726332659,0.006053268765133173,8.0,0.8646816701021308,True,40.0,True,decay,0,105
364,4.0,2.613868397213248,0.8088264929190035,0.006038647342995169,8.0,0.8646816701021308,True,60.0,True,decay,0,105
365,4.0,2.6379647827554167,0.813810520956705,0.006024096385542168,8.0,0.8646816701021308,True,60.0,True,decay,0,105
366,6.0,2.6499840135246475,0.8188001228386831,0.006009615384615385,8.0,0.8646816701021308,True,40.0,True,decay,0,105
367,4.0,2.673964828872369,0.8238276694675007,0.005995203836930456,8.0,0.8646816701021308,True,60.0,True,decay,0,105
368,4.0,2.6978882738484455,0.8288926981279898,0.00598086124401914,8.0,0.8646816701021308,True,60.0,True,decay,0,105
369,4.0,2.7217546222971327,0.8339947518319497,0.005966587112171838,8.0,0.8646816701021308,True,60.0,True,decay,0,105
370,10.0,2.709849860392371,0.8390373730915206,0.005952380952380952,8.0,0.8646816701021308,True,0.0,True,decay,0,105
371,8.0,2.709849860392371,0.8440529561673942,0.005938242280285036,8.0,0.8646816701021308,True,-580.0,False,decay,0,105
372,6.0,2.7216982016245983,0.8490733980001675,0.005924170616113744,8.0,0.8646816701021308,True,40.0,True,decay,0,105
373,14.0,2.686237208716797,0.8539725014954118,0.00591016548463357,8.0,0.8646816701021308,True,-40.0,True,decay,0,105
374,4.0,2.7098221143771744,0.8589082717424378,0.00589622641509434,8.0,0.8646816701021308,True,-540.0,False,decay,0,105
375,4.0,2.73335152614188,0.8638802697647174,0.0058823529411764705,8.0,0.8646816701021308,True,60.0,True,decay,0,105
376,12.0,2.709877347738124,0.8687638599180862,0.005868544600938968,8.0,0.8646816701021308,True,-20.0,True,decay,0,105
377,8.0,2.709877347738124,0.8736216791471629,0.005854800936768151,8.0,0.8646816701021308,True,20.0,True,decay,0,105
378,4.0,2.7332418337194326,0.8785154163960374,0.005841121495327103,8.0,0.8646816701021308,True,60.0,True,decay,0,105
379,8.0,2.7332418337194326,0.8833834647354688,0.005827505827505828,8.0,0.8646816701021308,True,20.0,True,decay,0,105
380,12.0,2.709986019765944,0.8881651468167004,0.005813953488372092,8.0,0.8646816701021308,True,-20.0,True,decay,0,105
381,8.0,2.709986019765944,0.8929218592787089,0.00580046403712297,8.0,0.8646816701021308,True,20.0,True,decay,0,105
382,6.0,2.721560093840018,0.8976839380145457,0.005787037037037037,8.0,0.8646816701021308,True,40.0,True,decay,0,105
383,16.0,2.6753707173966004,0.9023013062726809,0.005773672055427252,8.0,0.8646816701021308,True,-60.0,True,decay,0,105
384,6.0,2.6868914547237894,0.9069245968127096,0.00576036866359447,8.0,0.8646816701021308,True,40.0,True,decay,0,105
385,6.0,2.6983857075973527,0.9115536952901894,0.00574712643678161,8.0,0.8646816701021308,True,40.0,True,decay,0,105
386,8.0,2.6983857075973527,0.916158932435311,0.0057339449541284416,8.0,0.8646816701021308,True,20.0,True,decay,0,105
387,6.0,2.709827355194607,0.9207699052444608,0.005720823798627002,8.0,0.8646816701021308,True,40.0,True,decay,0,105
388,8.0,2.709827355194607,0.9253572320392047,0.005707762557077626,8.0,0.8646816701021308,True,-580.0,False,decay,0,105
389,4.0,2.7326063984747893,0.9299793526694747,0.005694760820045558,8.0,0.8646816701021308,True,-540.0,False,decay,0,105
390,14.0,2.69851548938388,0.9344909244468075,0.005681818181818182,8.0,0.8646816701021308,True,-40.0,True,decay,0,105
391,6.0,2.709853357864606,0.9390083861094483,0.005668934240362812,8.0,0.8646816701021308,True,40.0,True,decay,0,105
392,4.0,2.732477792253746,0.943560338916921,0.005656108597285069,8.0,0.8646816701021308,True,60.0,True,decay,0,105
393,6.0,2.7437644739693217,0.9481178177398386,0.005643340857787811,8.0,0.8646816701021308,True,40.0,True,decay,0,105
394,8.0,2.7437644739693217,0.9526522789929435,0.005630630630630631,8.0,0.8646816701021308,True,20.0,True,decay,0,105
395,8.0,2.7437644739693217,0.9571638966125314,0.0056179775280898875,8.0,0.8646816701021308,True,20.0,True,decay,0,105
396,8.0,2.7437644739693217,0.9616528427867947,0.005605381165919283,8.0,0.8646816701021308,True,20.0,True,decay,0,105
397,6.0,2.7549501562959438,0.9661473222692738,0.005592841163310961,8.0,0.8646816701021308,True,40.0,True,decay,0,105
398,14.0,2.721468013438801,0.9705356239971976,0.005580357142857143,8.0,0.8646816701021308,True,-40.0,True,decay,0,105
399,10.0,2.7103321559777767,0.9748742687153537,0.005567928730512249,8.0,0.8646816701021308,True,0.0,True,decay,0,105
0,16.0,0.6,0.8,0.05,8.0,0.8646816701021308,False,-6.0,True,decay,0,106
1,6.0,0.6980392156862745,0.7660130718954248,0.049019607843137254,8.0,0.8646816701021308,False,4.0,True,decay,0,106
2,16.0,0.31342383107088984,0.652865761689291,0.04807692307692308,8.0,0.8646816701021308,False,-66.0,False,decay,0,106
3,8.0,0.31342383107088984,0.5849773755656107,0.04716981132075472,8.0,0.8646816701021308,False,2.0,True,decay,0,106
4,6.0,0.40601642366348245,0.5551505502485893,0.046296296296296294,8.0,0.8646816701021308,False,4.0,True,decay,0,106
5,8.0,0.40601642366348245,0.5338456750221454,0.045454545454545456,8.0,0.8646816701021308,False,2.0,True,decay,0,106
6,10.0,0.31673070937776815,0.5067063043165982,0.044642857142857144,8.0,0.8646816701021308,False,0.0,True,decay,0,106
7,10.0,0.22901141113215412,0.4758513161849933,0.043859649122807015,8.0,0.8646816701021308,False,0.0,True,decay,0,106
8,6.0,0.31521830768387826,0.4597880153348818,0.04310344827586207,8.0,0.8646816701021308,False,4.0,True,decay,0,106
9,8.0,0.31521830768387826,0.44664531463933604,0.04237288135593221,8.0,0.8646816701021308,False,2.0,True,decay,0,106
10,10.0,0.23188497435054492,0.4287486196152701,0.04166666666666667,8.0,0.8646816701021308,False,0.0,True,decay,0,106
11,4.0,0.39581940058005316,0.42621560276640724,0.04098360655737705,8.0,0.8646816701021308,False,6.0,True,decay,0,106
12,12.0,0.23452907799940798,0.412523708140193,0.040322580645161296,8.0,0.8646816701021308,False,-2.0,True,decay,0,106
13,4.0,0.39325923672956675,0.4112394100461513,0.03968253968253969,8.0,0.8646816701021308,False,6.0,True,decay,0,106
14,16.0,0.08075923672956675,0.3905843992138648,0.0390625,8.0,0.8646816701021308,False,-6.0,True,decay,0,106
15,4.0,0.2346053905757206,0.381409163411621,0.038461538461538464,8.0,0.8646816701021308,False,6.0,True,decay,0,106
16,8.0,0.2346053905757206,0.37325339825407094,0.03787878787878788,8.0,0.8646816701021308,False,2.0,True,decay,0,106
17,6.0,0.3092322562473624,0.3698838644642442,0.03731343283582089,8.0,0.8646816701021308,False,-56.0,False,decay,0,106
18,10.0,0.2357028444826565,0.3631748134651648,0.03676470588235295,8.0,0.8646816701021308,False,0.0,True,decay,0,106
19,4.0,0.3806303807145406,0.3640060309532303,0.03623188405797102,8.0,0.8646816701021308,False,6.0,True,decay,0,106
20,8.0,0.3806303807145406,0.3647616832151081,0.03571428571428572,8.0,0.8646816701021308,False,2.0,True,decay,0,106
21,10.0,0.31020784550327296,0.362389777227637,0.035211267605633804,8.0,0.8646816701021308,False,0.0,True,decay,0,106
22,10.0,0.2407634010588285,0.3573220115539366,0.034722222222222224,8.0,0.8646816701021308,False,0.0,True,decay,0,106
23,6.0,0.30925655174376004,0.3553993931615295,0.03424657534246576,8.0,0.8646816701021308,False,4.0,True,decay,0,106
24,6.0,0.37682411931132764,0.3562234210903679,0.033783783783783786,8.0,0.8646816701021308,False,4.0,True,decay,0,106
25,6.0,0.4434907859779943,0.3594555457158356,0.03333333333333333,8.0,0.8646816701021308,False,4.0,True,decay,0,106
26,16.0,0.1803328912411522,0.35305830805602545,0.03289473684210526,8.0,0.8646816701021308,False,-6.0,True,decay,0,106
27,6.0,0.24526795617621716,0.34934139937051484,0.03246753246753247,8.0,0.8646816701021308,False,4.0,True,decay,0,106
28,6.0,0.30937052027878126,0.3480090367341237,0.032051282051282055,8.0,0.8646816701021308,False,4.0,True,decay,0,106
29,10.0,0.24607938103827492,0.3447209833245802,0.03164556962025317,8.0,0.8646816701021308,False,-60.0,False,decay,0,106
30,4.0,0.3710793810382749,0.34554468325313314,0.03125,8.0,0.8646816701021308,False,6.0,True,decay,0,106
31,8.0,0.3710793810382749,0.346318461973895,0.030864197530864196,8.0,0.8646816701021308,False,2.0,True,decay,0,106
32,12.0,0.2491281615260798,0.3434599237254299,0.03048780487804878,8.0,0.8646816701021308,False,-2.0,True,decay,0,106
33,4.0,0.3696100892369232,0.34420707131147255,0.030120481927710843,8.0,0.8646816701021308,False,-54.0,False,decay,0,106
34,12.0,0.2505624701893041,0.34160583239141235,0.02976190476190476,8.0,0.8646816701021308,False,-2.0,True,decay,0,106
35,4.0,0.36820952901283355,0.3423248512190183,0.029411764705882353,8.0,0.8646816701021308,False,6.0,True,decay,0,106
36,8.0,0.36820952901283355,0.34300602695043453,0.029069767441860468,8.0,0.8646816701021308,False,-58.0,False,decay,0,106
37,10.0,0.31073826464501747,0.3421786484297828,0.02873563218390805,8.0,0.8646816701021308,False,0.0,True,decay,0,106
38,20.0,0.0,0.3336241822190382,0.02840909090909091,8.0,0.8646816701021308,False,-10.0,True,decay,0,106
39,8.0,0.0,0.3254870070429641,0.02808988764044944,8.0,0.8646816701021308,False,-58.0,False,decay,0,106
40,8.0,0.0,0.31773731639908404,0.02777777777777778,8.0,0.8646816701021308,False,2.0,True,decay,0,106
41,10.0,0.0,0.31034807648282625,0.027472527472527472,8.0,0.8646816701021308,False,0.0,True,decay,0,106
42,6.0,0.05434782608695653,0.3045298889738292,0.027173913043478264,8.0,0.8646816701021308,False,4.0,True,decay,0,106
43,6.0,0.10811126694717159,0.30016503070657014,0.02688172043010753,8.0,0.8646816701021308,False,4.0,True,decay,0,106
44,6.0,0.16130275630887372,0.29714628561096806,0.026595744680851068,8.0,0.8646816701021308,False,4.0,True,decay,0,106
45,6.0,0.21393433525624214,0.2953758185821441,0.026315789473684213,8.0,0.8646816701021308,False,4.0,True,decay,0,106
46,6.0,0.2660176685895755,0.29476419045729896,0.026041666666666668,8.0,0.8646816701021308,False,4.0,True,decay,0,106
47,8.0,0.2660176685895755,0.2941775267457128,0.025773195876288662,8.0,0.8646816701021308,False,2.0,True,decay,0,106
48,8.0,0.2660176685895755,0.29361432958259004,0.025510204081632654,8.0,0.8646816701021308,False,-58.0,False,decay,0,106
49,4.0,0.36702776959967653,0.29505380879861137,0.025252525252525256,8.0,0.8646816701021308,False,6.0,True,decay,0,106
50,6.0,0.4170277695996765,0.2973994618909396,0.025,8.0,0.8646816701021308,False,4.0,True,decay,0,106
51,12.0,0.3180178686095775,0.29778848843280065,0.024752475247524754,8.0,0.8646816701021308,False,-2.0,True,decay,0,106
52,8.0,0.3180178686095775,0.29816310658422246,0.024509803921568627,8.0,0.8646816701021308,False,2.0,True,decay,0,106
53,6.0,0.3665615579299658,0.2994067147905087,0.024271844660194174,8.0,0.8646816701021308,False,-56.0,False,decay,0,106
54,6.0,0.4146384810068889,0.3014644249015155,0.02403846153846154,8.0,0.8646816701021308,False,4.0,True,decay,0,106
55,14.0,0.27178133814974603,0.3009436689935897,0.023809523809523808,8.0,0.8646816701021308,False,-4.0,True,decay,0,106
56,6.0,0.31895114947050074,0.30125414279491575,0.02358490566037736,8.0,0.8646816701021308,False,4.0,True,decay,0,106
57,6.0,0.36568012143311757,0.3023461085345463,0.02336448598130841,8.0,0.8646816701021308,False,4.0,True,decay,0,106
58,10.0,0.3193838251368213,0.30263007047791757,0.023148148148148147,8.0,0.8646816701021308,False,0.0,True,decay,0,106
59,8.0,0.3193838251368213,0.3029047221936373,0.022935779816513766,8.0,0.8646816701021308,False,2.0,True,decay,0,106
60,10.0,0.2739292796822758,0.30243737634667983,0.022727272727272728,8.0,0.8646816701021308,False,0.0,True,decay,0,106
61,12.0,0.1838391895921857,0.30055486544581483,0.022522522522522525,8.0,0.8646816701021308,False,-62.0,False,decay,0,106
62,10.0,0.13919633244932855,0.2980336383677447,0.022321428571428572,8.0,0.8646816701021308,False,-60.0,False,decay,0,106
63,4.0,0.22769190767056752,0.29695145789548044,0.022123893805309738,8.0,0.8646816701021308,False,6.0,True,decay,0,106
64,14.0,0.09611296030214647,0.2939084503561875,0.021929824561403508,8.0,0.8646816701021308,False,-4.0,True,decay,0,106
65,6.0,0.1395912211717117,0.2916052081295536,0.02173913043478261,8.0,0.8646816701021308,False,4.0,True,decay,0,106
66,4.0,0.22579811772343583,0.2906374568000518,0.021551724137931032,8.0,0.8646816701021308,False,6.0,True,decay,0,106
67,6.0,0.2685331604584786,0.2903171046791595,0.02136752136752137,8.0,0.8646816701021308,False,4.0,True,decay,0,106
68,4.0,0.353278923170343,0.2912165592290335,0.0211864406779661,8.0,0.8646816701021308,False,6.0,True,decay,0,106
69,10.0,0.3112621164476539,0.2914988910208451,0.02100840336134454,8.0,0.8646816701021308,False,0.0,True,decay,0,106
70,16.0,0.14459544978098723,0.28945856544806925,0.020833333333333332,8.0,0.8646816701021308,False,-6.0,True,decay,0,106
71,8.0,0.14459544978098723,0.28747413920605447,0.02066115702479339,8.0,0.8646816701021308,False,2.0,True,decay,0,106
72,4.0,0.22656266289574134,0.28665101114780694,0.020491803278688527,8.0,0.8646816701021308,False,-54.0,False,decay,0,106
73,4.0,0.3078634759038714,0.2869338440112212,0.020325203252032523,8.0,0.8646816701021308,False,6.0,True,decay,0,106
74,12.0,0.22721831461354883,0.2861481133612518,0.020161290322580648,8.0,0.8646816701021308,False,-2.0,True,decay,0,106
75,4.0,0.3072183146135488,0.2864217523385544,0.02,8.0,0.8646816701021308,False,6.0,True,decay,0,106
76,6.0,0.3469008542960885,0.287197125440574,0.019841269841269844,8.0,0.8646816701021308,False,4.0,True,decay,0,106
77,26.0,0.0,0.28356171878942754,0.01968503937007874,8.0,0.8646816701021308,False,-16.0,True,decay,0,106
78,6.0,0.0390625,0.28050547855455965,0.01953125,8.0,0.8646816701021308,False,4.0,True,decay,0,106
79,6.0,0.07782218992248062,0.27800321573194137,0.01937984496124031,8.0,0.8646816701021308,False,4.0,True,decay,0,106
80,12.0,0.0008991129994036923,0.2746238974059348,0.019230769230769232,8.0,0.8646816701021308,False,-2.0,True,decay,0,106
81,8.0,0.0008991129994036923,0.2713260084371814,0.019083969465648856,8.0,0.8646816701021308,False,2.0,True,decay,0,106
82,4.0,0.07665668875697945,0.26900851653622665,0.01893939393939394,8.0,0.8646816701021308,False,6.0,True,decay,0,106
83,6.0,0.11425067371938546,0.2671878360324991,0.018796992481203006,8.0,0.8646816701021308,False,4.0,True,decay,0,106
84,12.0,0.03962380804774367,0.2645417426838392,0.01865671641791045,8.0,0.8646816701021308,False,-2.0,True,decay,0,106
85,6.0,0.0766608450847807,0.26238219213672354,0.018518518518518517,8.0,0.8646816701021308,False,-56.0,False,decay,0,106
86,4.0,0.15019025684948661,0.26110728378118675,0.018382352941176475,8.0,0.8646816701021308,False,6.0,True,decay,0,106
87,4.0,0.22318295757941362,0.26068116775644773,0.01824817518248175,8.0,0.8646816701021308,False,6.0,True,decay,0,106
88,6.0,0.25941484163738465,0.26066709746623595,0.01811594202898551,8.0,0.8646816701021308,False,4.0,True,decay,0,106
89,8.0,0.25941484163738465,0.2606533364131716,0.017985611510791366,8.0,0.8646816701021308,False,2.0,True,decay,0,106
90,16.0,0.11655769878024178,0.2590870794823789,0.01785714285714286,8.0,0.8646816701021308,False,-6.0,True,decay,0,106
91,8.0,0.11655769878024178,0.2575545054963344,0.017730496453900707,8.0,0.8646816701021308,False,2.0,True,decay,0,106
92,4.0,0.18698023399150937,0.25680371537394264,0.017605633802816902,8.0,0.8646816701021308,False,6.0,True,decay,0,106
93,4.0,0.2569103039215793,0.2568048373586546,0.01748251748251748,8.0,0.8646816701021308,False,-54.0,False,decay,0,106
94,4.0,0.32635474836602374,0.2575293155983147,0.017361111111111112,8.0,0.8646816701021308,False,6.0,True,decay,0,106
95,14.0,0.2229064725039548,0.2571723790715687,0.017241379310344827,8.0,0.8646816701021308,False,-4.0,True,decay,0,106
96,6.0,0.25715304784642057,0.25717218181416923,0.01712328767123288,8.0,0.8646816701021308,False,4.0,True,decay,0,106
97,6.0,0.2911666532885974,0.25751556031391093,0.017006802721088437,8.0,0.8646816701021308,False,4.0,True,decay,0,106
98,8.0,0.2911666532885974,0.25785207124365783,0.016891891891891893,8.0,0.8646816701021308,False,2.0,True,decay,0,106
99,8.0,0.2911666532885974,0.25818191859063744,0.016778523489932886,8.0,0.8646816701021308,False,2.0,True,decay,0,106
100,6.0,0.32449998662193075,0.25883209572819915,0.016666666666666666,8.0,0.8646816701021308,False,4.0,True,decay,0,106
101,8.0,0.32449998662193075,0.2594696480669732,0.016556291390728478,8.0,0.8646816701021308,False,-58.0,False,decay,0,106
102,6.0,0.357394723464036,0.26041123533040655,0.01644736842105263,8.0,0.8646816701021308,False,4.0,True,decay,0,106
103,12.0,0.292035246339853,0.26071241638763937,0.016339869281045753,8.0,0.8646816701021308,False,-2.0,True,decay,0,106
104,8.0,0.292035246339853,0.26100791478341495,0.016233766233766236,8.0,0.8646816701021308,False,2.0,True,decay,0,106
105,8.0,0.292035246339853,0.2612978898446901,0.016129032258064516,8.0,0.8646816701021308,False,2.0,True,decay,0,106
106,6.0,0.32408652839113505,0.26187926612752754,0.016025641025641028,8.0,0.8646816701021308,False,4.0,True,decay,0,106
107,10.0,0.2922393946331733,0.2621577994165702,0.01592356687898089,8.0,0.8646816701021308,False,0.0,True,decay,0,106
108,8.0,0.2922393946331733,0.26243126846399384,0.015822784810126583,8.0,0.8646816701021308,False,2.0,True,decay,0,106
109,6.0,0.3236859355136764,0.2629831123112883,0.015723270440251572,8.0,0.8646816701021308,False,4.0,True,decay,0,106
110,10.0,0.2924359355136764,0.2632460839470239,0.015625,8.0,0.8646816701021308,False,0.0,True,decay,0,106
111,12.0,0.23032413427144038,0.26295473925962937,0.015527950310559006,8.0,0.8646816701021308,False,-2.0,True,decay,0,106
112,4.0,0.2920525293331688,0.2632099830322043,0.015432098765432098,8.0,0.8646816701021308,False,6.0,True,decay,0,106
113,8.0,0.2920525293331688,0.2634607877826475,0.015337423312883436,8.0,0.8646816701021308,False,2.0,True,decay,0,106
114,8.0,0.2920525293331688,0.2637072683132554,0.01524390243902439,8.0,0.8646816701021308,False,2.0,True,decay,0,106
115,10.0,0.26174949903013844,0.2636905352424595,0.015151515151515152,8.0,0.8646816701021308,False,0.0,True,decay,0,106
116,8.0,0.26174949903013844,0.2636740857830331,0.015060240963855423,8.0,0.8646816701021308,False,2.0,True,decay,0,106
117,4.0,0.32162973855109656,0.26416110807520166,0.014970059880239523,8.0,0.8646816701021308,False,6.0,True,decay,0,106
118,10.0,0.2918678337891918,0.26439199745615155,0.014880952380952382,8.0,0.8646816701021308,False,-60.0,False,decay,0,106
119,10.0,0.26228203497262376,0.26437455974967616,0.014792899408284025,8.0,0.8646816701021308,False,0.0,True,decay,0,106
120,12.0,0.20345850556085904,0.26387524783009564,0.014705882352941178,8.0,0.8646816701021308,False,-2.0,True,decay,0,106
121,4.0,0.2619380377246017,0.26385949815444126,0.014619883040935673,8.0,0.8646816701021308,False,-54.0,False,decay,0,106
122,4.0,0.32007757260832265,0.2643128697226177,0.014534883720930234,8.0,0.8646816701021308,False,6.0,True,decay,0,106
123,6.0,0.3489793067123689,0.26499020121853567,0.014450867052023123,8.0,0.8646816701021308,False,4.0,True,decay,0,106
124,16.0,0.23403677797673667,0.264744539129315,0.014367816091954025,8.0,0.8646816701021308,False,-6.0,True,decay,0,106
125,4.0,0.2911796351195938,0.2649526894914432,0.014285714285714287,8.0,0.8646816701021308,False,6.0,True,decay,0,106
126,18.0,0.14913418057413927,0.2640478573905267,0.014204545454545456,8.0,0.8646816701021308,False,-8.0,True,decay,0,106
127,6.0,0.17738276814476073,0.2633760349932727,0.014124293785310734,8.0,0.8646816701021308,False,4.0,True,decay,0,106
128,4.0,0.2335625434256596,0.2631467004427526,0.01404494382022472,8.0,0.8646816701021308,False,6.0,True,decay,0,106
129,10.0,0.20562958253180486,0.2627076384739668,0.013966480446927375,8.0,0.8646816701021308,False,-60.0,False,decay,0,106
130,4.0,0.26118513808736044,0.26269610438012886,0.01388888888888889,8.0,0.8646816701021308,False,6.0,True,decay,0,106
131,6.0,0.2888094474796256,0.262892445305689,0.013812154696132598,8.0,0.8646816701021308,False,4.0,True,decay,0,106
132,6.0,0.3162819749521531,0.26329087463140893,0.013736263736263736,8.0,0.8646816701021308,False,4.0,True,decay,0,106
133,12.0,0.2616371662089837,0.26327862493939097,0.01366120218579235,8.0,0.8646816701021308,False,-2.0,True,decay,0,106
134,4.0,0.31598499229594024,0.2636661717581891,0.01358695652173913,8.0,0.8646816701021308,False,6.0,True,decay,0,106
135,30.0,0.018687694998642923,0.2618780076942508,0.013513513513513514,8.0,0.8646816701021308,False,-20.0,True,decay,0,106
136,4.0,0.07245113585885798,0.26050534920269,0.013440860215053764,8.0,0.8646816701021308,False,6.0,True,decay,0,106
137,8.0,0.07245113585885798,0.2591524411930221,0.013368983957219251,8.0,0.8646816701021308,False,2.0,True,decay,0,106
138,4.0,0.1256426252205601,0.25819879965036163,0.013297872340425532,8.0,0.8646816701021308,False,6.0,True,decay,0,106
139,4.0,0.178552678130613,0.2576339335402925,0.013227513227513227,8.0,0.8646816701021308,False,6.0,True,decay,0,106
140,6.0,0.20486846760429722,0.25726234575201085,0.013157894736842105,8.0,0.8646816701021308,False,4.0,True,decay,0,106
141,6.0,0.2310464780755014,0.25707901800602123,0.013089005235602096,8.0,0.8646816701021308,False,4.0,True,decay,0,106
142,4.0,0.28312981140883475,0.2572599262935408,0.013020833333333334,8.0,0.8646816701021308,False,6.0,True,decay,0,106
143,14.0,0.20540960415494874,0.2569023378649988,0.01295336787564767,8.0,0.8646816701021308,False,-4.0,True,decay,0,106
144,4.0,0.25695599590752605,0.25690270538583804,0.012886597938144331,8.0,0.8646816701021308,False,6.0,True,decay,0,106
145,8.0,0.25695599590752605,0.2569030679063937,0.012820512820512822,8.0,0.8646816701021308,False,2.0,True,decay,0,106
146,4.0,0.30797640407079135,0.2572481580156126,0.012755102040816327,8.0,0.8646816701021308,False,6.0,True,decay,0,106
147,8.0,0.30797640407079135,0.25758861604282857,0.01269035532994924,8.0,0.8646816701021308,False,2.0,True,decay,0,106
148,20.0,0.1564612525556398,0.25691443361958066,0.012626262626262628,8.0,0.8646816701021308,False,-70.0,False,decay,0,106
149,6.0,0.18158688069634332,0.2564155756532016,0.01256281407035176,8.0,0.8646816701021308,False,4.0,True,decay,0,106
150,6.0,0.20658688069634332,0.2560877552916433,0.0125,8.0,0.8646816701021308,False,-56.0,False,decay,0,106
151,6.0,0.23146250258689058,0.25592680592755995,0.012437810945273634,8.0,0.8646816701021308,False,4.0,True,decay,0,106
152,4.0,0.2809674530819401,0.25608940753245857,0.012376237623762377,8.0,0.8646816701021308,False,-54.0,False,decay,0,106
153,6.0,0.3055979949538613,0.25640881777388697,0.01231527093596059,8.0,0.8646816701021308,False,4.0,True,decay,0,106
154,10.0,0.28108819103229266,0.2565670188845178,0.012254901960784314,8.0,0.8646816701021308,False,0.0,True,decay,0,106
155,16.0,0.18352721542253653,0.25610179720641596,0.012195121951219514,8.0,0.8646816701021308,False,-6.0,True,decay,0,106
156,6.0,0.2077990600827307,0.2557960836803167,0.012135922330097087,8.0,0.8646816701021308,False,4.0,True,decay,0,106
157,4.0,0.25610823882669204,0.255798046920231,0.012077294685990338,8.0,0.8646816701021308,False,-54.0,False,decay,0,106
158,4.0,0.3041851619036151,0.2561004663888772,0.01201923076923077,8.0,0.8646816701021308,False,6.0,True,decay,0,106
159,12.0,0.25633827195146197,0.25610194344206094,0.01196172248803828,8.0,0.8646816701021308,False,-2.0,True,decay,0,106
160,4.0,0.3039573195705096,0.2563973469984094,0.011904761904761904,8.0,0.8646816701021308,False,6.0,True,decay,0,106
161,12.0,0.25656395464159965,0.2563983691311897,0.011848341232227487,8.0,0.8646816701021308,False,-2.0,True,decay,0,106
162,4.0,0.30373376596235435,0.2566869995996724,0.01179245283018868,8.0,0.8646816701021308,False,-54.0,False,decay,0,106
163,12.0,0.2567854091548426,0.2566875960212189,0.011737089201877935,8.0,0.8646816701021308,False,-2.0,True,decay,0,106
164,4.0,0.30351438111745943,0.2569696850880637,0.011682242990654205,8.0,0.8646816701021308,False,6.0,True,decay,0,106
165,8.0,0.30351438111745943,0.25724839584273074,0.011627906976744184,8.0,0.8646816701021308,False,2.0,True,decay,0,106
166,12.0,0.25721808482116315,0.25724821541998333,0.011574074074074073,8.0,0.8646816701021308,False,-2.0,True,decay,0,106
167,4.0,0.30330103412991893,0.2575207173058409,0.01152073732718894,8.0,0.8646816701021308,False,6.0,True,decay,0,106
168,16.0,0.21155791486386388,0.2572503478797116,0.011467889908256883,8.0,0.8646816701021308,False,-6.0,True,decay,0,106
169,14.0,0.14306476417893238,0.25658259592824506,0.011415525114155252,8.0,0.8646816701021308,False,-64.0,False,decay,0,106
170,6.0,0.16579203690620511,0.25605474384090765,0.011363636363636364,8.0,0.8646816701021308,False,-56.0,False,decay,0,106
171,4.0,0.21104090568448566,0.2557945482446277,0.011312217194570137,8.0,0.8646816701021308,False,6.0,True,decay,0,106
172,4.0,0.2560859507295307,0.25579622297155247,0.011261261261261262,8.0,0.8646816701021308,False,6.0,True,decay,0,106
173,8.0,0.2560859507295307,0.25579787855874087,0.011210762331838566,8.0,0.8646816701021308,False,2.0,True,decay,0,106
174,4.0,0.30072880787238787,0.2560531679298412,0.011160714285714286,8.0,0.8646816701021308,False,6.0,True,decay,0,106
175,8.0,0.30072880787238787,0.25630557267527926,0.011111111111111112,8.0,0.8646816701021308,False,2.0,True,decay,0,106
176,8.0,0.30072880787238787,0.2565551414123417,0.011061946902654869,8.0,0.8646816701021308,False,2.0,True,decay,0,106
177,8.0,0.30072880787238787,0.25680192167189503,0.011013215859030838,8.0,0.8646816701021308,False,2.0,True,decay,0,106
178,6.0,0.3226586324337914,0.2571677922872389,0.010964912280701754,8.0,0.8646816701021308,False,-56.0,False,decay,0,106
179,8.0,0.3226586324337914,0.25752962013335245,0.01091703056768559,8.0,0.8646816701021308,False,2.0,True,decay,0,106
180,8.0,0.3226586324337914,0.25788747184928895,0.010869565217391306,8.0,0.8646816701021308,False,2.0,True,decay,0,106
181,8.0,0.3226586324337914,0.25824141261751027,0.010822510822510822,8.0,0.8646816701021308,False,2.0,True,decay,0,106
182,12.0,0.27955518415792935,0.25835724833240387,0.010775862068965516,8.0,0.8646816701021308,False,-2.0,True,decay,0,106
183,12.0,0.23663672922230702,0.25823984012099793,0.01072961373390558,8.0,0.8646816701021308,False,-2.0,True,decay,0,106
184,4.0,0.27937177195734975,0.2583534526577525,0.010683760683760686,8.0,0.8646816701021308,False,6.0,True,decay,0,106
185,6.0,0.3006483677020306,0.25857962867403206,0.010638297872340425,8.0,0.8646816701021308,False,4.0,True,decay,0,106
186,6.0,0.3218348083799967,0.2589160923958723,0.01059322033898305,8.0,0.8646816701021308,False,4.0,True,decay,0,106
187,6.0,0.3429318547934988,0.259360620239246,0.010548523206751054,8.0,0.8646816701021308,False,-56.0,False,decay,0,106
188,14.0,0.2799066447094652,0.25946875721014184,0.01050420168067227,8.0,0.8646816701021308,False,-4.0,True,decay,0,106
189,8.0,0.2799066447094652,0.25957576185673514,0.010460251046025104,8.0,0.8646816701021308,False,2.0,True,decay,0,106
190,6.0,0.3007399780427985,0.25979015881603756,0.010416666666666666,8.0,0.8646816701021308,False,4.0,True,decay,0,106
191,24.0,0.13476487430835868,0.2591423594144434,0.01037344398340249,8.0,0.8646816701021308,False,-14.0,True,decay,0,106
192,4.0,0.17608718835794546,0.25871423997600784,0.010330578512396695,8.0,0.8646816701021308,False,6.0,True,decay,0,106
193,6.0,0.19666332004518827,0.2583960301302088,0.010288065843621401,8.0,0.8646816701021308,False,4.0,True,decay,0,106
194,4.0,0.2376469266025653,0.2582901673571086,0.010245901639344263,8.0,0.8646816701021308,False,-54.0,False,decay,0,106
195,6.0,0.25805508986787146,0.25828897407036117,0.01020408163265306,8.0,0.8646816701021308,False,4.0,True,decay,0,106
196,6.0,0.278380293119904,0.2583904453786922,0.010162601626016262,8.0,0.8646816701021308,False,4.0,True,decay,0,106
197,10.0,0.25813737814014687,0.25838917368402614,0.010121457489878544,8.0,0.8646816701021308,False,0.0,True,decay,0,106
198,4.0,0.2984599587853082,0.2585895276095325,0.010080645161290324,8.0,0.8646816701021308,False,6.0,True,decay,0,106
199,10.0,0.2783796375001676,0.2586879858676949,0.010040160642570281,8.0,0.8646816701021308,False,0.0,True,decay,0,106
200,6.0,0.2983796375001676,0.25888447919260815,0.01,8.0,0.8646816701021308,True,40.0,True,decay,0,106
201,6.0,0.3182999562252672,0.25917716627158677,0.0099601593625498,8.0,0.8646816701021308,True,40.0,True,decay,0,106
202,4.0,0.3579824959078069,0.2596615061227447,0.009920634920634922,8.0,0.8646816701021308,True,60.0,True,decay,0,106
203,4.0,0.39750818760741163,0.2603339289592553,0.009881422924901186,8.0,0.8646816701021308,True,60.0,True,decay,0,106
204,6.0,0.4171932269774904,0.2610953818622564,0.00984251968503937,8.0,0.8646816701021308,True,40.0,True,decay,0,106
205,4.0,0.4564089132520002,0.2620389254921585,0.009803921568627453,8.0,0.8646816701021308,True,60.0,True,decay,0,106
206,6.0,0.4759401632520002,0.2630672968275424,0.009765625,8.0,0.8646816701021308,True,40.0,True,decay,0,106
207,6.0,0.49539541617028815,0.2641789146234407,0.00972762645914397,8.0,0.8646816701021308,True,40.0,True,decay,0,106
208,4.0,0.5341551060927687,0.2654645155351994,0.009689922480620155,8.0,0.8646816701021308,True,60.0,True,decay,0,106
209,4.0,0.5727651447028074,0.2669209166213018,0.009652509652509654,8.0,0.8646816701021308,True,-540.0,False,decay,0,106
210,6.0,0.5919959139335766,0.2684542892501333,0.009615384615384616,8.0,0.8646816701021308,True,-560.0,False,decay,0,106
211,4.0,0.6303100901787874,0.27015314277561997,0.009578544061302683,8.0,0.8646816701021308,True,60.0,True,decay,0,106
212,4.0,0.668478029110085,0.27201447402017354,0.009541984732824428,8.0,0.8646816701021308,True,60.0,True,decay,0,106
213,6.0,0.6874894359541915,0.27394691570358753,0.009505703422053233,8.0,0.8646816701021308,True,40.0,True,decay,0,106
214,4.0,0.7253682238329794,0.27603682916714956,0.00946969696969697,8.0,0.8646816701021308,True,60.0,True,decay,0,106
215,4.0,0.7631040728895832,0.27828137867739117,0.009433962264150945,8.0,0.8646816701021308,True,60.0,True,decay,0,106
216,6.0,0.7819010653707862,0.2805915607264435,0.009398496240601503,8.0,0.8646816701021308,True,40.0,True,decay,0,106
217,8.0,0.7819010653707862,0.28288064522253636,0.009363295880149813,8.0,0.8646816701021308,True,20.0,True,decay,0,106
218,4.0,0.8192144982066071,0.28531852637246397,0.009328358208955223,8.0,0.8646816701021308,True,60.0,True,decay,0,106
219,8.0,0.8192144982066071,0.2877343452495415,0.00929368029739777,8.0,0.8646816701021308,True,20.0,True,decay,0,106
220,12.0,0.78217746116957,0.2899615664924245,0.009259259259259259,8.0,0.8646816701021308,True,-20.0,True,decay,0,106
221,6.0,0.800627645671415,0.2922515489102675,0.00922509225092251,8.0,0.8646816701021308,True,40.0,True,decay,0,106
222,4.0,0.8373923515537679,0.2946852132077832,0.009191176470588236,8.0,0.8646816701021308,True,60.0,True,decay,0,106
223,4.0,0.8740223881838045,0.29726004509656545,0.009157509157509158,8.0,0.8646816701021308,True,-540.0,False,decay,0,106
224,6.0,0.8922705633662863,0.2998928350004138,0.009124087591240875,8.0,0.8646816701021308,True,40.0,True,decay,0,106
225,4.0,0.9286341997299227,0.3026626207481209,0.009090909090909092,8.0,0.8646816701021308,True,60.0,True,decay,0,106
226,6.0,0.9467501417589081,0.3054875660157121,0.009057971014492754,8.0,0.8646816701021308,True,40.0,True,decay,0,106
227,8.0,0.9467501417589081,0.3082878392722326,0.009025270758122744,8.0,0.8646816701021308,True,20.0,True,decay,0,106
228,4.0,0.9827213647804909,0.3112201589483555,0.008992805755395683,8.0,0.8646816701021308,True,60.0,True,decay,0,106
229,4.0,1.0185636586873008,0.3142822520208184,0.008960573476702509,8.0,0.8646816701021308,True,-540.0,False,decay,0,106
230,4.0,1.0542779444015866,0.3174718886259079,0.008928571428571428,8.0,0.8646816701021308,True,60.0,True,decay,0,106
231,4.0,1.0898651330136864,0.32078688109109155,0.008896797153024912,8.0,0.8646816701021308,True,60.0,True,decay,0,106
232,4.0,1.1253261259214877,0.32422508299207614,0.008865248226950355,8.0,0.8646816701021308,True,60.0,True,decay,0,106
233,4.0,1.1606618149674242,0.32778438823452444,0.0088339222614841,8.0,0.8646816701021308,True,60.0,True,decay,0,106
234,6.0,1.1782674487702411,0.33138813001645545,0.008802816901408451,8.0,0.8646816701021308,True,40.0,True,decay,0,106
235,10.0,1.1607235891211183,0.33488743575107427,0.008771929824561403,8.0,0.8646816701021308,True,0.0,True,decay,0,106
236,4.0,1.1956886240861533,0.33850424746676794,0.008741258741258742,8.0,0.8646816701021308,True,60.0,True,decay,0,106
237,8.0,1.1956886240861533,0.34209079297563566,0.008710801393728223,8.0,0.8646816701021308,True,20.0,True,decay,0,106
238,6.0,1.2130497351972644,0.34571978856822577,0.008680555555555556,8.0,0.8646816701021308,True,40.0,True,decay,0,106
239,6.0,1.2303507732595482,0.3493904565544968,0.00865051903114187,8.0,0.8646816701021308,True,40.0,True,decay,0,106
240,4.0,1.264833531880238,0.3531732791798098,0.008620689655172414,8.0,0.8646816701021308,True,60.0,True,decay,0,106
241,4.0,1.299197793048623,0.3570663841751547,0.00859106529209622,8.0,0.8646816701021308,True,60.0,True,decay,0,106
242,4.0,1.3334443683910886,0.3610679332907938,0.00856164383561644,8.0,0.8646816701021308,True,60.0,True,decay,0,106
243,8.0,1.3334443683910886,0.3650368166993664,0.008532423208191127,8.0,0.8646816701021308,True,20.0,True,decay,0,106
244,8.0,1.3334443683910886,0.36897343276315386,0.008503401360544218,8.0,0.8646816701021308,True,20.0,True,decay,0,106
245,4.0,1.3673426734758343,0.3730154134947841,0.00847457627118644,8.0,0.8646816701021308,True,60.0,True,decay,0,106
246,4.0,1.401126457259618,0.377161022542223,0.008445945945945946,8.0,0.8646816701021308,True,60.0,True,decay,0,106
247,4.0,1.4347964909296518,0.381408554543779,0.008417508417508417,8.0,0.8646816701021308,True,60.0,True,decay,0,106
248,6.0,1.4515750144195847,0.3856892203832822,0.008389261744966443,8.0,0.8646816701021308,True,40.0,True,decay,0,106
249,8.0,1.4515750144195847,0.38993577733163404,0.008361204013377926,8.0,0.8646816701021308,True,20.0,True,decay,0,106
250,10.0,1.434908347752918,0.39408249388092487,0.008333333333333333,8.0,0.8646816701021308,True,-600.0,False,decay,0,106
251,8.0,1.434908347752918,0.3981964300622371,0.008305647840531562,8.0,0.8646816701021308,True,20.0,True,decay,0,106
252,6.0,1.4514646391436465,0.4023431552948411,0.008278145695364239,8.0,0.8646816701021308,True,40.0,True,decay,0,106
253,4.0,1.4844679394736795,0.40658678189946396,0.00825082508250825,8.0,0.8646816701021308,True,60.0,True,decay,0,106
254,4.0,1.5173626763157848,0.4109257502370277,0.008223684210526315,8.0,0.8646816701021308,True,60.0,True,decay,0,106
255,12.0,1.4845757910698831,0.4151033768550544,0.00819672131147541,8.0,0.8646816701021308,True,-20.0,True,decay,0,106
256,8.0,1.4845757910698831,0.41924861877061576,0.008169934640522876,8.0,0.8646816701021308,True,20.0,True,decay,0,106
257,4.0,1.5171490809721633,0.42348761669417384,0.008143322475570033,8.0,0.8646816701021308,True,60.0,True,decay,0,106
258,10.0,1.5009153147383971,0.4276315693789593,0.008116883116883118,8.0,0.8646816701021308,True,0.0,True,decay,0,106
259,10.0,1.4847340849649344,0.431681770588101,0.008090614886731393,8.0,0.8646816701021308,True,0.0,True,decay,0,106
260,4.0,1.5169921494810634,0.43582417661441003,0.008064516129032258,8.0,0.8646816701021308,True,60.0,True,decay,0,106
261,6.0,1.53306931989907,0.439996211379751,0.008038585209003217,8.0,0.8646816701021308,True,40.0,True,decay,0,106
262,6.0,1.5490949609247109,0.4441973430068152,0.008012820512820514,8.0,0.8646816701021308,True,40.0,True,decay,0,106
263,6.0,1.5650694018192797,0.4484270488891264,0.007987220447284346,8.0,0.8646816701021308,True,40.0,True,decay,0,106
264,6.0,1.5809929686982607,0.45268481550495016,0.007961783439490446,8.0,0.8646816701021308,True,-560.0,False,decay,0,106
265,8.0,1.5809929686982607,0.4569106887378839,0.007936507936507938,8.0,0.8646816701021308,True,20.0,True,decay,0,106
266,6.0,1.5968157535083873,0.4611640658452365,0.007911392405063292,8.0,0.8646816701021308,True,40.0,True,decay,0,106
267,6.0,1.6125886241708478,0.4654444545378968,0.007886435331230285,8.0,0.8646816701021308,True,40.0,True,decay,0,106
268,4.0,1.644035165051351,0.46980960531757626,0.007861635220125786,8.0,0.8646816701021308,True,60.0,True,decay,0,106
269,4.0,1.675383127433796,0.47425821610029295,0.007836990595611286,8.0,0.8646816701021308,True,-540.0,False,decay,0,106
270,4.0,1.706633127433796,0.4787890062154897,0.0078125,8.0,0.8646816701021308,True,60.0,True,decay,0,106
271,4.0,1.737785775408874,0.4834007159927548,0.007788161993769471,8.0,0.8646816701021308,True,60.0,True,decay,0,106
272,4.0,1.7688416760299919,0.48809210635785416,0.007763975155279503,8.0,0.8646816701021308,True,60.0,True,decay,0,106
273,4.0,1.7998014283519732,0.49286195843783276,0.007739938080495357,8.0,0.8646816701021308,True,60.0,True,decay,0,106
274,6.0,1.8152335271174054,0.49765315977362834,0.007716049382716049,8.0,0.8646816701021308,True,40.0,True,decay,0,106
275,4.0,1.846002757886636,0.5025208478534586,0.007692307692307693,8.0,0.8646816701021308,True,60.0,True,decay,0,106
276,6.0,1.8613401811995194,0.5074086871820416,0.007668711656441718,8.0,0.8646816701021308,True,40.0,True,decay,0,106
277,18.0,1.7848875818111403,0.511987464582146,0.007645259938837921,8.0,0.8646816701021308,True,-680.0,False,decay,0,106
278,4.0,1.815375386689189,0.5166424214468139,0.007621951219512195,8.0,0.8646816701021308,True,60.0,True,decay,0,106
279,4.0,1.8457705234673045,0.5213724146924386,0.007598784194528876,8.0,0.8646816701021308,True,60.0,True,decay,0,106
280,6.0,1.8609220386188197,0.5261225906638086,0.007575757575757576,8.0,0.8646816701021308,True,40.0,True,decay,0,106
281,6.0,1.8760277788000885,0.5308925736607566,0.0075528700906344415,8.0,0.8646816701021308,True,40.0,True,decay,0,106
282,4.0,1.9061482607277993,0.5357350232631053,0.007530120481927712,8.0,0.8646816701021308,True,60.0,True,decay,0,106
283,4.0,1.9361782907578293,0.5406488592894025,0.0075075075075075074,8.0,0.8646816701021308,True,60.0,True,decay,0,106
284,4.0,1.9661184105183083,0.5456330185594337,0.007485029940119761,8.0,0.8646816701021308,True,60.0,True,decay,0,106
285,6.0,1.9810437836526367,0.5506344497966923,0.007462686567164179,8.0,0.8646816701021308,True,40.0,True,decay,0,106
286,4.0,2.0108056884145413,0.5557044888196709,0.007440476190476191,8.0,0.8646816701021308,True,60.0,True,decay,0,106
287,4.0,2.0404792789189923,0.5608421178511563,0.00741839762611276,8.0,0.8646816701021308,True,60.0,True,decay,0,106
288,8.0,2.0404792789189923,0.5659443149582868,0.007396449704142012,8.0,0.8646816701021308,True,20.0,True,decay,0,106
289,4.0,2.069977803992739,0.5711128149206045,0.007374631268436578,8.0,0.8646816701021308,True,60.0,True,decay,0,106
290,4.0,2.099389568698621,0.5763466394198443,0.007352941176470589,8.0,0.8646816701021308,True,-540.0,False,decay,0,106
291,4.0,2.128715081895102,0.5816448252303401,0.007331378299120235,8.0,0.8646816701021308,True,60.0,True,decay,0,106
292,8.0,2.128715081895102,0.5869069689604924,0.007309941520467837,8.0,0.8646816701021308,True,20.0,True,decay,0,106
293,6.0,2.1432923413703207,0.5921828515788308,0.007288629737609329,8.0,0.8646816701021308,True,-560.0,False,decay,0,106
294,4.0,2.172362108812181,0.5975212950154299,0.007267441860465117,8.0,0.8646816701021308,True,60.0,True,decay,0,106
295,10.0,2.1578693551889927,0.6027749921877315,0.007246376811594203,8.0,0.8646816701021308,True,0.0,True,decay,0,106
296,6.0,2.172320222241016,0.6080419224899237,0.007225433526011561,8.0,0.8646816701021308,True,40.0,True,decay,0,106
297,4.0,2.2011386660450505,0.6133700052442886,0.007204610951008645,8.0,0.8646816701021308,True,60.0,True,decay,0,106
298,4.0,2.2298742982289586,0.6187583528875709,0.007183908045977012,8.0,0.8646816701021308,True,60.0,True,decay,0,106
299,6.0,2.2442009457934287,0.6241584943922416,0.007163323782234957,8.0,0.8646816701021308,True,40.0,True,decay,0,106
300,8.0,2.2442009457934287,0.6295228733703911,0.0071428571428571435,8.0,0.8646816701021308,True,-580.0,False,decay,0,106
301,10.0,2.2299559315484143,0.6348048306581074,0.007122507122507123,8.0,0.8646816701021308,True,0.0,True,decay,0,106
302,4.0,2.258365022457505,0.6401454891837632,0.007102272727272728,8.0,0.8646816701021308,True,60.0,True,decay,0,106
303,8.0,2.258365022457505,0.6454511269977755,0.007082152974504249,8.0,0.8646816701021308,True,20.0,True,decay,0,106
304,4.0,2.2866136100281267,0.65081440308611,0.007062146892655367,8.0,0.8646816701021308,True,60.0,True,decay,0,106
305,6.0,2.30069811707038,0.656188617138176,0.007042253521126761,8.0,0.8646816701021308,True,40.0,True,decay,0,106
306,4.0,2.32878800471083,0.661619134630295,0.00702247191011236,8.0,0.8646816701021308,True,60.0,True,decay,0,106
307,6.0,2.342793606951726,0.6670598287154775,0.007002801120448179,8.0,0.8646816701021308,True,40.0,True,decay,0,106
308,6.0,2.3567600873986536,0.6725104747112297,0.006983240223463688,8.0,0.8646816701021308,True,40.0,True,decay,0,106
309,4.0,2.3846152406019963,0.678015634730171,0.006963788300835655,8.0,0.8646816701021308,True,60.0,True,decay,0,106
310,8.0,2.3846152406019963,0.6834855052618115,0.006944444444444445,8.0,0.8646816701021308,True,20.0,True,decay,0,106
311,4.0,2.412316071626927,0.6890089256016361,0.006925207756232688,8.0,0.8646816701021308,True,60.0,True,decay,0,106
312,4.0,2.439940381019192,0.6945851404278067,0.006906077348066299,8.0,0.8646816701021308,True,60.0,True,decay,0,106
313,8.0,2.439940381019192,0.7001259507153984,0.006887052341597796,8.0,0.8646816701021308,True,-580.0,False,decay,0,106
314,6.0,2.453676644755456,0.7056751617724872,0.006868131868131868,8.0,0.8646816701021308,True,40.0,True,decay,0,106
315,6.0,2.4673752748924422,0.7112325753785439,0.006849315068493151,8.0,0.8646816701021308,True,-560.0,False,decay,0,106
316,8.0,2.4673752748924422,0.71675503669777,0.006830601092896175,8.0,0.8646816701021308,True,20.0,True,decay,0,106
317,6.0,2.480999253094077,0.7222855828306737,0.0068119891008174395,8.0,0.8646816701021308,True,-560.0,False,decay,0,106
318,6.0,2.4945862096158162,0.7278240222893773,0.006793478260869565,8.0,0.8646816701021308,True,40.0,True,decay,0,106
319,4.0,2.521686480618526,0.7334123788573809,0.006775067750677507,8.0,0.8646816701021308,True,60.0,True,decay,0,106
320,8.0,2.521686480618526,0.7389660251361421,0.006756756756756757,8.0,0.8646816701021308,True,20.0,True,decay,0,106
321,4.0,2.5486406585161,0.7445687329794237,0.006738544474393531,8.0,0.8646816701021308,True,60.0,True,decay,0,106
322,4.0,2.5755223789462076,0.7502198244793211,0.006720430107526882,8.0,0.8646816701021308,True,60.0,True,decay,0,106
323,6.0,2.588927204683473,0.7558773856491801,0.006702412868632708,8.0,0.8646816701021308,True,40.0,True,decay,0,106
324,4.0,2.6156651725979114,0.7615822561612928,0.0066844919786096255,8.0,0.8646816701021308,True,60.0,True,decay,0,106
325,4.0,2.6423318392645783,0.767333783938367,0.006666666666666667,8.0,0.8646816701021308,True,60.0,True,decay,0,106
326,4.0,2.6689275839454294,0.7731313260115593,0.006648936170212766,8.0,0.8646816701021308,True,60.0,True,decay,0,106
327,6.0,2.6821901834149253,0.7789339365203842,0.006631299734748011,8.0,0.8646816701021308,True,40.0,True,decay,0,106
328,4.0,2.708645209869952,0.7847815464396252,0.006613756613756613,8.0,0.8646816701021308,True,60.0,True,decay,0,106
329,6.0,2.721837822007155,0.7906336802026691,0.006596306068601583,8.0,0.8646816701021308,True,40.0,True,decay,0,106
330,10.0,2.708679927270313,0.7964109279348006,0.006578947368421052,8.0,0.8646816701021308,True,0.0,True,decay,0,106
331,4.0,2.734926646430418,0.8022322964588116,0.006561679790026247,8.0,0.8646816701021308,True,60.0,True,decay,0,106
332,12.0,2.7087486359592137,0.8079404292118069,0.006544502617801047,8.0,0.8646816701021308,True,-20.0,True,decay,0,106
333,6.0,2.72180346624642,0.8136534532029549,0.006527415143603134,8.0,0.8646816701021308,True,40.0,True,decay,0,106
334,6.0,2.7348242995797536,0.8193712235790764,0.006510416666666667,8.0,0.8646816701021308,True,40.0,True,decay,0,106
335,14.0,2.6958632606187147,0.8249394492082741,0.006493506493506494,8.0,0.8646816701021308,True,-40.0,True,decay,0,106
336,4.0,2.72176999637001,0.8305513739040189,0.006476683937823835,8.0,0.8646816701021308,True,60.0,True,decay,0,106
337,12.0,2.6959302030883565,0.836053966320492,0.006459948320413437,8.0,0.8646816701021308,True,-620.0,False,decay,0,106
338,6.0,2.708816801026501,0.8415620923049214,0.0064432989690721655,8.0,0.8646816701021308,True,40.0,True,decay,0,106
339,6.0,2.721670271463519,0.847075606026794,0.006426735218508998,8.0,0.8646816701021308,True,40.0,True,decay,0,106
340,6.0,2.7344907842840316,0.8525943638579556,0.006410256410256411,8.0,0.8646816701021308,True,40.0,True,decay,0,106
341,6.0,2.747278508069198,0.8581182243367056,0.00639386189258312,8.0,0.8646816701021308,True,40.0,True,decay,0,106
342,6.0,2.7600336101100145,0.8636470481325583,0.006377551020408163,8.0,0.8646816701021308,True,40.0,True,decay,0,106
343,8.0,2.7600336101100145,0.8691438207759713,0.0063613231552162855,8.0,0.8646816701021308,True,20.0,True,decay,0,106
344,8.0,2.7600336101100145,0.8746088201671103,0.00634517766497462,8.0,0.8646816701021308,True,20.0,True,decay,0,106
345,8.0,2.7600336101100145,0.8800423210026806,0.006329113924050633,8.0,0.8646816701021308,True,20.0,True,decay,0,106
346,8.0,2.7600336101100145,0.8854445948219547,0.006313131313131314,8.0,0.8646816701021308,True,20.0,True,decay,0,106
347,8.0,2.7600336101100145,0.8908159100520066,0.006297229219143577,8.0,0.8646816701021308,True,-580.0,False,decay,0,106
348,16.0,2.7097823538286074,0.8960129570342253,0.00628140703517588,8.0,0.8646816701021308,True,-60.0,True,decay,0,106
349,4.0,2.7348450104702113,0.9012517947933022,0.006265664160401002,8.0,0.8646816701021308,True,60.0,True,decay,0,106
350,6.0,2.7473450104702115,0.9064963777923843,0.00625,8.0,0.8646816701021308,True,40.0,True,decay,0,106
351,8.0,2.7473450104702115,0.9117112464401969,0.006234413965087282,8.0,0.8646816701021308,True,20.0,True,decay,0,106
352,12.0,2.7224693885796643,0.9168263824349412,0.006218905472636817,8.0,0.8646816701021308,True,-20.0,True,decay,0,106
353,12.0,2.6976554927980265,0.921842802464133,0.006203473945409429,8.0,0.8646816701021308,True,-20.0,True,decay,0,106
354,4.0,2.7224079680455513,0.9269005697831819,0.006188118811881188,8.0,0.8646816701021308,True,60.0,True,decay,0,106
355,10.0,2.7100622890332056,0.9318954205373837,0.006172839506172839,8.0,0.8646816701021308,True,0.0,True,decay,0,106
356,4.0,2.734692830905127,0.9369311674937183,0.006157635467980295,8.0,0.8646816701021308,True,60.0,True,decay,0,106
357,8.0,2.734692830905127,0.9419388601494604,0.006142506142506142,8.0,0.8646816701021308,True,20.0,True,decay,0,106
358,8.0,2.734692830905127,0.9469187322904484,0.006127450980392157,8.0,0.8646816701021308,True,20.0,True,decay,0,106
359,6.0,2.7469177697804326,0.9519048792087033,0.006112469437652812,8.0,0.8646816701021308,True,40.0,True,decay,0,106
360,10.0,2.734722647829213,0.9568297901717433,0.006097560975609757,8.0,0.8646816701021308,True,0.0,True,decay,0,106
361,10.0,2.7225571977075584,0.9616940530024204,0.006082725060827252,8.0,0.8646816701021308,True,0.0,True,decay,0,106
362,6.0,2.7346931200376554,0.9665649295602096,0.006067961165048544,8.0,0.8646816701021308,True,40.0,True,decay,0,106
363,10.0,2.722586582507389,0.9713759477874622,0.006053268765133173,8.0,0.8646816701021308,True,0.0,True,decay,0,106
364,6.0,2.7346638771933796,0.9761936743705384,0.006038647342995169,8.0,0.8646816701021308,True,40.0,True,decay,0,106
365,8.0,2.7346638771933796,0.980985146312835,0.006024096385542168,8.0,0.8646816701021308,True,20.0,True,decay,0,106
366,6.0,2.7466831079626104,0.9857832385999268,0.006009615384615385,8.0,0.8646816701021308,True,40.0,True,decay,0,106
367,6.0,2.7586735156364712,0.9905878192965027,0.005995203836930456,8.0,0.8646816701021308,True,40.0,True,decay,0,106
368,16.0,2.710826625684318,0.9952371133678212,0.00598086124401914,8.0,0.8646816701021308,True,-60.0,True,decay,0,106
369,4.0,2.7346929741330053,0.9999256736394254,0.005966587112171838,8.0,0.8646816701021308,True,60.0,True,decay,0,106
370,6.0,2.746597736037767,1.0046210286458725,0.005952380952380952,8.0,0.8646816701021308,True,-560.0,False,decay,0,106
371,14.0,2.710968282356057,1.009195686162522,0.005938242280285036,8.0,0.8646816701021308,True,-40.0,True,decay,0,106
372,4.0,2.734664964820512,1.0138092403835326,0.005924170616113744,8.0,0.8646816701021308,True,-540.0,False,decay,0,106
373,12.0,2.711024302881978,1.0183351472168618,0.00591016548463357,8.0,0.8646816701021308,True,-20.0,True,decay,0,106
374,6.0,2.7228167557121665,1.0228683429841365,0.00589622641509434,8.0,0.8646816701021308,True,40.0,True,decay,0,106
375,12.0,2.6992873439474607,1.0273150777347024,0.0058823529411764705,8.0,0.8646816701021308,True,-20.0,True,decay,0,106
376,4.0,2.7227615223512167,1.0318003857892435,0.005868544600938968,8.0,0.8646816701021308,True,60.0,True,decay,0,106
377,6.0,2.734471124224753,1.0362929207191525,0.005854800936768151,8.0,0.8646816701021308,True,40.0,True,decay,0,106
378,6.0,2.746153367215407,1.04079255347309,0.005841121495327103,8.0,0.8646816701021308,True,40.0,True,decay,0,106
379,6.0,2.757808378870419,1.045299156689356,0.005827505827505828,8.0,0.8646816701021308,True,40.0,True,decay,0,106
380,6.0,2.769436285847163,1.0498126046714444,0.005813953488372092,8.0,0.8646816701021308,True,40.0,True,decay,0,106
381,8.0,2.769436285847163,1.0543024837345665,0.00580046403712297,8.0,0.8646816701021308,True,20.0,True,decay,0,106
382,6.0,2.781010359921237,1.0587991188288026,0.005787037037037037,8.0,0.8646816701021308,True,40.0,True,decay,0,106
383,12.0,2.757915671699528,1.0632124085765189,0.005773672055427252,8.0,0.8646816701021308,True,-20.0,True,decay,0,106
384,6.0,2.769436409026717,1.067632678007737,0.00576036866359447,8.0,0.8646816701021308,True,40.0,True,decay,0,106
385,8.0,2.769436409026717,1.0720301036692848,0.00574712643678161,8.0,0.8646816701021308,True,20.0,True,decay,0,106
386,8.0,2.769436409026717,1.0764048621882472,0.0057339449541284416,8.0,0.8646816701021308,True,20.0,True,decay,0,106
387,6.0,2.7808780566239713,1.080786541351321,0.005720823798627002,8.0,0.8646816701021308,True,40.0,True,decay,0,106
388,16.0,2.7352159561673504,1.0850286680559773,0.005707762557077626,8.0,0.8646816701021308,True,-60.0,True,decay,0,106
389,14.0,2.701047391247077,1.0891617082687424,0.005694760820045558,8.0,0.8646816701021308,True,-40.0,True,decay,0,106
390,8.0,2.701047391247077,1.0932736615416463,0.005681818181818182,8.0,0.8646816701021308,True,20.0,True,decay,0,106
391,8.0,2.701047391247077,1.0973646888436956,0.005668934240362812,8.0,0.8646816701021308,True,20.0,True,decay,0,106
392,6.0,2.712359608441647,1.101463660720848,0.005656108597285069,8.0,0.8646816701021308,True,40.0,True,decay,0,106
393,8.0,2.712359608441647,1.1055418783100144,0.005643340857787811,8.0,0.8646816701021308,True,20.0,True,decay,0,106
394,12.0,2.6898370859191245,1.1095426237837749,0.005630630630630631,8.0,0.8646816701021308,True,-20.0,True,decay,0,106
395,4.0,2.712308996031484,1.1135798186760866,0.0056179775280898875,8.0,0.8646816701021308,True,60.0,True,decay,0,106
396,4.0,2.734730520695161,1.1176530616459837,0.005605381165919283,8.0,0.8646816701021308,True,60.0,True,decay,0,106
397,6.0,2.745916203021783,1.1217339216494318,0.005592841163310961,8.0,0.8646816701021308,True,40.0,True,decay,0,106
398,10.0,2.7347554887360688,1.1257664755671484,0.005580357142857143,8.0,0.8646816701021308,True,0.0,True,decay,0,106
399,10.0,2.7236196312750445,1.12975114677839,0.005567928730512249,8.0,0.8646816701021308,True,0.0,True,decay,0,106
0,10.0,0.9,0.95,0.05,8.0,0.8646816701021308,False,0.0,True,decay,0,107
1,12.0,0.703921568627451,0.8679738562091504,0.049019607843137254,8.0,0.8646816701021308,False,-2.0,True,decay,0,107
2,12.0,0.5116138763197587,0.7788838612368024,0.04807692307692308,8.0,0.8646816701021308,False,-2.0,True,decay,0,107
3,10.0,0.41727425367824933,0.7065619397250918,0.04716981132075472,8.0,0.8646816701021308,False,0.0,True,decay,0,107
4,14.0,0.13949647590047154,0.6120510290876551,0.046296296296296294,8.0,0.8646816701021308,False,-4.0,True,decay,0,107
5,10.0,0.04858738499138063,0.5315562227881873,0.045454545454545456,8.0,0.8646816701021308,False,0.0,True,decay,0,107
6,4.0,0.2271588135628092,0.49350654663501503,0.044642857142857144,8.0,0.8646816701021308,False,6.0,True,decay,0,107
7,10.0,0.13943951531719517,0.45416576537747955,0.043859649122807015,8.0,0.8646816701021308,False,0.0,True,decay,0,107
8,10.0,0.05323261876547103,0.4140724507162787,0.04310344827586207,8.0,0.8646816701021308,False,-60.0,False,decay,0,107
9,8.0,0.05323261876547103,0.38126882962984165,0.04237288135593221,8.0,0.8646816701021308,False,2.0,True,decay,0,107
10,6.0,0.13656595209880437,0.3608769231689219,0.04166666666666667,8.0,0.8646816701021308,False,4.0,True,decay,0,107
11,4.0,0.30050037832831256,0.35623257356579807,0.04098360655737705,8.0,0.8646816701021308,False,6.0,True,decay,0,107
12,6.0,0.3811455396186352,0.3580120711410007,0.040322580645161296,8.0,0.8646816701021308,False,4.0,True,decay,0,107
13,12.0,0.22241538088847643,0.3489722917908324,0.03968253968253969,8.0,0.8646816701021308,False,-2.0,True,decay,0,107
14,4.0,0.37866538088847645,0.35082810985943513,0.0390625,8.0,0.8646816701021308,False,6.0,True,decay,0,107
15,6.0,0.4555884578115534,0.3569904832683833,0.038461538461538464,8.0,0.8646816701021308,False,4.0,True,decay,0,107
16,8.0,0.4555884578115534,0.36246814852078163,0.03787878787878788,8.0,0.8646816701021308,False,2.0,True,decay,0,107
17,10.0,0.3809615921399116,0.36344148765863055,0.03731343283582089,8.0,0.8646816701021308,False,0.0,True,decay,0,107
18,18.0,0.013314533316382104,0.34593513994151814,0.03676470588235295,8.0,0.8646816701021308,False,-8.0,True,decay,0,107
19,4.0,0.1582420695482662,0.33699737468469665,0.03623188405797102,8.0,0.8646816701021308,False,-54.0,False,decay,0,107
20,4.0,0.30109921240540904,0.3353656400356381,0.03571428571428572,8.0,0.8646816701021308,False,-54.0,False,decay,0,107
21,8.0,0.30109921240540904,0.33387579535606293,0.035211267605633804,8.0,0.8646816701021308,False,2.0,True,decay,0,107
22,16.0,0.023321434627631255,0.3209360303257116,0.034722222222222224,8.0,0.8646816701021308,False,-6.0,True,decay,0,107
23,4.0,0.1603077359974943,0.3145108985525829,0.03424657534246576,8.0,0.8646816701021308,False,6.0,True,decay,0,107
24,4.0,0.29544287113262946,0.3137775128825847,0.033783783783783786,8.0,0.8646816701021308,False,6.0,True,decay,0,107
25,16.0,0.028776204465962796,0.3032219088671543,0.03333333333333333,8.0,0.8646816701021308,False,-66.0,False,decay,0,107
26,6.0,0.09456567815017332,0.2957699006272621,0.03289473684210526,8.0,0.8646816701021308,False,4.0,True,decay,0,107
27,8.0,0.09456567815017332,0.28883182399012114,0.03246753246753247,8.0,0.8646816701021308,False,2.0,True,decay,0,107
28,4.0,0.22277080635530155,0.28662979006896044,0.032051282051282055,8.0,0.8646816701021308,False,6.0,True,decay,0,107
29,6.0,0.2860619455958079,0.2866114725053104,0.03164556962025317,8.0,0.8646816701021308,False,4.0,True,decay,0,107
30,16.0,0.03606194559580789,0.27878179978938844,0.03125,8.0,0.8646816701021308,False,-6.0,True,decay,0,107
31,4.0,0.15951873571926467,0.27516776754483924,0.030864197530864196,8.0,0.8646816701021308,False,-54.0,False,decay,0,107
32,4.0,0.2814699552314598,0.2753531260062104,0.03048780487804878,8.0,0.8646816701021308,False,6.0,True,decay,0,107
33,10.0,0.2212289913760381,0.2738067221596341,0.030120481927710843,8.0,0.8646816701021308,False,0.0,True,decay,0,107
34,4.0,0.34027661042365714,0.27565310794474585,0.02976190476190476,8.0,0.8646816701021308,False,6.0,True,decay,0,107
35,6.0,0.39910013983542186,0.2789895142120614,0.029411764705882353,8.0,0.8646816701021308,False,4.0,True,decay,0,107
36,20.0,0.05026293053309622,0.2729703935889307,0.029069767441860468,8.0,0.8646816701021308,False,-10.0,True,decay,0,107
37,8.0,0.05026293053309622,0.2672599458182683,0.02873563218390805,8.0,0.8646816701021308,False,2.0,True,decay,0,107
38,6.0,0.10708111235127804,0.2632554749815935,0.02840909090909091,8.0,0.8646816701021308,False,4.0,True,decay,0,107
39,4.0,0.2194406629130758,0.2621868210287029,0.02808988764044944,8.0,0.8646816701021308,False,6.0,True,decay,0,107
40,6.0,0.27499621846863137,0.2624918066820345,0.02777777777777778,8.0,0.8646816701021308,False,4.0,True,decay,0,107
41,8.0,0.27499621846863137,0.2627826069561414,0.027472527472527472,8.0,0.8646816701021308,False,2.0,True,decay,0,107
42,10.0,0.22064839238167483,0.26182501117035806,0.027173913043478264,8.0,0.8646816701021308,False,0.0,True,decay,0,107
43,8.0,0.22064839238167483,0.2609099751972762,0.02688172043010753,8.0,0.8646816701021308,False,2.0,True,decay,0,107
44,4.0,0.32703137110507907,0.26234739684744585,0.026595744680851068,8.0,0.8646816701021308,False,6.0,True,decay,0,107
45,6.0,0.3796629500524475,0.26484347244755224,0.026315789473684213,8.0,0.8646816701021308,False,4.0,True,decay,0,107
46,14.0,0.2234129500524475,0.2639803365643209,0.026041666666666668,8.0,0.8646816701021308,False,-4.0,True,decay,0,107
47,8.0,0.2234129500524475,0.2631524307171398,0.025773195876288662,8.0,0.8646816701021308,False,2.0,True,decay,0,107
48,4.0,0.3254537663789781,0.26439845743037654,0.025510204081632654,8.0,0.8646816701021308,False,6.0,True,decay,0,107
49,12.0,0.22444366536887708,0.26361503013505305,0.025252525252525256,8.0,0.8646816701021308,False,-2.0,True,decay,0,107
50,4.0,0.3244436653688771,0.26478481158185735,0.025,8.0,0.8646816701021308,False,6.0,True,decay,0,107
51,8.0,0.3244436653688771,0.26591045033255584,0.024752475247524754,8.0,0.8646816701021308,False,2.0,True,decay,0,107
52,8.0,0.3244436653688771,0.26699439875915437,0.024509803921568627,8.0,0.8646816701021308,False,2.0,True,decay,0,107
53,8.0,0.3244436653688771,0.2680389308793311,0.024271844660194174,8.0,0.8646816701021308,False,2.0,True,decay,0,107
54,12.0,0.22828981921503094,0.2673291253138972,0.02403846153846154,8.0,0.8646816701021308,False,-2.0,True,decay,0,107
55,4.0,0.3235279144531262,0.2683150689830065,0.023809523809523808,8.0,0.8646816701021308,False,6.0,True,decay,0,107
56,6.0,0.3706977257738809,0.2700802872035388,0.02358490566037736,8.0,0.8646816701021308,False,4.0,True,decay,0,107
57,8.0,0.3706977257738809,0.27178566751829036,0.02336448598130841,8.0,0.8646816701021308,False,-58.0,False,decay,0,107
58,10.0,0.3244014294775846,0.27266259688427863,0.023148148148148147,8.0,0.8646816701021308,False,0.0,True,decay,0,107
59,12.0,0.23265831021152955,0.27200678890603686,0.022935779816513766,8.0,0.8646816701021308,False,-2.0,True,decay,0,107
60,12.0,0.14174921930243864,0.26990586036404335,0.022727272727272728,8.0,0.8646816701021308,False,-62.0,False,decay,0,107
61,4.0,0.23183930939252873,0.2693016293962416,0.022522522522522525,8.0,0.8646816701021308,False,6.0,True,decay,0,107
62,8.0,0.23183930939252873,0.2687162806461836,0.022321428571428572,8.0,0.8646816701021308,False,2.0,True,decay,0,107
63,10.0,0.18759152178190924,0.267468207432887,0.022123893805309738,8.0,0.8646816701021308,False,-60.0,False,decay,0,107
64,4.0,0.2753108200275233,0.26758703489644214,0.021929824561403508,8.0,0.8646816701021308,False,6.0,True,decay,0,107
65,12.0,0.18835429828839284,0.266404456738113,0.02173913043478261,8.0,0.8646816701021308,False,-2.0,True,decay,0,107
66,6.0,0.2314577465642549,0.265890534529674,0.021551724137931032,8.0,0.8646816701021308,False,4.0,True,decay,0,107
67,4.0,0.3169278320343404,0.2666302055080025,0.02136752136752137,8.0,0.8646816701021308,False,-54.0,False,decay,0,107
68,12.0,0.23218206932247598,0.2661380892767807,0.0211864406779661,8.0,0.8646816701021308,False,-2.0,True,decay,0,107
69,6.0,0.2741988760451651,0.2662516214847861,0.02100840336134454,8.0,0.8646816701021308,False,4.0,True,decay,0,107
70,8.0,0.2741988760451651,0.26636200002034693,0.020833333333333332,8.0,0.8646816701021308,False,2.0,True,decay,0,107
71,6.0,0.3155211900947519,0.26703541358301003,0.02066115702479339,8.0,0.8646816701021308,False,4.0,True,decay,0,107
72,10.0,0.27453758353737484,0.26713679425806897,0.020491803278688527,8.0,0.8646816701021308,False,0.0,True,decay,0,107
73,8.0,0.27453758353737484,0.2672354714484597,0.020325203252032523,8.0,0.8646816701021308,False,2.0,True,decay,0,107
74,6.0,0.31486016418253615,0.26786211214232913,0.020161290322580648,8.0,0.8646816701021308,False,4.0,True,decay,0,107
75,6.0,0.35486016418253613,0.2689919569740202,0.02,8.0,0.8646816701021308,False,4.0,True,decay,0,107
76,18.0,0.1564474657698377,0.26754907888165885,0.019841269841269844,8.0,0.8646816701021308,False,-8.0,True,decay,0,107
77,6.0,0.19581754450999517,0.26664108477568843,0.01968503937007874,8.0,0.8646816701021308,False,4.0,True,decay,0,107
78,6.0,0.23488004450999517,0.26624407177236725,0.01953125,8.0,0.8646816701021308,False,4.0,True,decay,0,107
79,6.0,0.2736397344324758,0.26633537624965253,0.01937984496124031,8.0,0.8646816701021308,False,4.0,True,decay,0,107
80,10.0,0.23517819597093734,0.26595541063649747,0.019230769230769232,8.0,0.8646816701021308,False,0.0,True,decay,0,107
81,4.0,0.31151407383353275,0.2665043101930883,0.019083969465648856,8.0,0.8646816701021308,False,6.0,True,decay,0,107
82,10.0,0.27363528595474484,0.26658920276167947,0.01893939393939394,8.0,0.8646816701021308,False,0.0,True,decay,0,107
83,14.0,0.1608533310675268,0.26534525132998354,0.018796992481203006,8.0,0.8646816701021308,False,-4.0,True,decay,0,107
84,6.0,0.1981667639033477,0.26456410612734826,0.01865671641791045,8.0,0.8646816701021308,False,4.0,True,decay,0,107
85,8.0,0.1981667639033477,0.2638009182856931,0.018518518518518517,8.0,0.8646816701021308,False,2.0,True,decay,0,107
86,8.0,0.1981667639033477,0.26305507562225733,0.018382352941176475,8.0,0.8646816701021308,False,-58.0,False,decay,0,107
87,8.0,0.1981667639033477,0.2623259934681123,0.01824817518248175,8.0,0.8646816701021308,False,2.0,True,decay,0,107
88,4.0,0.27063053201928977,0.2624182661186809,0.01811594202898551,8.0,0.8646816701021308,False,6.0,True,decay,0,107
89,6.0,0.3066017550408725,0.26290379896397975,0.017985611510791366,8.0,0.8646816701021308,False,4.0,True,decay,0,107
90,16.0,0.16374461218372963,0.26182598171636834,0.01785714285714286,8.0,0.8646816701021308,False,-6.0,True,decay,0,107
91,6.0,0.19920560509153104,0.2611526443333056,0.017730496453900707,8.0,0.8646816701021308,False,4.0,True,decay,0,107
92,6.0,0.23441687269716485,0.26086822123079345,0.017605633802816902,8.0,0.8646816701021308,False,4.0,True,decay,0,107
93,6.0,0.2693819076621998,0.26095783898270297,0.01748251748251748,8.0,0.8646816701021308,False,4.0,True,decay,0,107
94,4.0,0.33882635210664425,0.261768969327744,0.017361111111111112,8.0,0.8646816701021308,False,6.0,True,decay,0,107
95,8.0,0.33882635210664425,0.26256337533577395,0.017241379310344827,8.0,0.8646816701021308,False,2.0,True,decay,0,107
96,6.0,0.37307292744911,0.2636910238267264,0.01712328767123288,8.0,0.8646816701021308,False,4.0,True,decay,0,107
97,14.0,0.2710321111225794,0.26376517622365414,0.017006802721088437,8.0,0.8646816701021308,False,-4.0,True,decay,0,107
98,6.0,0.3048158949063632,0.26417568341048125,0.016891891891891893,8.0,0.8646816701021308,False,4.0,True,decay,0,107
99,8.0,0.3048158949063632,0.2645780617421236,0.016778523489932886,8.0,0.8646816701021308,False,2.0,True,decay,0,107
100,6.0,0.3381492282396965,0.26529934768817826,0.016666666666666666,8.0,0.8646816701021308,False,4.0,True,decay,0,107
101,12.0,0.2719240626767826,0.26536366530942684,0.016556291390728478,8.0,0.8646816701021308,False,-2.0,True,decay,0,107
102,10.0,0.23902932583467734,0.26511045050678506,0.01644736842105263,8.0,0.8646816701021308,False,0.0,True,decay,0,107
103,4.0,0.30438880295886034,0.2654845300539477,0.016339869281045753,8.0,0.8646816701021308,False,6.0,True,decay,0,107
104,16.0,0.17451867308873045,0.26462636159201164,0.016233766233766236,8.0,0.8646816701021308,False,-6.0,True,decay,0,107
105,6.0,0.20677673760485948,0.26408571090054295,0.016129032258064516,8.0,0.8646816701021308,False,4.0,True,decay,0,107
106,4.0,0.2708793017074236,0.2641486145191252,0.016025641025641028,8.0,0.8646816701021308,False,6.0,True,decay,0,107
107,4.0,0.33457356922334713,0.26479471502099877,0.01592356687898089,8.0,0.8646816701021308,False,6.0,True,decay,0,107
108,10.0,0.30292799960309397,0.26514138124447234,0.015822784810126583,8.0,0.8646816701021308,False,0.0,True,decay,0,107
109,22.0,0.08280221343957195,0.26349868603902277,0.015723270440251572,8.0,0.8646816701021308,False,-12.0,True,decay,0,107
110,4.0,0.14530221343957195,0.2624433603908134,0.015625,8.0,0.8646816701021308,False,6.0,True,decay,0,107
111,6.0,0.17635811406068996,0.26168154405160876,0.015527950310559006,8.0,0.8646816701021308,False,4.0,True,decay,0,107
112,4.0,0.23808650912241835,0.26147457006100183,0.015432098765432098,8.0,0.8646816701021308,False,6.0,True,decay,0,107
113,8.0,0.23808650912241835,0.2612711956180576,0.015337423312883436,8.0,0.8646816701021308,False,2.0,True,decay,0,107
114,6.0,0.26857431400046716,0.2613341535351474,0.01524390243902439,8.0,0.8646816701021308,False,4.0,True,decay,0,107
115,4.0,0.32918037460652777,0.26191403576652666,0.015151515151515152,8.0,0.8646816701021308,False,6.0,True,decay,0,107
116,8.0,0.32918037460652777,0.2624840894855097,0.015060240963855423,8.0,0.8646816701021308,False,2.0,True,decay,0,107
117,6.0,0.3591204943670068,0.26329616011476603,0.014970059880239523,8.0,0.8646816701021308,False,4.0,True,decay,0,107
118,8.0,0.3591204943670068,0.2640946962335347,0.014880952380952382,8.0,0.8646816701021308,False,2.0,True,decay,0,107
119,8.0,0.3591204943670068,0.2648800334081915,0.014792899408284025,8.0,0.8646816701021308,False,2.0,True,decay,0,107
120,8.0,0.3591204943670068,0.26565249620293585,0.014705882352941178,8.0,0.8646816701021308,False,2.0,True,decay,0,107
121,22.0,0.1544421317939074,0.2647483468987974,0.014619883040935673,8.0,0.8646816701021308,False,-12.0,True,decay,0,107
122,6.0,0.18351189923576786,0.2640932142563536,0.014534883720930234,8.0,0.8646816701021308,False,4.0,True,decay,0,107
123,6.0,0.2124136333398141,0.2636797776090213,0.014450867052023123,8.0,0.8646816701021308,False,-56.0,False,decay,0,107
124,6.0,0.24114926552372215,0.2635009640210427,0.014367816091954025,8.0,0.8646816701021308,False,4.0,True,decay,0,107
125,4.0,0.2982921226665793,0.26377491015210996,0.014285714285714287,8.0,0.8646816701021308,False,6.0,True,decay,0,107
126,8.0,0.2982921226665793,0.2640445758748793,0.014204545454545456,8.0,0.8646816701021308,False,2.0,True,decay,0,107
127,12.0,0.24179494752533634,0.26387209813573553,0.014124293785310734,8.0,0.8646816701021308,False,-2.0,True,decay,0,107
128,4.0,0.2979747228062352,0.26413442601781634,0.01404494382022472,8.0,0.8646816701021308,False,-54.0,False,decay,0,107
129,10.0,0.27004176191238044,0.2641795201849504,0.013966480446927375,8.0,0.8646816701021308,False,0.0,True,decay,0,107
130,8.0,0.27004176191238044,0.2642239311071279,0.01388888888888889,8.0,0.8646816701021308,False,2.0,True,decay,0,107
131,4.0,0.32529038069691085,0.2646830773446451,0.013812154696132598,8.0,0.8646816701021308,False,-54.0,False,decay,0,107
132,8.0,0.32529038069691085,0.2651353706532441,0.013736263736263736,8.0,0.8646816701021308,False,2.0,True,decay,0,107
133,10.0,0.2979679763253262,0.265378575139704,0.01366120218579235,8.0,0.8646816701021308,False,0.0,True,decay,0,107
134,6.0,0.32514188936880445,0.26581801127374144,0.01358695652173913,8.0,0.8646816701021308,False,4.0,True,decay,0,107
135,6.0,0.3521689163958315,0.26644830985127493,0.013513513513513514,8.0,0.8646816701021308,False,4.0,True,decay,0,107
136,12.0,0.2984054755356164,0.26667988351565425,0.013440860215053764,8.0,0.8646816701021308,False,-2.0,True,decay,0,107
137,6.0,0.3251434434500549,0.2671004846662614,0.013368983957219251,8.0,0.8646816701021308,False,4.0,True,decay,0,107
138,8.0,0.3251434434500549,0.2675150772290028,0.013297872340425532,8.0,0.8646816701021308,False,-58.0,False,decay,0,107
139,14.0,0.24577836408497555,0.26736091614287494,0.013227513227513227,8.0,0.8646816701021308,False,-4.0,True,decay,0,107
140,16.0,0.14051520619023872,0.2664676364953212,0.013157894736842105,8.0,0.8646816701021308,False,-6.0,True,decay,0,107
141,6.0,0.1666932166614429,0.2657699132796996,0.013089005235602096,8.0,0.8646816701021308,False,4.0,True,decay,0,107
142,6.0,0.19273488332810956,0.26526272557170244,0.013020833333333334,8.0,0.8646816701021308,False,4.0,True,decay,0,107
143,4.0,0.24454835483070025,0.26511986784245417,0.01295336787564767,8.0,0.8646816701021308,False,6.0,True,decay,0,107
144,4.0,0.29609474658327756,0.26533202454615845,0.012886597938144331,8.0,0.8646816701021308,False,6.0,True,decay,0,107
145,8.0,0.29609474658327756,0.26554129476409805,0.012820512820512822,8.0,0.8646816701021308,False,2.0,True,decay,0,107
146,10.0,0.2705845425016449,0.2655753707623247,0.012755102040816327,8.0,0.8646816701021308,False,0.0,True,decay,0,107
147,6.0,0.2959652531615434,0.26577932970460133,0.01269035532994924,8.0,0.8646816701021308,False,4.0,True,decay,0,107
148,8.0,0.2959652531615434,0.26598056919431423,0.012626262626262628,8.0,0.8646816701021308,False,2.0,True,decay,0,107
149,6.0,0.3210908813022469,0.2663455381486714,0.01256281407035176,8.0,0.8646816701021308,False,4.0,True,decay,0,107
150,12.0,0.2710908813022469,0.2663767575115239,0.0125,8.0,0.8646816701021308,False,-2.0,True,decay,0,107
151,10.0,0.24621525941169964,0.2662449830141394,0.012437810945273634,8.0,0.8646816701021308,False,0.0,True,decay,0,107
152,4.0,0.29572020990674913,0.26643638059136415,0.012376237623762377,8.0,0.8646816701021308,False,6.0,True,decay,0,107
153,30.0,0.024784249315616125,0.2648773345831335,0.01231527093596059,8.0,0.8646816701021308,False,-20.0,True,decay,0,107
154,4.0,0.07380385715875337,0.2636525045996439,0.012254901960784314,8.0,0.8646816701021308,False,6.0,True,decay,0,107
155,8.0,0.07380385715875337,0.2624432775458802,0.012195121951219514,8.0,0.8646816701021308,False,2.0,True,decay,0,107
156,6.0,0.09807570181894755,0.2614029764336845,0.012135922330097087,8.0,0.8646816701021308,False,4.0,True,decay,0,107
157,8.0,0.09807570181894755,0.26037576087006975,0.012077294685990338,8.0,0.8646816701021308,False,2.0,True,decay,0,107
158,6.0,0.12211416335740909,0.25951162588561566,0.01201923076923077,8.0,0.8646816701021308,False,4.0,True,decay,0,107
159,8.0,0.12211416335740909,0.2586582254972417,0.01196172248803828,8.0,0.8646816701021308,False,2.0,True,decay,0,107
160,8.0,0.12211416335740909,0.2578153609161316,0.011904761904761904,8.0,0.8646816701021308,False,2.0,True,decay,0,107
161,6.0,0.14581084582186407,0.2571282166517496,0.011848341232227487,8.0,0.8646816701021308,False,-56.0,False,decay,0,107
162,6.0,0.16939575148224142,0.256593262595838,0.01179245283018868,8.0,0.8646816701021308,False,4.0,True,decay,0,107
163,4.0,0.21634410828975317,0.2563493283273163,0.011737089201877935,8.0,0.8646816701021308,False,6.0,True,decay,0,107
164,4.0,0.26307308025237,0.25638983285698524,0.011682242990654205,8.0,0.8646816701021308,False,6.0,True,decay,0,107
165,6.0,0.28632889420585833,0.25656910867344557,0.011627906976744184,8.0,0.8646816701021308,False,4.0,True,decay,0,107
166,16.0,0.19373630161326574,0.2561951038695159,0.011574074074074073,8.0,0.8646816701021308,False,-6.0,True,decay,0,107
167,8.0,0.19373630161326574,0.25582552515794044,0.01152073732718894,8.0,0.8646816701021308,False,2.0,True,decay,0,107
168,6.0,0.2166720814297795,0.2555952107830689,0.011467889908256883,8.0,0.8646816701021308,False,4.0,True,decay,0,107
169,4.0,0.2623341818864005,0.25563461997080766,0.011415525114155252,8.0,0.8646816701021308,False,6.0,True,decay,0,107
170,4.0,0.307788727340946,0.25593784152528526,0.011363636363636364,8.0,0.8646816701021308,False,6.0,True,decay,0,107
171,8.0,0.307788727340946,0.25623755762826594,0.011312217194570137,8.0,0.8646816701021308,False,2.0,True,decay,0,107
172,10.0,0.28526620481842346,0.2564043889339565,0.011261261261261262,8.0,0.8646816701021308,False,0.0,True,decay,0,107
173,6.0,0.3076877294821006,0.2566974365942316,0.011210762331838566,8.0,0.8646816701021308,False,4.0,True,decay,0,107
174,6.0,0.33000915805352915,0.2571139804661594,0.011160714285714286,8.0,0.8646816701021308,False,4.0,True,decay,0,107
175,10.0,0.30778693583130695,0.25740026834957835,0.011111111111111112,8.0,0.8646816701021308,False,0.0,True,decay,0,107
176,12.0,0.26353914822068747,0.25743475643874186,0.011061946902654869,8.0,0.8646816701021308,False,-62.0,False,decay,0,107
177,6.0,0.28556557993874915,0.2575919118772894,0.011013215859030838,8.0,0.8646816701021308,False,4.0,True,decay,0,107
178,12.0,0.24170593081594213,0.25750365642694856,0.010964912280701754,8.0,0.8646816701021308,False,-2.0,True,decay,0,107
179,4.0,0.2853740530866845,0.2576576365189913,0.01091703056768559,8.0,0.8646816701021308,False,6.0,True,decay,0,107
180,8.0,0.2853740530866845,0.2578099245221105,0.010869565217391306,8.0,0.8646816701021308,False,-58.0,False,decay,0,107
181,12.0,0.24208400979664121,0.257723990561862,0.010822510822510822,8.0,0.8646816701021308,False,-2.0,True,decay,0,107
182,10.0,0.2205322856587102,0.25752186173086666,0.010775862068965516,8.0,0.8646816701021308,False,0.0,True,decay,0,107
183,8.0,0.2205322856587102,0.2573219180764226,0.01072961373390558,8.0,0.8646816701021308,False,2.0,True,decay,0,107
184,4.0,0.26326732839375294,0.2573538826480211,0.010683760683760686,8.0,0.8646816701021308,False,6.0,True,decay,0,107
185,4.0,0.30582051988311465,0.25761306252628363,0.010638297872340425,8.0,0.8646816701021308,False,-54.0,False,decay,0,107
186,12.0,0.26344763852718245,0.2576440975050118,0.01059322033898305,8.0,0.8646816701021308,False,-2.0,True,decay,0,107
187,4.0,0.30564173135418665,0.2578980532396635,0.010548523206751054,8.0,0.8646816701021308,False,6.0,True,decay,0,107
188,8.0,0.30564173135418665,0.25814933575605575,0.01050420168067227,8.0,0.8646816701021308,False,2.0,True,decay,0,107
189,18.0,0.2010392208939356,0.2578503299190813,0.010460251046025104,8.0,0.8646816701021308,False,-8.0,True,decay,0,107
190,6.0,0.22187255422726895,0.2576629456706864,0.010416666666666666,8.0,0.8646816701021308,False,-56.0,False,decay,0,107
191,4.0,0.2633663301608789,0.25769249688566154,0.01037344398340249,8.0,0.8646816701021308,False,6.0,True,decay,0,107
192,4.0,0.3046886442104657,0.25793474506774816,0.010330578512396695,8.0,0.8646816701021308,False,6.0,True,decay,0,107
193,8.0,0.3046886442104657,0.25817450865309544,0.010288065843621401,8.0,0.8646816701021308,False,2.0,True,decay,0,107
194,12.0,0.26370503765308867,0.25820272563778923,0.010245901639344263,8.0,0.8646816701021308,False,-2.0,True,decay,0,107
195,4.0,0.3045213641837009,0.2584378456304081,0.01020408163265306,8.0,0.8646816701021308,False,6.0,True,decay,0,107
196,8.0,0.3045213641837009,0.25867059067360654,0.010162601626016262,8.0,0.8646816701021308,False,2.0,True,decay,0,107
197,6.0,0.324764279163458,0.25900271976149525,0.010121457489878544,8.0,0.8646816701021308,False,4.0,True,decay,0,107
198,18.0,0.22395782755055477,0.2588274953004406,0.010080645161290324,8.0,0.8646816701021308,False,-8.0,True,decay,0,107
199,4.0,0.2641184701208359,0.25885381855825346,0.010040160642570281,8.0,0.8646816701021308,False,6.0,True,decay,0,107
200,4.0,0.30411847012083587,0.25907790099173156,0.01,8.0,0.8646816701021308,True,-540.0,False,decay,0,107
201,4.0,0.3439591075710351,0.25949603501428975,0.0099601593625498,8.0,0.8646816701021308,True,60.0,True,decay,0,107
202,6.0,0.3638003774123049,0.26000733081035843,0.009920634920634922,8.0,0.8646816701021308,True,40.0,True,decay,0,107
203,4.0,0.40332606911190966,0.26070644660695136,0.009881422924901186,8.0,0.8646816701021308,True,60.0,True,decay,0,107
204,4.0,0.4426961478520671,0.2615898917586267,0.00984251968503937,8.0,0.8646816701021308,True,-540.0,False,decay,0,107
205,4.0,0.48191183412657695,0.2626542489681337,0.009803921568627453,8.0,0.8646816701021308,True,60.0,True,decay,0,107
206,4.0,0.5209743341265769,0.2638961724544724,0.009765625,8.0,0.8646816701021308,True,-540.0,False,decay,0,107
207,8.0,0.5209743341265769,0.2651262115055351,0.00972762645914397,8.0,0.8646816701021308,True,20.0,True,decay,0,107
208,4.0,0.5597340240490575,0.26652910585098044,0.009689922480620155,8.0,0.8646816701021308,True,-540.0,False,decay,0,107
209,6.0,0.5790390433540767,0.26801019560218,0.009652509652509654,8.0,0.8646816701021308,True,-560.0,False,decay,0,107
210,8.0,0.5790390433540767,0.26947731280855686,0.009615384615384616,8.0,0.8646816701021308,True,20.0,True,decay,0,107
211,4.0,0.6173532195992875,0.2711105330282316,0.009578544061302683,8.0,0.8646816701021308,True,60.0,True,decay,0,107
212,6.0,0.6364371890649363,0.2728176669349452,0.009541984732824428,8.0,0.8646816701021308,True,40.0,True,decay,0,107
213,12.0,0.5984143753767234,0.2743320702300232,0.009505703422053233,8.0,0.8646816701021308,True,-20.0,True,decay,0,107
214,6.0,0.6173537693161173,0.2759201336517181,0.00946969696969697,8.0,0.8646816701021308,True,40.0,True,decay,0,107
215,6.0,0.6362216938444192,0.2775805095051407,0.009433962264150945,8.0,0.8646816701021308,True,-560.0,False,decay,0,107
216,4.0,0.6738156788068252,0.2793981020248732,0.009398496240601503,8.0,0.8646816701021308,True,60.0,True,decay,0,107
217,4.0,0.7112688623274245,0.2813701146289944,0.009363295880149813,8.0,0.8646816701021308,True,60.0,True,decay,0,107
218,8.0,0.7112688623274245,0.2833241998458055,0.009328358208955223,8.0,0.8646816701021308,True,20.0,True,decay,0,107
219,8.0,0.7112688623274245,0.2852606010335051,0.00929368029739777,8.0,0.8646816701021308,True,20.0,True,decay,0,107
220,8.0,0.7112688623274245,0.2871795571654597,0.009259259259259259,8.0,0.8646816701021308,True,20.0,True,decay,0,107
221,4.0,0.7481692313311146,0.2892467754352608,0.00922509225092251,8.0,0.8646816701021308,True,60.0,True,decay,0,107
222,8.0,0.7481692313311146,0.29129553639908157,0.009191176470588236,8.0,0.8646816701021308,True,20.0,True,decay,0,107
223,4.0,0.7847992679611512,0.2934888863171352,0.009157509157509158,8.0,0.8646816701021308,True,60.0,True,decay,0,107
224,10.0,0.7665510927786694,0.2955820819209473,0.009124087591240875,8.0,0.8646816701021308,True,0.0,True,decay,0,107
225,6.0,0.7847329109604876,0.2977369313880818,0.009090909090909092,8.0,0.8646816701021308,True,40.0,True,decay,0,107
226,4.0,0.8209647950184586,0.3000317904390922,0.009057971014492754,8.0,0.8646816701021308,True,60.0,True,decay,0,107
227,4.0,0.8570658780509496,0.30246425370377283,0.009025270758122744,8.0,0.8646816701021308,True,60.0,True,decay,0,107
228,4.0,0.8930371010725323,0.30503196173581093,0.008992805755395683,8.0,0.8646816701021308,True,60.0,True,decay,0,107
229,6.0,0.9109582480259373,0.3076550192522184,0.008960573476702509,8.0,0.8646816701021308,True,40.0,True,decay,0,107
230,4.0,0.946672533740223,0.3104094050905288,0.008928571428571428,8.0,0.8646816701021308,True,60.0,True,decay,0,107
231,4.0,0.9822597223523226,0.3132928828470172,0.008896797153024912,8.0,0.8646816701021308,True,60.0,True,decay,0,107
232,6.0,0.9999902188062233,0.3162274868468428,0.008865248226950355,8.0,0.8646816701021308,True,40.0,True,decay,0,107
233,8.0,0.9999902188062233,0.31913711549347845,0.0088339222614841,8.0,0.8646816701021308,True,20.0,True,decay,0,107
234,8.0,0.9999902188062233,0.3220220862702274,0.008802816901408451,8.0,0.8646816701021308,True,-580.0,False,decay,0,107
235,6.0,1.0175340784553462,0.32495673602628267,0.008771929824561403,8.0,0.8646816701021308,True,40.0,True,decay,0,107
236,4.0,1.0524991134203812,0.32801363677163603,0.008741258741258742,8.0,0.8646816701021308,True,60.0,True,decay,0,107
237,4.0,1.087342318995294,0.3311907442286388,0.008710801393728223,8.0,0.8646816701021308,True,60.0,True,decay,0,107
238,4.0,1.1220645412175163,0.33448605171609247,0.008680555555555556,8.0,0.8646816701021308,True,60.0,True,decay,0,107
239,6.0,1.1393655792798,0.33782580079312025,0.00865051903114187,8.0,0.8646816701021308,True,40.0,True,decay,0,107
240,4.0,1.1738483379004898,0.3412804393762086,0.008620689655172414,8.0,0.8646816701021308,True,60.0,True,decay,0,107
241,8.0,1.1738483379004898,0.34470664471992996,0.00859106529209622,8.0,0.8646816701021308,True,-580.0,False,decay,0,107
242,6.0,1.1909716255717226,0.34817494382178155,0.00856164383561644,8.0,0.8646816701021308,True,40.0,True,decay,0,107
243,4.0,1.2251013184044872,0.35175423514660886,0.008532423208191127,8.0,0.8646816701021308,True,60.0,True,decay,0,107
244,10.0,1.2080945156833989,0.35523529319757147,0.008503401360544218,8.0,0.8646816701021308,True,0.0,True,decay,0,107
245,8.0,1.2080945156833989,0.3586881645436679,0.00847457627118644,8.0,0.8646816701021308,True,20.0,True,decay,0,107
246,4.0,1.2418782994671826,0.36224941508771435,0.008445945945945946,8.0,0.8646816701021308,True,60.0,True,decay,0,107
247,10.0,1.2250432826321658,0.3657144507003427,0.008417508417508417,8.0,0.8646816701021308,True,0.0,True,decay,0,107
248,10.0,1.2082647591422329,0.3690846519341103,0.008389261744966443,8.0,0.8646816701021308,True,0.0,True,decay,0,107
249,4.0,1.2417095751957445,0.37256124525387774,0.008361204013377926,8.0,0.8646816701021308,True,60.0,True,decay,0,107
250,4.0,1.275042908529078,0.376142521695446,0.008333333333333333,8.0,0.8646816701021308,True,60.0,True,decay,0,107
251,10.0,1.2584316128480149,0.3796298303561281,0.008305647840531562,8.0,0.8646816701021308,True,0.0,True,decay,0,107
252,4.0,1.2915441956294718,0.3832200443926373,0.008278145695364239,8.0,0.8646816701021308,True,60.0,True,decay,0,107
253,4.0,1.3245474959595047,0.38691152459486033,0.00825082508250825,8.0,0.8646816701021308,True,60.0,True,decay,0,107
254,6.0,1.3409948643805574,0.3906384126408982,0.008223684210526315,8.0,0.8646816701021308,True,40.0,True,decay,0,107
255,12.0,1.3082079791346557,0.3942087222381502,0.00819672131147541,8.0,0.8646816701021308,True,-20.0,True,decay,0,107
256,6.0,1.3245478484157014,0.3978146878434895,0.008169934640522876,8.0,0.8646816701021308,True,40.0,True,decay,0,107
257,8.0,1.3245478484157014,0.4013928081545792,0.008143322475570033,8.0,0.8646816701021308,True,20.0,True,decay,0,107
258,8.0,1.3245478484157014,0.4049434044632758,0.008116883116883118,8.0,0.8646816701021308,True,20.0,True,decay,0,107
259,4.0,1.356910307962627,0.40859078723530395,0.008090614886731393,8.0,0.8646816701021308,True,60.0,True,decay,0,107
260,8.0,1.356910307962627,0.4122103273907517,0.008064516129032258,8.0,0.8646816701021308,True,-580.0,False,decay,0,107
261,4.0,1.3890646487986398,0.4159246023770935,0.008038585209003217,8.0,0.8646816701021308,True,60.0,True,decay,0,107
262,4.0,1.421115930849922,0.4197321452879754,0.008012820512820514,8.0,0.8646816701021308,True,60.0,True,decay,0,107
263,6.0,1.4370903717444907,0.4235712329349811,0.007987220447284346,8.0,0.8646816701021308,True,40.0,True,decay,0,107
264,4.0,1.4689375055024525,0.4275011813280919,0.007961783439490446,8.0,0.8646816701021308,True,60.0,True,decay,0,107
265,6.0,1.4848105213754683,0.4314611414031757,0.007936507936507938,8.0,0.8646816701021308,True,-560.0,False,decay,0,107
266,4.0,1.5164560909957214,0.43550963002105836,0.007911392405063292,8.0,0.8646816701021308,True,60.0,True,decay,0,107
267,6.0,1.532228961658182,0.43958665355874277,0.007886435331230285,8.0,0.8646816701021308,True,40.0,True,decay,0,107
268,10.0,1.5165056912179302,0.4435752425871102,0.007861635220125786,8.0,0.8646816701021308,True,-600.0,False,decay,0,107
269,4.0,1.5478536536003753,0.44765007067202994,0.007836990595611286,8.0,0.8646816701021308,True,60.0,True,decay,0,107
270,4.0,1.5791036536003753,0.45180982649161944,0.0078125,8.0,0.8646816701021308,True,60.0,True,decay,0,107
271,6.0,1.5946799775879144,0.4559961640414227,0.007788161993769471,8.0,0.8646816701021308,True,40.0,True,decay,0,107
272,8.0,1.5946799775879144,0.46015194438283324,0.007763975155279503,8.0,0.8646816701021308,True,20.0,True,decay,0,107
273,6.0,1.610159853748905,0.4643337913259826,0.007739938080495357,8.0,0.8646816701021308,True,40.0,True,decay,0,107
274,6.0,1.6255919525143372,0.46854124843173756,0.007716049382716049,8.0,0.8646816701021308,True,40.0,True,decay,0,107
275,4.0,1.6563611832835679,0.47282940704131093,0.007692307692307693,8.0,0.8646816701021308,True,60.0,True,decay,0,107
276,10.0,1.6410237599706845,0.4770315450014886,0.007668711656441718,8.0,0.8646816701021308,True,0.0,True,decay,0,107
277,4.0,1.6716047997260362,0.4813131695703937,0.007645259938837921,8.0,0.8646816701021308,True,60.0,True,decay,0,107
278,4.0,1.702092604604085,0.48567309612408543,0.007621951219512195,8.0,0.8646816701021308,True,60.0,True,decay,0,107
279,8.0,1.702092604604085,0.49000199117205695,0.007598784194528876,8.0,0.8646816701021308,True,20.0,True,decay,0,107
280,12.0,1.6717895743010547,0.4941927272824434,0.007575757575757576,8.0,0.8646816701021308,True,-20.0,True,decay,0,107
281,4.0,1.7020010546635924,0.49846060123078667,0.0075528700906344415,8.0,0.8646816701021308,True,60.0,True,decay,0,107
282,10.0,1.686940813699737,0.5026453907113112,0.007530120481927712,8.0,0.8646816701021308,True,0.0,True,decay,0,107
283,4.0,1.716970843729767,0.5069061817745338,0.0075075075075075074,8.0,0.8646816701021308,True,60.0,True,decay,0,107
284,4.0,1.746910963490246,0.5112418628294839,0.007485029940119761,8.0,0.8646816701021308,True,-540.0,False,decay,0,107
285,4.0,1.7767617097589028,0.5156513396480533,0.007462686567164179,8.0,0.8646816701021308,True,-540.0,False,decay,0,107
286,4.0,1.8065236145208075,0.5201335350469171,0.007440476190476191,8.0,0.8646816701021308,True,60.0,True,decay,0,107
287,4.0,1.8361972050252584,0.524687388576254,0.00741839762611276,8.0,0.8646816701021308,True,60.0,True,decay,0,107
288,6.0,1.8509901044335424,0.5292608462171411,0.007396449704142012,8.0,0.8646816701021308,True,40.0,True,decay,0,107
289,4.0,1.8804886295072887,0.5339042406614372,0.007374631268436578,8.0,0.8646816701021308,True,60.0,True,decay,0,107
290,6.0,1.8951945118602298,0.5385661936449947,0.007352941176470589,8.0,0.8646816701021308,True,-560.0,False,decay,0,107
291,6.0,1.9098572684584703,0.5432463679617643,0.007331378299120235,8.0,0.8646816701021308,True,40.0,True,decay,0,107
292,6.0,1.924477151499406,0.5479444318513481,0.007309941520467837,8.0,0.8646816701021308,True,40.0,True,decay,0,107
293,6.0,1.9390544109746246,0.5526600588992235,0.007288629737609329,8.0,0.8646816701021308,True,40.0,True,decay,0,107
294,4.0,1.9681241784164851,0.557442032275971,0.007267441860465117,8.0,0.8646816701021308,True,60.0,True,decay,0,107
295,4.0,1.9971096856628618,0.5622893981122905,0.007246376811594203,8.0,0.8646816701021308,True,-540.0,False,decay,0,107
296,4.0,2.026011419766908,0.5672012169769034,0.007225433526011561,8.0,0.8646816701021308,True,60.0,True,decay,0,107
297,6.0,2.0404206416689252,0.5721283722434318,0.007204610951008645,8.0,0.8646816701021308,True,-560.0,False,decay,0,107
298,6.0,2.0547884577608793,0.57707057252849,0.007183908045977012,8.0,0.8646816701021308,True,40.0,True,decay,0,107
299,6.0,2.0691151053253494,0.5820275311092105,0.007163323782234957,8.0,0.8646816701021308,True,40.0,True,decay,0,107
300,6.0,2.0834008196110636,0.5869989658393491,0.0071428571428571435,8.0,0.8646816701021308,True,40.0,True,decay,0,107
301,4.0,2.1118908481010923,0.5920316123154604,0.007122507122507123,8.0,0.8646816701021308,True,60.0,True,decay,0,107
302,4.0,2.140299939010183,0.5971246002322195,0.007102272727272728,8.0,0.8646816701021308,True,60.0,True,decay,0,107
303,6.0,2.1544642449591915,0.6022306318542751,0.007082152974504249,8.0,0.8646816701021308,True,40.0,True,decay,0,107
304,8.0,2.1544642449591915,0.607303290720631,0.007062146892655367,8.0,0.8646816701021308,True,20.0,True,decay,0,107
305,4.0,2.1826332590436985,0.6124346586956249,0.007042253521126761,8.0,0.8646816701021308,True,60.0,True,decay,0,107
306,10.0,2.1685883152234737,0.6174871056324035,0.00702247191011236,8.0,0.8646816701021308,True,0.0,True,decay,0,107
307,6.0,2.18259391746437,0.6225521762208566,0.007002801120448179,8.0,0.8646816701021308,True,-560.0,False,decay,0,107
308,4.0,2.2105268783582246,0.6276746752600093,0.006983240223463688,8.0,0.8646816701021308,True,60.0,True,decay,0,107
309,6.0,2.2244544549598957,0.6328090153876617,0.006963788300835655,8.0,0.8646816701021308,True,-560.0,False,decay,0,107
310,4.0,2.2522322327376734,0.6379994744176296,0.006944444444444445,8.0,0.8646816701021308,True,60.0,True,decay,0,107
311,6.0,2.266082648250139,0.6432010181039955,0.006925207756232688,8.0,0.8646816701021308,True,40.0,True,decay,0,107
312,4.0,2.293706957642404,0.6484574064464745,0.006906077348066299,8.0,0.8646816701021308,True,60.0,True,decay,0,107
313,8.0,2.293706957642404,0.6536804208947156,0.006887052341597796,8.0,0.8646816701021308,True,-580.0,False,decay,0,107
314,4.0,2.321179485114931,0.6589573166675643,0.006868131868131868,8.0,0.8646816701021308,True,60.0,True,decay,0,107
315,10.0,2.307480854977945,0.6641577063783226,0.006849315068493151,8.0,0.8646816701021308,True,0.0,True,decay,0,107
316,6.0,2.3211420571637373,0.6693683489908554,0.006830601092896175,8.0,0.8646816701021308,True,40.0,True,decay,0,107
317,6.0,2.334766035365372,0.6745890313932833,0.0068119891008174395,8.0,0.8646816701021308,True,40.0,True,decay,0,107
318,6.0,2.3483529918871113,0.6798195437698265,0.006793478260869565,8.0,0.8646816701021308,True,40.0,True,decay,0,107
319,4.0,2.3754532628898213,0.6851018918044682,0.006775067750677507,8.0,0.8646816701021308,True,60.0,True,decay,0,107
320,6.0,2.388966776403335,0.6903933976572597,0.006756756756756757,8.0,0.8646816701021308,True,40.0,True,decay,0,107
321,4.0,2.415920954300909,0.6957355882351038,0.006738544474393531,8.0,0.8646816701021308,True,60.0,True,decay,0,107
322,4.0,2.4428026747310163,0.701127770600832,0.006720430107526882,8.0,0.8646816701021308,True,60.0,True,decay,0,107
323,4.0,2.469612326205547,0.7065692615411542,0.006702412868632708,8.0,0.8646816701021308,True,60.0,True,decay,0,107
324,6.0,2.4829813101627662,0.7120183782547174,0.0066844919786096255,8.0,0.8646816701021308,True,40.0,True,decay,0,107
325,6.0,2.4963146434960994,0.7174749417569846,0.006666666666666667,8.0,0.8646816701021308,True,-560.0,False,decay,0,107
326,4.0,2.5229103881769506,0.7229793181180211,0.006648936170212766,8.0,0.8646816701021308,True,60.0,True,decay,0,107
327,4.0,2.5494355871159424,0.7285308569295649,0.006631299734748011,8.0,0.8646816701021308,True,60.0,True,decay,0,107
328,6.0,2.5626631003434555,0.7340888334247585,0.006613756613756613,8.0,0.8646816701021308,True,40.0,True,decay,0,107
329,6.0,2.5758557124806587,0.7396530838146554,0.006596306068601583,8.0,0.8646816701021308,True,40.0,True,decay,0,107
330,8.0,2.5758557124806587,0.7451838146238904,0.006578947368421052,8.0,0.8646816701021308,True,20.0,True,decay,0,107
331,6.0,2.5889790720607113,0.7507207373188959,0.006561679790026247,8.0,0.8646816701021308,True,40.0,True,decay,0,107
332,6.0,2.6020680772963134,0.7562636934266127,0.006544502617801047,8.0,0.8646816701021308,True,40.0,True,decay,0,107
333,4.0,2.628177737870726,0.7618514965443562,0.006527415143603134,8.0,0.8646816701021308,True,60.0,True,decay,0,107
334,4.0,2.6542194045373924,0.7674835438895736,0.006510416666666667,8.0,0.8646816701021308,True,60.0,True,decay,0,107
335,4.0,2.680193430511418,0.7731592408825168,0.006493506493506494,8.0,0.8646816701021308,True,60.0,True,decay,0,107
336,4.0,2.7061001662627135,0.7788780010167777,0.006476683937823835,8.0,0.8646816701021308,True,60.0,True,decay,0,107
337,6.0,2.7190200629035406,0.7846011339426974,0.006459948320413437,8.0,0.8646816701021308,True,40.0,True,decay,0,107
338,8.0,2.7190200629035406,0.7902906013808175,0.0064432989690721655,8.0,0.8646816701021308,True,20.0,True,decay,0,107
339,6.0,2.7318735333405586,0.7959843929701423,0.006426735218508998,8.0,0.8646816701021308,True,40.0,True,decay,0,107
340,8.0,2.7318735333405586,0.8016448875326289,0.006410256410256411,8.0,0.8646816701021308,True,20.0,True,decay,0,107
341,10.0,2.7190858095553923,0.8072350943023745,0.00639386189258312,8.0,0.8646816701021308,True,0.0,True,decay,0,107
342,12.0,2.6935756054737596,0.8127186422999658,0.006377551020408163,8.0,0.8646816701021308,True,-20.0,True,decay,0,107
343,14.0,2.655407666542462,0.8180597699064659,0.0063613231552162855,8.0,0.8646816701021308,True,-640.0,False,decay,0,107
344,6.0,2.668098021872411,0.8234067012705293,0.00634517766497462,8.0,0.8646816701021308,True,40.0,True,decay,0,107
345,6.0,2.6807562497205124,0.8287592936291748,0.006329113924050633,8.0,0.8646816701021308,True,40.0,True,decay,0,107
346,4.0,2.7060087749730375,0.8341536886905078,0.006313131313131314,8.0,0.8646816701021308,True,60.0,True,decay,0,107
347,10.0,2.69341431653475,0.8394810830396316,0.006297229219143577,8.0,0.8646816701021308,True,0.0,True,decay,0,107
348,8.0,2.69341431653475,0.844778035135332,0.00628140703517588,8.0,0.8646816701021308,True,20.0,True,decay,0,107
349,6.0,2.7059456448555523,0.8500805069578967,0.006265664160401002,8.0,0.8646816701021308,True,40.0,True,decay,0,107
350,4.0,2.7309456448555522,0.8554238738269242,0.00625,8.0,0.8646816701021308,True,-540.0,False,decay,0,107
351,10.0,2.718476816925378,0.8607016442039737,0.006234413965087282,8.0,0.8646816701021308,True,0.0,True,decay,0,107
352,8.0,2.718476816925378,0.8659495966692884,0.006218905472636817,8.0,0.8646816701021308,True,20.0,True,decay,0,107
353,12.0,2.69366292114374,0.8710980849072446,0.006203473945409429,8.0,0.8646816701021308,True,-20.0,True,decay,0,107
354,4.0,2.718415396391265,0.876287178478829,0.006188118811881188,8.0,0.8646816701021308,True,60.0,True,decay,0,107
355,14.0,2.6813783593542277,0.8813434562964072,0.006172839506172839,8.0,0.8646816701021308,True,-40.0,True,decay,0,107
356,4.0,2.706008901226149,0.8864402871481661,0.006157635467980295,8.0,0.8646816701021308,True,60.0,True,decay,0,107
357,8.0,2.706008901226149,0.8915087233990798,0.006142506142506142,8.0,0.8646816701021308,True,20.0,True,decay,0,107
358,6.0,2.7182638031869333,0.8965830430651571,0.006127450980392157,8.0,0.8646816701021308,True,40.0,True,decay,0,107
359,12.0,2.693813925436322,0.9015615219636921,0.006112469437652812,8.0,0.8646816701021308,True,-20.0,True,decay,0,107
360,4.0,2.718204169338761,0.9065798718183194,0.006097560975609757,8.0,0.8646816701021308,True,60.0,True,decay,0,107
361,8.0,2.718204169338761,0.9115705723624529,0.006082725060827252,8.0,0.8646816701021308,True,20.0,True,decay,0,107
362,6.0,2.730340091668858,0.9165671919209869,0.006067961165048544,8.0,0.8646816701021308,True,40.0,True,decay,0,107
363,6.0,2.742446629199124,0.9215696013381873,0.006053268765133173,8.0,0.8646816701021308,True,40.0,True,decay,0,107
364,8.0,2.742446629199124,0.926544675184802,0.006038647342995169,8.0,0.8646816701021308,True,20.0,True,decay,0,107
365,12.0,2.7183502436569555,0.9314269791860886,0.006024096385542168,8.0,0.8646816701021308,True,-620.0,False,decay,0,107
366,18.0,2.658254089810802,0.9361194441606122,0.006009615384615385,8.0,0.8646816701021308,True,-80.0,True,decay,0,107
367,6.0,2.6702444974846626,0.9408189700503793,0.005995203836930456,8.0,0.8646816701021308,True,-560.0,False,decay,0,107
368,4.0,2.694167942460739,0.9455577510568938,0.00598086124401914,8.0,0.8646816701021308,True,60.0,True,decay,0,107
369,6.0,2.706101116685083,0.9503031509642474,0.005966587112171838,8.0,0.8646816701021308,True,40.0,True,decay,0,107
370,10.0,2.694196354780321,0.9549910359207423,0.005952380952380952,8.0,0.8646816701021308,True,0.0,True,decay,0,107
371,6.0,2.706072839340891,0.9596856252060509,0.005938242280285036,8.0,0.8646816701021308,True,40.0,True,decay,0,107
372,8.0,2.706072839340891,0.9643551097358233,0.005924170616113744,8.0,0.8646816701021308,True,20.0,True,decay,0,107
373,6.0,2.717893170310158,0.9690312112306881,0.00591016548463357,8.0,0.8646816701021308,True,40.0,True,decay,0,107
374,10.0,2.7061007174799694,0.9736510769387979,0.00589622641509434,8.0,0.8646816701021308,True,0.0,True,decay,0,107
375,8.0,2.7061007174799694,0.9782464340755118,0.0058823529411764705,8.0,0.8646816701021308,True,20.0,True,decay,0,107
376,10.0,2.6943636282780914,0.9827864266527674,0.005868544600938968,8.0,0.8646816701021308,True,0.0,True,decay,0,107
377,4.0,2.717782832025164,0.9873642535798712,0.005854800936768151,8.0,0.8646816701021308,True,60.0,True,decay,0,107
378,8.0,2.717782832025164,0.991917986681043,0.005841121495327103,8.0,0.8646816701021308,True,20.0,True,decay,0,107
379,14.0,2.682817797060129,0.9963560439261324,0.005827505827505828,8.0,0.8646816701021308,True,-40.0,True,decay,0,107
380,10.0,2.671189890083385,1.0007404257223556,0.005813953488372092,8.0,0.8646816701021308,True,0.0,True,decay,0,107
381,10.0,2.659588962009139,1.0050716229450365,0.00580046403712297,8.0,0.8646816701021308,True,0.0,True,decay,0,107
382,6.0,2.671163036083213,1.0094104026667505,0.005787037037037037,8.0,0.8646816701021308,True,40.0,True,decay,0,107
383,4.0,2.6942577243049217,1.0137866294762004,0.005773672055427252,8.0,0.8646816701021308,True,60.0,True,decay,0,107
384,6.0,2.7057784616321108,1.0181700280051016,0.00576036866359447,8.0,0.8646816701021308,True,40.0,True,decay,0,107
385,4.0,2.7287669673792374,1.0225901751352673,0.00574712643678161,8.0,0.8646816701021308,True,60.0,True,decay,0,107
386,8.0,2.7287669673792374,1.0269875380018754,0.0057339449541284416,8.0,0.8646816701021308,True,20.0,True,decay,0,107
387,10.0,2.7173253197819833,1.0313328793432126,0.005720823798627002,8.0,0.8646816701021308,True,0.0,True,decay,0,107
388,6.0,2.7287408448961386,1.035685207460015,0.005707762557077626,8.0,0.8646816701021308,True,40.0,True,decay,0,107
389,8.0,2.7287408448961386,1.0400152730289054,0.005694760820045558,8.0,0.8646816701021308,True,20.0,True,decay,0,107
390,18.0,2.671922663077957,1.044178302085153,0.005681818181818182,8.0,0.8646816701021308,True,-80.0,True,decay,0,107
391,4.0,2.6945984000394083,1.0483778443191332,0.005668934240362812,8.0,0.8646816701021308,True,60.0,True,decay,0,107
392,16.0,2.649349531261128,1.0524412242352297,0.005656108597285069,8.0,0.8646816701021308,True,-60.0,True,decay,0,107
393,8.0,2.649349531261128,1.0564840300758014,0.005643340857787811,8.0,0.8646816701021308,True,-580.0,False,decay,0,107
394,10.0,2.6380882699998667,1.0604779801766198,0.005630630630630631,8.0,0.8646816701021308,True,0.0,True,decay,0,107
395,4.0,2.6605601801122263,1.0645084139296062,0.0056179775280898875,8.0,0.8646816701021308,True,60.0,True,decay,0,107
396,6.0,2.671770942444065,1.0685467619912004,0.005605381165919283,8.0,0.8646816701021308,True,40.0,True,decay,0,107
397,8.0,2.671770942444065,1.072564867706621,0.005592841163310961,8.0,0.8646816701021308,True,20.0,True,decay,0,107
398,4.0,2.6940923710154934,1.0766186864648932,0.005580357142857143,8.0,0.8646816701021308,True,-540.0,False,decay,0,107
399,6.0,2.7052282284765177,1.08068005689385,0.005567928730512249,8.0,0.8646816701021308,True,40.0,True,decay,0,107
0,12.0,0.8,0.9,0.05,8.0,0.8646816701021308,False,-2.0,True,decay,0,108
1,6.0,0.8980392156862745,0.8993464052287582,0.049019607843137254,8.0,0.8646816701021308,False,4.0,True,decay,0,108
2,8.0,0.8980392156862745,0.8990196078431373,0.04807692307692308,8.0,0.8646816701021308,False,2.0,True,decay,0,108
3,6.0,0.992378838327784,0.9176914539400667,0.04716981132075472,8.0,0.8646816701021308,False,4.0,True,decay,0,108
4,8.0,0.992378838327784,0.9301393513380195,0.046296296296296294,8.0,0.8646816701021308,False,-58.0,False,decay,0,108
5,6.0,1.083287929236875,0.9520177196092846,0.045454545454545456,8.0,0.8646816701021308,False,4.0,True,decay,0,108
6,8.0,1.083287929236875,0.9684264958127333,0.044642857142857144,8.0,0.8646816701021308,False,2.0,True,decay,0,108
7,10.0,0.9955686309912608,0.9714422886103475,0.043859649122807015,8.0,0.8646816701021308,False,0.0,True,decay,0,108
8,26.0,0.21970656202574346,0.8962687159518872,0.04310344827586207,8.0,0.8646816701021308,False,-16.0,True,decay,0,108
9,4.0,0.38919808744947226,0.8501713860880312,0.04237288135593221,8.0,0.8646816701021308,False,6.0,True,decay,0,108
10,10.0,0.3058647541161389,0.8048125000903735,0.04166666666666667,8.0,0.8646816701021308,False,0.0,True,decay,0,108
11,10.0,0.2238975410013848,0.7601267340066051,0.04098360655737705,8.0,0.8646816701021308,False,0.0,True,decay,0,108
12,4.0,0.38518786358202994,0.7333453861191355,0.040322580645161296,8.0,0.8646816701021308,False,6.0,True,decay,0,108
13,12.0,0.2264577048518712,0.6995528740346512,0.03968253968253969,8.0,0.8646816701021308,False,-2.0,True,decay,0,108
14,8.0,0.2264577048518712,0.6699844259607274,0.0390625,8.0,0.8646816701021308,False,2.0,True,decay,0,108
15,6.0,0.3033807817749481,0.648419505714505,0.038461538461538464,8.0,0.8646816701021308,False,4.0,True,decay,0,108
16,8.0,0.3033807817749481,0.629250687717863,0.03787878787878788,8.0,0.8646816701021308,False,2.0,True,decay,0,108
17,8.0,0.3033807817749481,0.6120996400366568,0.03731343283582089,8.0,0.8646816701021308,False,2.0,True,decay,0,108
18,10.0,0.2298513700102422,0.5929872265353362,0.03676470588235295,8.0,0.8646816701021308,False,-60.0,False,decay,0,108
19,6.0,0.30231513812618427,0.5791456985158527,0.03623188405797102,8.0,0.8646816701021308,False,4.0,True,decay,0,108
20,6.0,0.3737437095547557,0.5698092444721665,0.03571428571428572,8.0,0.8646816701021308,False,4.0,True,decay,0,108
21,10.0,0.3033211743434881,0.5582228066404848,0.035211267605633804,8.0,0.8646816701021308,False,0.0,True,decay,0,108
22,8.0,0.3033211743434881,0.5476019052947766,0.034722222222222224,8.0,0.8646816701021308,False,2.0,True,decay,0,108
23,12.0,0.16633487297362506,0.5323512240019306,0.03424657534246576,8.0,0.8646816701021308,False,-2.0,True,decay,0,108
24,6.0,0.23390244054119264,0.520872424638056,0.033783783783783786,8.0,0.8646816701021308,False,4.0,True,decay,0,108
25,8.0,0.23390244054119264,0.5102439067085426,0.03333333333333333,8.0,0.8646816701021308,False,2.0,True,decay,0,108
26,10.0,0.16811296685698213,0.4980249445709869,0.03289473684210526,8.0,0.8646816701021308,False,0.0,True,decay,0,108
27,4.0,0.297983096727112,0.49112694981774985,0.03246753246753247,8.0,0.8646816701021308,False,6.0,True,decay,0,108
28,12.0,0.16977796852198376,0.480415317107891,0.032051282051282055,8.0,0.8646816701021308,False,-2.0,True,decay,0,108
29,4.0,0.29636024700299646,0.4744780567819266,0.03164556962025317,8.0,0.8646816701021308,False,6.0,True,decay,0,108
30,8.0,0.29636024700299646,0.46891187522633504,0.03125,8.0,0.8646816701021308,False,-58.0,False,decay,0,108
31,14.0,0.11117506181781128,0.458071365729107,0.030864197530864196,8.0,0.8646816701021308,False,-4.0,True,decay,0,108
32,8.0,0.11117506181781128,0.44786853326112774,0.03048780487804878,8.0,0.8646816701021308,False,2.0,True,decay,0,108
33,6.0,0.17141602567323297,0.43996989018718785,0.030120481927710843,8.0,0.8646816701021308,False,-56.0,False,decay,0,108
34,10.0,0.11189221614942345,0.4308566214639166,0.02976190476190476,8.0,0.8646816701021308,False,0.0,True,decay,0,108
35,4.0,0.22953927497295284,0.425415612099296,0.029411764705882353,8.0,0.8646816701021308,False,6.0,True,decay,0,108
36,4.0,0.34581834474039475,0.4233209471687986,0.029069767441860468,8.0,0.8646816701021308,False,6.0,True,decay,0,108
37,6.0,0.4032896091082108,0.422807323115963,0.02873563218390805,8.0,0.8646816701021308,False,4.0,True,decay,0,108
38,8.0,0.4032896091082108,0.42231938026576915,0.02840909090909091,8.0,0.8646816701021308,False,2.0,True,decay,0,108
39,12.0,0.2909300585464131,0.419114762662858,0.02808988764044944,8.0,0.8646816701021308,False,-2.0,True,decay,0,108
40,8.0,0.2909300585464131,0.4160627458981807,0.02777777777777778,8.0,0.8646816701021308,False,2.0,True,decay,0,108
41,6.0,0.34587511349146804,0.4144304753770943,0.027472527472527472,8.0,0.8646816701021308,False,4.0,True,decay,0,108
42,8.0,0.34587511349146804,0.4128723989706028,0.027173913043478264,8.0,0.8646816701021308,False,2.0,True,decay,0,108
43,10.0,0.292111672631253,0.41018882727417283,0.02688172043010753,8.0,0.8646816701021308,False,0.0,True,decay,0,108
44,10.0,0.23892018326955083,0.4064655958827679,0.026595744680851068,8.0,0.8646816701021308,False,0.0,True,decay,0,108
45,4.0,0.34418334116428767,0.40514044152705564,0.026315789473684213,8.0,0.8646816701021308,False,6.0,True,decay,0,108
46,18.0,0.08376667449762099,0.39844515471394243,0.026041666666666668,8.0,0.8646816701021308,False,-8.0,True,decay,0,108
47,4.0,0.18685945800277565,0.3941270792708574,0.025773195876288662,8.0,0.8646816701021308,False,6.0,True,decay,0,108
48,4.0,0.28890027432930626,0.3920225431720264,0.025510204081632654,8.0,0.8646816701021308,False,6.0,True,decay,0,108
49,10.0,0.23839522382425576,0.38901024279265833,0.025252525252525256,8.0,0.8646816701021308,False,0.0,True,decay,0,108
50,4.0,0.3383952238242558,0.388036877043266,0.025,8.0,0.8646816701021308,False,6.0,True,decay,0,108
51,18.0,0.09087047134900827,0.38242996372828,0.024752475247524754,8.0,0.8646816701021308,False,-8.0,True,decay,0,108
52,14.0,0.0,0.3753479273629414,0.024509803921568627,8.0,0.8646816701021308,False,-4.0,True,decay,0,108
53,8.0,0.0,0.3685234195927061,0.024271844660194174,8.0,0.8646816701021308,False,2.0,True,decay,0,108
54,6.0,0.04807692307692308,0.3628011607263529,0.02403846153846154,8.0,0.8646816701021308,False,4.0,True,decay,0,108
55,4.0,0.1433150183150183,0.35895052664896104,0.023809523809523808,8.0,0.8646816701021308,False,6.0,True,decay,0,108
56,6.0,0.190484829635773,0.356045945665975,0.02358490566037736,8.0,0.8646816701021308,False,4.0,True,decay,0,108
57,6.0,0.23721380159838984,0.3540318415292363,0.02336448598130841,8.0,0.8646816701021308,False,4.0,True,decay,0,108
58,4.0,0.32980639419098245,0.3536280840735987,0.023148148148148147,8.0,0.8646816701021308,False,6.0,True,decay,0,108
59,8.0,0.32980639419098245,0.3532375645673263,0.022935779816513766,8.0,0.8646816701021308,False,2.0,True,decay,0,108
60,8.0,0.32980639419098245,0.35285964246448204,0.022727272727272728,8.0,0.8646816701021308,False,2.0,True,decay,0,108
61,18.0,0.1045811689657572,0.34891871431370863,0.022522522522522525,8.0,0.8646816701021308,False,-8.0,True,decay,0,108
62,4.0,0.1938668832514715,0.34649602945336117,0.022321428571428572,8.0,0.8646816701021308,False,6.0,True,decay,0,108
63,4.0,0.28236245847271046,0.34550935913058195,0.022123893805309738,8.0,0.8646816701021308,False,6.0,True,decay,0,108
64,10.0,0.23850280934990345,0.3438880477702686,0.021929824561403508,8.0,0.8646816701021308,False,0.0,True,decay,0,108
65,12.0,0.151546287610773,0.3410172752305747,0.02173913043478261,8.0,0.8646816701021308,False,-62.0,False,decay,0,108
66,6.0,0.19464973588663506,0.3388648114166932,0.021551724137931032,8.0,0.8646816701021308,False,4.0,True,decay,0,108
67,4.0,0.28011982135672053,0.33801343474915735,0.02136752136752137,8.0,0.8646816701021308,False,6.0,True,decay,0,108
68,6.0,0.32249270271265273,0.33779171000577873,0.0211864406779661,8.0,0.8646816701021308,False,4.0,True,decay,0,108
69,10.0,0.28047589598996364,0.3369844450196405,0.02100840336134454,8.0,0.8646816701021308,False,0.0,True,decay,0,108
70,6.0,0.3221425626566303,0.33677830776459866,0.020833333333333332,8.0,0.8646816701021308,False,4.0,True,decay,0,108
71,8.0,0.3221425626566303,0.3365778181055854,0.02066115702479339,8.0,0.8646816701021308,False,2.0,True,decay,0,108
72,12.0,0.24017534954187622,0.3352750820439136,0.020491803278688527,8.0,0.8646816701021308,False,-2.0,True,decay,0,108
73,6.0,0.2808257560459413,0.3345490910306073,0.020325203252032523,8.0,0.8646816701021308,False,4.0,True,decay,0,108
74,8.0,0.2808257560459413,0.333842205043967,0.020161290322580648,8.0,0.8646816701021308,False,2.0,True,decay,0,108
75,6.0,0.32082575604594127,0.33367316025178484,0.02,8.0,0.8646816701021308,False,4.0,True,decay,0,108
76,6.0,0.360508295728481,0.334017200450204,0.019841269841269844,8.0,0.8646816701021308,False,4.0,True,decay,0,108
77,10.0,0.3211382169883235,0.3338541753430916,0.01968503937007874,8.0,0.8646816701021308,False,0.0,True,decay,0,108
78,12.0,0.2430132169883235,0.332718663363657,0.01953125,8.0,0.8646816701021308,False,-2.0,True,decay,0,108
79,6.0,0.28177290691080414,0.3320897034074489,0.01937984496124031,8.0,0.8646816701021308,False,-56.0,False,decay,0,108
80,16.0,0.1279267530646503,0.3295999113300977,0.019230769230769232,8.0,0.8646816701021308,False,-6.0,True,decay,0,108
81,4.0,0.20426263092724573,0.3280898236144007,0.019083969465648856,8.0,0.8646816701021308,False,6.0,True,decay,0,108
82,16.0,0.052747479412094206,0.32481193856437324,0.01893939393939394,8.0,0.8646816701021308,False,-6.0,True,decay,0,108
83,4.0,0.12793544933690623,0.32249574457346186,0.018796992481203006,8.0,0.8646816701021308,False,6.0,True,decay,0,108
84,4.0,0.20256231500854804,0.32110116981107917,0.01865671641791045,8.0,0.8646816701021308,False,6.0,True,decay,0,108
85,6.0,0.23959935204558508,0.3201643673080275,0.018518518518518517,8.0,0.8646816701021308,False,4.0,True,decay,0,108
86,8.0,0.23959935204558508,0.3192488557709543,0.018382352941176475,8.0,0.8646816701021308,False,2.0,True,decay,0,108
87,8.0,0.23959935204558508,0.318353917526849,0.01824817518248175,8.0,0.8646816701021308,False,-58.0,False,decay,0,108
88,8.0,0.23959935204558508,0.3174788667992794,0.01811594202898551,8.0,0.8646816701021308,False,2.0,True,decay,0,108
89,10.0,0.20362812902400235,0.3162277597907599,0.017985611510791366,8.0,0.8646816701021308,False,0.0,True,decay,0,108
90,8.0,0.20362812902400235,0.31500385076068643,0.01785714285714286,8.0,0.8646816701021308,False,2.0,True,decay,0,108
91,6.0,0.23908912193180376,0.3141875633539243,0.017730496453900707,8.0,0.8646816701021308,False,4.0,True,decay,0,108
92,4.0,0.3095116571430714,0.3141378196708301,0.017605633802816902,8.0,0.8646816701021308,False,6.0,True,decay,0,108
93,8.0,0.3095116571430714,0.3140891232231695,0.01748251748251748,8.0,0.8646816701021308,False,2.0,True,decay,0,108
94,8.0,0.3095116571430714,0.3140414412848352,0.017361111111111112,8.0,0.8646816701021308,False,2.0,True,decay,0,108
95,8.0,0.3095116571430714,0.31399474247924997,0.017241379310344827,8.0,0.8646816701021308,False,2.0,True,decay,0,108
96,8.0,0.3095116571430714,0.3139489967105135,0.01712328767123288,8.0,0.8646816701021308,False,2.0,True,decay,0,108
97,8.0,0.3095116571430714,0.31390417509872115,0.017006802721088437,8.0,0.8646816701021308,False,2.0,True,decay,0,108
98,16.0,0.17437652200793624,0.31250889856781333,0.016891891891891893,8.0,0.8646816701021308,False,-6.0,True,decay,0,108
99,6.0,0.20793356898780202,0.3114734992650409,0.016778523489932886,8.0,0.8646816701021308,False,4.0,True,decay,0,108
100,6.0,0.24126690232113535,0.31078519929500265,0.016666666666666666,8.0,0.8646816701021308,False,4.0,True,decay,0,108
101,6.0,0.2743794851025923,0.310431745759154,0.016556291390728478,8.0,0.8646816701021308,False,4.0,True,decay,0,108
102,6.0,0.30727422194469756,0.31040138495324576,0.01644736842105263,8.0,0.8646816701021308,False,4.0,True,decay,0,108
103,12.0,0.24191474482051456,0.3097491312376959,0.016339869281045753,8.0,0.8646816701021308,False,-2.0,True,decay,0,108
104,4.0,0.3068498097555795,0.30972177914824195,0.016233766233766236,8.0,0.8646816701021308,False,6.0,True,decay,0,108
105,10.0,0.2745917452394505,0.30939346107432797,0.016129032258064516,8.0,0.8646816701021308,False,0.0,True,decay,0,108
106,6.0,0.30664302729073256,0.3093679940948502,0.016025641025641028,8.0,0.8646816701021308,False,4.0,True,decay,0,108
107,8.0,0.30664302729073256,0.3093429943993996,0.01592356687898089,8.0,0.8646816701021308,False,2.0,True,decay,0,108
108,10.0,0.2749974576704794,0.3090307622473185,0.015822784810126583,8.0,0.8646816701021308,False,0.0,True,decay,0,108
109,8.0,0.2749974576704794,0.3087241558997794,0.015723270440251572,8.0,0.8646816701021308,False,2.0,True,decay,0,108
110,12.0,0.2124974576704794,0.30786498895130354,0.015625,8.0,0.8646816701021308,False,-2.0,True,decay,0,108
111,4.0,0.2746092589127154,0.3075706904553869,0.015527950310559006,8.0,0.8646816701021308,False,6.0,True,decay,0,108
112,6.0,0.3054734564435796,0.3075522936658096,0.015432098765432098,8.0,0.8646816701021308,False,4.0,True,decay,0,108
113,8.0,0.3054734564435796,0.30753421682039894,0.015337423312883436,8.0,0.8646816701021308,False,2.0,True,decay,0,108
114,10.0,0.2749856515655308,0.30725362574061554,0.01524390243902439,8.0,0.8646816701021308,False,0.0,True,decay,0,108
115,14.0,0.18407656065643987,0.3062008303125457,0.015151515151515152,8.0,0.8646816701021308,False,-4.0,True,decay,0,108
116,8.0,0.18407656065643987,0.30516587887478214,0.015060240963855423,8.0,0.8646816701021308,False,-58.0,False,decay,0,108
117,8.0,0.18407656065643987,0.3041483215788297,0.014970059880239523,8.0,0.8646816701021308,False,2.0,True,decay,0,108
118,4.0,0.2436003701802494,0.30364375531717486,0.014880952380952382,8.0,0.8646816701021308,False,6.0,True,decay,0,108
119,4.0,0.3027719678133855,0.3036365504617716,0.014792899408284025,8.0,0.8646816701021308,False,6.0,True,decay,0,108
120,10.0,0.27336020310750314,0.30338838368017923,0.014705882352941178,8.0,0.8646816701021308,False,0.0,True,decay,0,108
121,6.0,0.3025999691893745,0.30338197380627024,0.014619883040935673,8.0,0.8646816701021308,False,4.0,True,decay,0,108
122,6.0,0.33166973663123495,0.3036101009258264,0.014534883720930234,8.0,0.8646816701021308,False,4.0,True,decay,0,108
123,8.0,0.33166973663123495,0.3038345780114697,0.014450867052023123,8.0,0.8646816701021308,False,2.0,True,decay,0,108
124,6.0,0.360405368815143,0.30428355254165756,0.014367816091954025,8.0,0.8646816701021308,False,4.0,True,decay,0,108
125,14.0,0.2746910831008573,0.30405054097125755,0.014285714285714287,8.0,0.8646816701021308,False,-4.0,True,decay,0,108
126,6.0,0.30310017400994826,0.3040431162293723,0.014204545454545456,8.0,0.8646816701021308,False,4.0,True,decay,0,108
127,8.0,0.30310017400994826,0.30403580659976437,0.014124293785310734,8.0,0.8646816701021308,False,2.0,True,decay,0,108
128,10.0,0.2750102863694988,0.30381253336722386,0.01404494382022472,8.0,0.8646816701021308,False,-60.0,False,decay,0,108
129,14.0,0.19121140368793454,0.302952982758985,0.013966480446927375,8.0,0.8646816701021308,False,-4.0,True,decay,0,108
130,6.0,0.21898918146571233,0.3023168933552481,0.01388888888888889,8.0,0.8646816701021308,False,4.0,True,decay,0,108
131,4.0,0.27423780025024275,0.30210577235445857,0.013812154696132598,8.0,0.8646816701021308,False,6.0,True,decay,0,108
132,18.0,0.13687516288760537,0.30087270810470595,0.013736263736263736,8.0,0.8646816701021308,False,-8.0,True,decay,0,108
133,8.0,0.13687516288760537,0.29965791147346815,0.01366120218579235,8.0,0.8646816701021308,False,2.0,True,decay,0,108
134,4.0,0.19122298897456189,0.29886059586685854,0.01358695652173913,8.0,0.8646816701021308,False,6.0,True,decay,0,108
135,6.0,0.21825001600158891,0.2982721974736814,0.013513513513513514,8.0,0.8646816701021308,False,4.0,True,decay,0,108
136,4.0,0.27201345686180395,0.2980819167446098,0.013440860215053764,8.0,0.8646816701021308,False,6.0,True,decay,0,108
137,16.0,0.16506158520404995,0.2971249359421598,0.013368983957219251,8.0,0.8646816701021308,False,-6.0,True,decay,0,108
138,8.0,0.16506158520404995,0.2961816262940304,0.013297872340425532,8.0,0.8646816701021308,False,2.0,True,decay,0,108
139,4.0,0.21797163811410286,0.29562694552679686,0.013227513227513227,8.0,0.8646816701021308,False,6.0,True,decay,0,108
140,4.0,0.2706032170614713,0.2954507220869002,0.013157894736842105,8.0,0.8646816701021308,False,6.0,True,decay,0,108
141,4.0,0.32295923800387966,0.2956430893310749,0.013089005235602096,8.0,0.8646816701021308,False,6.0,True,decay,0,108
142,12.0,0.27087590467054634,0.29547109499315455,0.013020833333333334,8.0,0.8646816701021308,False,-2.0,True,decay,0,108
143,4.0,0.32268937617313703,0.29565880727715443,0.01295336787564767,8.0,0.8646816701021308,False,6.0,True,decay,0,108
144,12.0,0.27114298442055973,0.29549089068224627,0.012886597938144331,8.0,0.8646816701021308,False,-2.0,True,decay,0,108
145,4.0,0.322425035702611,0.29567411615857525,0.012820512820512822,8.0,0.8646816701021308,False,6.0,True,decay,0,108
146,6.0,0.3479352397842437,0.2960272318587487,0.012755102040816327,8.0,0.8646816701021308,False,4.0,True,decay,0,108
147,8.0,0.3479352397842437,0.2963756077508661,0.01269035532994924,8.0,0.8646816701021308,False,2.0,True,decay,0,108
148,8.0,0.3479352397842437,0.29671933863108857,0.012626262626262628,8.0,0.8646816701021308,False,2.0,True,decay,0,108
149,10.0,0.32280961164354016,0.2968921218960717,0.01256281407035176,8.0,0.8646816701021308,False,0.0,True,decay,0,108
150,8.0,0.32280961164354016,0.2970626316970419,0.0125,8.0,0.8646816701021308,False,2.0,True,decay,0,108
151,8.0,0.32280961164354016,0.2972309126117249,0.012437810945273634,8.0,0.8646816701021308,False,2.0,True,decay,0,108
152,10.0,0.2980571363960154,0.29723627770123334,0.012376237623762377,8.0,0.8646816701021308,False,0.0,True,decay,0,108
153,8.0,0.2980571363960154,0.29724157356378034,0.01231527093596059,8.0,0.8646816701021308,False,2.0,True,decay,0,108
154,12.0,0.24903752855287814,0.29693257327524886,0.012254901960784314,8.0,0.8646816701021308,False,-2.0,True,decay,0,108
155,6.0,0.2734277724553172,0.29678286116811553,0.012195121951219514,8.0,0.8646816701021308,False,4.0,True,decay,0,108
156,6.0,0.29769961711551135,0.2967886634209472,0.012135922330097087,8.0,0.8646816701021308,False,4.0,True,decay,0,108
157,16.0,0.20108125962758866,0.2961867300637562,0.012077294685990338,8.0,0.8646816701021308,False,-6.0,True,decay,0,108
158,4.0,0.24915818270451173,0.29589280164276094,0.01201923076923077,8.0,0.8646816701021308,False,6.0,True,decay,0,108
159,6.0,0.2730816276805883,0.29575111733243686,0.01196172248803828,8.0,0.8646816701021308,False,4.0,True,decay,0,108
160,10.0,0.2492721038710645,0.29546420984193456,0.011904761904761904,8.0,0.8646816701021308,False,0.0,True,decay,0,108
161,6.0,0.27296878633551946,0.2953262011087664,0.011848341232227487,8.0,0.8646816701021308,False,4.0,True,decay,0,108
162,6.0,0.2965536919958968,0.29533368580929764,0.01179245283018868,8.0,0.8646816701021308,False,4.0,True,decay,0,108
163,6.0,0.3200278703996527,0.2954833475340877,0.011737089201877935,8.0,0.8646816701021308,False,4.0,True,decay,0,108
164,12.0,0.27329889843703586,0.2953497062744669,0.011682242990654205,8.0,0.8646816701021308,False,-2.0,True,decay,0,108
165,18.0,0.15701982866959402,0.2945213836540785,0.011627906976744184,8.0,0.8646816701021308,False,-8.0,True,decay,0,108
166,4.0,0.2033161249658903,0.2939784952095059,0.011574074074074073,8.0,0.8646816701021308,False,6.0,True,decay,0,108
167,4.0,0.24939907427464605,0.29371471165367835,0.01152073732718894,8.0,0.8646816701021308,False,-54.0,False,decay,0,108
168,6.0,0.2723348540911598,0.2935889477856635,0.011467889908256883,8.0,0.8646816701021308,False,4.0,True,decay,0,108
169,8.0,0.2723348540911598,0.29346465484008166,0.011415525114155252,8.0,0.8646816701021308,False,2.0,True,decay,0,108
170,6.0,0.2950621268184325,0.29347394246786274,0.011363636363636364,8.0,0.8646816701021308,False,-56.0,False,decay,0,108
171,6.0,0.31768656120757277,0.29361389980161834,0.011312217194570137,8.0,0.8646816701021308,False,4.0,True,decay,0,108
172,6.0,0.3402090837300953,0.2938816882150004,0.011261261261261262,8.0,0.8646816701021308,False,4.0,True,decay,0,108
173,10.0,0.31778755906641815,0.2940182931912942,0.011210762331838566,8.0,0.8646816701021308,False,0.0,True,decay,0,108
174,8.0,0.31778755906641815,0.29415334583831193,0.011160714285714286,8.0,0.8646816701021308,False,2.0,True,decay,0,108
175,12.0,0.2733431146219737,0.294035773910536,0.011111111111111112,8.0,0.8646816701021308,False,-2.0,True,decay,0,108
176,14.0,0.2069714332060445,0.2935466484009602,0.011061946902654869,8.0,0.8646816701021308,False,-4.0,True,decay,0,108
177,4.0,0.25102429664216785,0.2933090933632016,0.011013215859030838,8.0,0.8646816701021308,False,6.0,True,decay,0,108
178,10.0,0.22909447208076433,0.29295234546718807,0.010964912280701754,8.0,0.8646816701021308,False,0.0,True,decay,0,108
179,4.0,0.2727625943515067,0.29284079988091355,0.01091703056768559,8.0,0.8646816701021308,False,-54.0,False,decay,0,108
180,8.0,0.2727625943515067,0.29273048007031244,0.010869565217391306,8.0,0.8646816701021308,False,2.0,True,decay,0,108
181,10.0,0.25111757270648505,0.29250308713389805,0.010822510822510822,8.0,0.8646816701021308,False,0.0,True,decay,0,108
182,4.0,0.2942210209823471,0.29251242373090053,0.010775862068965516,8.0,0.8646816701021308,False,6.0,True,decay,0,108
183,6.0,0.31568024845015824,0.2926376552158695,0.01072961373390558,8.0,0.8646816701021308,False,4.0,True,decay,0,108
184,8.0,0.31568024845015824,0.29276154012573125,0.010683760683760686,8.0,0.8646816701021308,False,2.0,True,decay,0,108
185,14.0,0.2518504612161157,0.29254276430268517,0.010638297872340425,8.0,0.8646816701021308,False,-4.0,True,decay,0,108
186,4.0,0.2942233425720479,0.2925517035487988,0.01059322033898305,8.0,0.8646816701021308,False,6.0,True,decay,0,108
187,8.0,0.2942233425720479,0.29256054819971544,0.010548523206751054,8.0,0.8646816701021308,False,2.0,True,decay,0,108
188,6.0,0.3152317459333924,0.2926798702930506,0.01050420168067227,8.0,0.8646816701021308,False,4.0,True,decay,0,108
189,18.0,0.21062923547314139,0.2922502858175537,0.010460251046025104,8.0,0.8646816701021308,False,-8.0,True,decay,0,108
190,4.0,0.25229590213980807,0.2920421900692321,0.010416666666666666,8.0,0.8646816701021308,False,6.0,True,decay,0,108
191,6.0,0.27304279010661303,0.2919437475823791,0.01037344398340249,8.0,0.8646816701021308,False,4.0,True,decay,0,108
192,12.0,0.23172047605702625,0.2916333183477124,0.010330578512396695,8.0,0.8646816701021308,False,-2.0,True,decay,0,108
193,8.0,0.23172047605702625,0.29132607300263197,0.010288065843621401,8.0,0.8646816701021308,False,2.0,True,decay,0,108
194,10.0,0.21122867277833773,0.29091741279740596,0.010245901639344263,8.0,0.8646816701021308,False,0.0,True,decay,0,108
195,4.0,0.25204499930894997,0.2907200909015255,0.01020408163265306,8.0,0.8646816701021308,False,6.0,True,decay,0,108
196,4.0,0.292695405813015,0.29073006723946226,0.010162601626016262,8.0,0.8646816701021308,False,6.0,True,decay,0,108
197,10.0,0.2724524908332579,0.2906382201218432,0.010121457489878544,8.0,0.8646816701021308,False,0.0,True,decay,0,108
198,6.0,0.2926137811558385,0.2906480979270131,0.010080645161290324,8.0,0.8646816701021308,False,4.0,True,decay,0,108
199,8.0,0.2926137811558385,0.2906578774455645,0.010040160642570281,8.0,0.8646816701021308,False,2.0,True,decay,0,108
200,6.0,0.31261378115583854,0.2907665700381896,0.01,8.0,0.8646816701021308,True,40.0,True,decay,0,108
201,6.0,0.3325340998809381,0.29097232141672535,0.0099601593625498,8.0,0.8646816701021308,True,40.0,True,decay,0,108
202,10.0,0.3126928300396683,0.29107879449821034,0.009920634920634922,8.0,0.8646816701021308,True,0.0,True,decay,0,108
203,6.0,0.33245567588947067,0.29128063294402134,0.009881422924901186,8.0,0.8646816701021308,True,40.0,True,decay,0,108
204,6.0,0.35214071525954943,0.2915760702368152,0.00984251968503937,8.0,0.8646816701021308,True,40.0,True,decay,0,108
205,8.0,0.35214071525954943,0.29186865306301196,0.009803921568627453,8.0,0.8646816701021308,True,20.0,True,decay,0,108
206,6.0,0.37167196525954943,0.29225232283318764,0.009765625,8.0,0.8646816701021308,True,40.0,True,decay,0,108
207,6.0,0.39112721817783735,0.29272540845684625,0.00972762645914397,8.0,0.8646816701021308,True,40.0,True,decay,0,108
208,4.0,0.429886908100318,0.2933785584551485,0.009689922480620155,8.0,0.8646816701021308,True,60.0,True,decay,0,108
209,8.0,0.429886908100318,0.29402551745820615,0.009652509652509654,8.0,0.8646816701021308,True,20.0,True,decay,0,108
210,12.0,0.3914253696387795,0.29448495072320885,0.009615384615384616,8.0,0.8646816701021308,True,-20.0,True,decay,0,108
211,6.0,0.41058245776138486,0.29503000944169794,0.009578544061302683,8.0,0.8646816701021308,True,40.0,True,decay,0,108
212,4.0,0.4487503966926826,0.29574832900829134,0.009541984732824428,8.0,0.8646816701021308,True,60.0,True,decay,0,108
213,4.0,0.4867732103808955,0.296636816828629,0.009505703422053233,8.0,0.8646816701021308,True,60.0,True,decay,0,108
214,6.0,0.5057126043202894,0.2976047602892386,0.00946969696969697,8.0,0.8646816701021308,True,40.0,True,decay,0,108
215,8.0,0.5057126043202894,0.29856378261196237,0.009433962264150945,8.0,0.8646816701021308,True,20.0,True,decay,0,108
216,8.0,0.5057126043202894,0.29951400656475285,0.009398496240601503,8.0,0.8646816701021308,True,20.0,True,decay,0,108
217,4.0,0.5431657878408886,0.30062657177605945,0.009363295880149813,8.0,0.8646816701021308,True,60.0,True,decay,0,108
218,6.0,0.5618225042587991,0.30181382601461737,0.009328358208955223,8.0,0.8646816701021308,True,40.0,True,decay,0,108
219,4.0,0.5989972254483902,0.3031585472790235,0.00929368029739777,8.0,0.8646816701021308,True,60.0,True,decay,0,108
220,4.0,0.6360342624854272,0.3046579874376109,0.009259259259259259,8.0,0.8646816701021308,True,60.0,True,decay,0,108
221,4.0,0.6729346314891171,0.30630945220914235,0.00922509225092251,8.0,0.8646816701021308,True,60.0,True,decay,0,108
222,6.0,0.6913169844302937,0.30802823583512956,0.009191176470588236,8.0,0.8646816701021308,True,40.0,True,decay,0,108
223,8.0,0.6913169844302937,0.3097317413844414,0.009157509157509158,8.0,0.8646816701021308,True,20.0,True,decay,0,108
224,4.0,0.7278133347952571,0.3115816599393565,0.009124087591240875,8.0,0.8646816701021308,True,60.0,True,decay,0,108
225,6.0,0.7459951529770753,0.3134953757677165,0.009090909090909092,8.0,0.8646816701021308,True,-560.0,False,decay,0,108
226,8.0,0.7459951529770753,0.31539230461512596,0.009057971014492754,8.0,0.8646816701021308,True,20.0,True,decay,0,108
227,4.0,0.7820962360095662,0.3174303130491628,0.009025270758122744,8.0,0.8646816701021308,True,60.0,True,decay,0,108
228,4.0,0.818067459031149,0.3196069962925628,0.008992805755395683,8.0,0.8646816701021308,True,60.0,True,decay,0,108
229,6.0,0.8359886059845539,0.3218424145163376,0.008960573476702509,8.0,0.8646816701021308,True,40.0,True,decay,0,108
230,4.0,0.8717028916988396,0.3242125027800553,0.008928571428571428,8.0,0.8646816701021308,True,60.0,True,decay,0,108
231,6.0,0.8894964860048895,0.32663861429604174,0.008896797153024912,8.0,0.8646816701021308,True,40.0,True,decay,0,108
232,4.0,0.924957478912691,0.3291955325208992,0.008865248226950355,8.0,0.8646816701021308,True,60.0,True,decay,0,108
233,4.0,0.9602931679586274,0.3318810543738257,0.0088339222614841,8.0,0.8646816701021308,True,60.0,True,decay,0,108
234,6.0,0.9778988017614443,0.3346184177102139,0.008802816901408451,8.0,0.8646816701021308,True,40.0,True,decay,0,108
235,4.0,1.0129865210596898,0.33748073038257453,0.008771929824561403,8.0,0.8646816701021308,True,60.0,True,decay,0,108
236,4.0,1.0479515560247248,0.3404659019188861,0.008741258741258742,8.0,0.8646816701021308,True,60.0,True,decay,0,108
237,12.0,1.013108350449812,0.3432803054692247,0.008710801393728223,8.0,0.8646816701021308,True,-20.0,True,decay,0,108
238,8.0,1.013108350449812,0.3460712556566438,0.008680555555555556,8.0,0.8646816701021308,True,20.0,True,decay,0,108
239,4.0,1.0477104265743795,0.3489826215110743,0.00865051903114187,8.0,0.8646816701021308,True,60.0,True,decay,0,108
240,4.0,1.0821931851950692,0.35201241722877674,0.008620689655172414,8.0,0.8646816701021308,True,60.0,True,decay,0,108
241,4.0,1.1165574463634542,0.35515869306883713,0.00859106529209622,8.0,0.8646816701021308,True,60.0,True,decay,0,108
242,4.0,1.1508040217059199,0.35841953457964487,0.00856164383561644,8.0,0.8646816701021308,True,60.0,True,decay,0,108
243,4.0,1.1849337145386845,0.3617930618447838,0.008532423208191127,8.0,0.8646816701021308,True,60.0,True,decay,0,108
244,14.0,1.1339133063754192,0.3649317620258027,0.008503401360544218,8.0,0.8646816701021308,True,-40.0,True,decay,0,108
245,6.0,1.150862458917792,0.3681136676812358,0.00847457627118644,8.0,0.8646816701021308,True,40.0,True,decay,0,108
246,4.0,1.1846462427015758,0.3714061377418017,0.008445945945945946,8.0,0.8646816701021308,True,60.0,True,decay,0,108
247,4.0,1.2183162763716096,0.3748073832784676,0.008417508417508417,8.0,0.8646816701021308,True,-540.0,False,decay,0,108
248,4.0,1.2518733233514754,0.3783156470387596,0.008389261744966443,8.0,0.8646816701021308,True,-540.0,False,decay,0,108
249,6.0,1.2685957313782312,0.38186257964568976,0.008361204013377926,8.0,0.8646816701021308,True,40.0,True,decay,0,108
250,6.0,1.2852623980448978,0.3854474995599723,0.008333333333333333,8.0,0.8646816701021308,True,40.0,True,decay,0,108
251,8.0,1.2852623980448978,0.38900408018639493,0.008305647840531562,8.0,0.8646816701021308,True,20.0,True,decay,0,108
252,4.0,1.3183749808263547,0.3926630207400955,0.008278145695364239,8.0,0.8646816701021308,True,60.0,True,decay,0,108
253,4.0,1.3513782811563877,0.39642268842800255,0.00825082508250825,8.0,0.8646816701021308,True,-540.0,False,decay,0,108
254,4.0,1.384273017998493,0.4002814787778873,0.008223684210526315,8.0,0.8646816701021308,True,60.0,True,decay,0,108
255,4.0,1.4170599032443947,0.4042378150598581,0.00819672131147541,8.0,0.8646816701021308,True,60.0,True,decay,0,108
256,6.0,1.4333997725254404,0.408226814894996,0.008169934640522876,8.0,0.8646816701021308,True,40.0,True,decay,0,108
257,10.0,1.4171131275743003,0.41212212884356475,0.008143322475570033,8.0,0.8646816701021308,True,0.0,True,decay,0,108
258,4.0,1.4495806600418328,0.41611235396355806,0.008116883116883118,8.0,0.8646816701021308,True,60.0,True,decay,0,108
259,4.0,1.4819431195887585,0.42019599674373126,0.008090614886731393,8.0,0.8646816701021308,True,60.0,True,decay,0,108
260,4.0,1.5142011841048875,0.42437158906190364,0.008064516129032258,8.0,0.8646816701021308,True,60.0,True,decay,0,108
261,6.0,1.530278354522894,0.42857655775186937,0.008038585209003217,8.0,0.8646816701021308,True,40.0,True,decay,0,108
262,6.0,1.546303995548535,0.4328103738041295,0.008012820512820514,8.0,0.8646816701021308,True,40.0,True,decay,0,108
263,6.0,1.5622784364431037,0.4370725174367294,0.007987220447284346,8.0,0.8646816701021308,True,40.0,True,decay,0,108
264,8.0,1.5622784364431037,0.441302614876603,0.007961783439490446,8.0,0.8646816701021308,True,20.0,True,decay,0,108
265,6.0,1.5781514523161195,0.4455604756909832,0.007936507936507938,8.0,0.8646816701021308,True,40.0,True,decay,0,108
266,6.0,1.5939742371262462,0.44984560166648796,0.007911392405063292,8.0,0.8646816701021308,True,40.0,True,decay,0,108
267,4.0,1.6255199784511674,0.4542161383831596,0.007886435331230285,8.0,0.8646816701021308,True,60.0,True,decay,0,108
268,10.0,1.6097967080109157,0.45849606641881796,0.007861635220125786,8.0,0.8646816701021308,True,0.0,True,decay,0,108
269,8.0,1.6097967080109157,0.46274440826971136,0.007836990595611286,8.0,0.8646816701021308,True,20.0,True,decay,0,108
270,4.0,1.6410467080109157,0.4670764020187599,0.0078125,8.0,0.8646816701021308,True,60.0,True,decay,0,108
271,4.0,1.6721993559859936,0.4714907718135116,0.007788161993769471,8.0,0.8646816701021308,True,60.0,True,decay,0,108
272,4.0,1.7032552566071115,0.47598626263392624,0.007763975155279503,8.0,0.8646816701021308,True,60.0,True,decay,0,108
273,4.0,1.7342150089290929,0.4805616398931814,0.007739938080495357,8.0,0.8646816701021308,True,60.0,True,decay,0,108
274,4.0,1.765079206459957,0.4852156890474088,0.007716049382716049,8.0,0.8646816701021308,True,60.0,True,decay,0,108
275,4.0,1.7958484372291879,0.48994721521413,0.007692307692307693,8.0,0.8646816701021308,True,60.0,True,decay,0,108
276,14.0,1.7498361672905376,0.4944791898618868,0.007668711656441718,8.0,0.8646816701021308,True,-40.0,True,decay,0,108
277,10.0,1.7345456474128618,0.49892387250543874,0.007645259938837921,8.0,0.8646816701021308,True,0.0,True,decay,0,108
278,4.0,1.7650334522909106,0.503445692433244,0.007621951219512195,8.0,0.8646816701021308,True,60.0,True,decay,0,108
279,4.0,1.795428589069026,0.5080434963358624,0.007598784194528876,8.0,0.8646816701021308,True,60.0,True,decay,0,108
280,4.0,1.8257316193720563,0.5127161492544304,0.007575757575757576,8.0,0.8646816701021308,True,60.0,True,decay,0,108
281,6.0,1.8408373595533252,0.5174091570646738,0.0075528700906344415,8.0,0.8646816701021308,True,40.0,True,decay,0,108
282,4.0,1.870957841481036,0.5221751735590977,0.007530120481927712,8.0,0.8646816701021308,True,-540.0,False,decay,0,108
283,6.0,1.885972856496051,0.5269604285869466,0.0075075075075075074,8.0,0.8646816701021308,True,40.0,True,decay,0,108
284,6.0,1.9009429163762905,0.5317645631596366,0.007485029940119761,8.0,0.8646816701021308,True,40.0,True,decay,0,108
285,4.0,1.9307936626449473,0.5366392290115019,0.007462686567164179,8.0,0.8646816701021308,True,60.0,True,decay,0,108
286,12.0,1.9010317578830427,0.5413767030700836,0.007440476190476191,8.0,0.8646816701021308,True,-20.0,True,decay,0,108
287,4.0,1.9307053483874936,0.5461840686248152,0.00741839762611276,8.0,0.8646816701021308,True,60.0,True,decay,0,108
288,4.0,1.9602911472040616,0.5510602999302608,0.007396449704142012,8.0,0.8646816701021308,True,60.0,True,decay,0,108
289,6.0,1.9750404097409349,0.5559537023694727,0.007374631268436578,8.0,0.8646816701021308,True,40.0,True,decay,0,108
290,4.0,2.004452174446817,0.560914313575217,0.007352941176470589,8.0,0.8646816701021308,True,60.0,True,decay,0,108
291,6.0,2.0191149310450576,0.5658911074914964,0.007331378299120235,8.0,0.8646816701021308,True,40.0,True,decay,0,108
292,6.0,2.033734814085993,0.5708837731601851,0.007309941520467837,8.0,0.8646816701021308,True,-560.0,False,decay,0,108
293,4.0,2.0628893330364306,0.5759414191258673,0.007288629737609329,8.0,0.8646816701021308,True,60.0,True,decay,0,108
294,4.0,2.091959100478291,0.5810631004817876,0.007267441860465117,8.0,0.8646816701021308,True,60.0,True,decay,0,108
295,4.0,2.120944607724668,0.5862478867014607,0.007246376811594203,8.0,0.8646816701021308,True,60.0,True,decay,0,108
296,4.0,2.1498463418287144,0.5914948613830957,0.007225433526011561,8.0,0.8646816701021308,True,60.0,True,decay,0,108
297,4.0,2.178664785632749,0.5968031219993153,0.007204610951008645,8.0,0.8646816701021308,True,60.0,True,decay,0,108
298,4.0,2.207400417816657,0.6021717796520397,0.007183908045977012,8.0,0.8646816701021308,True,60.0,True,decay,0,108
299,4.0,2.236053712945597,0.607599958832417,0.007163323782234957,8.0,0.8646816701021308,True,60.0,True,decay,0,108
300,10.0,2.2217679986598826,0.6129448861166139,0.0071428571428571435,8.0,0.8646816701021308,True,0.0,True,decay,0,108
301,8.0,2.2217679986598826,0.6182545333527303,0.007122507122507123,8.0,0.8646816701021308,True,20.0,True,decay,0,108
302,4.0,2.2501770895689734,0.6236226996560732,0.007102272727272728,8.0,0.8646816701021308,True,60.0,True,decay,0,108
303,6.0,2.264341395517982,0.6290021052162762,0.007082152974504249,8.0,0.8646816701021308,True,40.0,True,decay,0,108
304,6.0,2.2784656893032924,0.6343925090858417,0.007062146892655367,8.0,0.8646816701021308,True,40.0,True,decay,0,108
305,4.0,2.3066347033877994,0.6398395520640239,0.007042253521126761,8.0,0.8646816701021308,True,60.0,True,decay,0,108
306,6.0,2.320679647208024,0.6452968251002058,0.00702247191011236,8.0,0.8646816701021308,True,40.0,True,decay,0,108
307,4.0,2.348690851689817,0.6508094271280038,0.007002801120448179,8.0,0.8646816701021308,True,60.0,True,decay,0,108
308,6.0,2.3626573321367443,0.656331517144161,0.006983240223463688,8.0,0.8646816701021308,True,40.0,True,decay,0,108
309,4.0,2.390512485340087,0.6619076617364309,0.006963788300835655,8.0,0.8646816701021308,True,60.0,True,decay,0,108
310,6.0,2.404401374228976,0.6674925774815993,0.006944444444444445,8.0,0.8646816701021308,True,40.0,True,decay,0,108
311,12.0,2.376700543204045,0.6729533058065911,0.006925207756232688,8.0,0.8646816701021308,True,-20.0,True,decay,0,108
312,8.0,2.376700543204045,0.6783792524225065,0.006906077348066299,8.0,0.8646816701021308,True,20.0,True,decay,0,108
313,4.0,2.404248752570436,0.6838582032166269,0.006887052341597796,8.0,0.8646816701021308,True,60.0,True,decay,0,108
314,6.0,2.4179850163067,0.6893459462960259,0.006868131868131868,8.0,0.8646816701021308,True,40.0,True,decay,0,108
315,4.0,2.4453822765806725,0.6948854930792581,0.006849315068493151,8.0,0.8646816701021308,True,-540.0,False,decay,0,108
316,4.0,2.472704680952257,0.7004761194562172,0.006830601092896175,8.0,0.8646816701021308,True,60.0,True,decay,0,108
317,4.0,2.499952637355527,0.7061171116753373,0.0068119891008174395,8.0,0.8646816701021308,True,60.0,True,decay,0,108
318,4.0,2.527126550399005,0.7118077661713488,0.006793478260869565,8.0,0.8646816701021308,True,60.0,True,decay,0,108
319,4.0,2.554226821401715,0.7175473893963655,0.006775067750677507,8.0,0.8646816701021308,True,60.0,True,decay,0,108
320,6.0,2.5677403349152286,0.7232933302209583,0.006756756756756757,8.0,0.8646816701021308,True,40.0,True,decay,0,108
321,4.0,2.5946945128128025,0.7290871419317689,0.006738544474393531,8.0,0.8646816701021308,True,-540.0,False,decay,0,108
322,4.0,2.62157623324291,0.7349281576456922,0.006720430107526882,8.0,0.8646816701021308,True,-540.0,False,decay,0,108
323,6.0,2.634981058980175,0.740774474265183,0.006702412868632708,8.0,0.8646816701021308,True,40.0,True,decay,0,108
324,6.0,2.6483500429373943,0.746625933064791,0.0066844919786096255,8.0,0.8646816701021308,True,40.0,True,decay,0,108
325,6.0,2.6616833762707275,0.7524823778452372,0.006666666666666667,8.0,0.8646816701021308,True,40.0,True,decay,0,108
326,4.0,2.6882791209515786,0.7583841971839761,0.006648936170212766,8.0,0.8646816701021308,True,60.0,True,decay,0,108
327,8.0,2.6882791209515786,0.7642501392015069,0.006631299734748011,8.0,0.8646816701021308,True,20.0,True,decay,0,108
328,4.0,2.714734147406605,0.7701606968021284,0.006613756613756613,8.0,0.8646816701021308,True,60.0,True,decay,0,108
329,6.0,2.7279267595438084,0.7760753978980246,0.006596306068601583,8.0,0.8646816701021308,True,40.0,True,decay,0,108
330,12.0,2.7016109700701243,0.7818752038383021,0.006578947368421052,8.0,0.8646816701021308,True,-20.0,True,decay,0,108
331,4.0,2.727857689230229,0.7877189950857253,0.006561679790026247,8.0,0.8646816701021308,True,60.0,True,decay,0,108
332,6.0,2.740946694465831,0.7935669822096179,0.006544502617801047,8.0,0.8646816701021308,True,40.0,True,decay,0,108
333,26.0,2.623453221880975,0.7990293291937115,0.006527415143603134,8.0,0.8646816701021308,True,-160.0,True,decay,0,108
334,8.0,2.623453221880975,0.8044591622076618,0.006510416666666667,8.0,0.8646816701021308,True,-580.0,False,decay,0,108
335,10.0,2.610466208893962,0.809818233562814,0.006493506493506494,8.0,0.8646816701021308,True,0.0,True,decay,0,108
336,4.0,2.6363729446452573,0.8152222415837679,0.006476683937823835,8.0,0.8646816701021308,True,60.0,True,decay,0,108
337,10.0,2.6234530480044302,0.820556255762,0.006459948320413437,8.0,0.8646816701021308,True,0.0,True,decay,0,108
338,4.0,2.649226243880719,0.8259346969035256,0.0064432989690721655,8.0,0.8646816701021308,True,60.0,True,decay,0,108
339,8.0,2.649226243880719,0.8312815929357168,0.006426735218508998,8.0,0.8646816701021308,True,-580.0,False,decay,0,108
340,4.0,2.6748672695217444,0.8366721943292432,0.006410256410256411,8.0,0.8646816701021308,True,60.0,True,decay,0,108
341,6.0,2.6876549933069107,0.842068645638216,0.00639386189258312,8.0,0.8646816701021308,True,40.0,True,decay,0,108
342,4.0,2.7131651973885433,0.847507879800281,0.006377551020408163,8.0,0.8646816701021308,True,60.0,True,decay,0,108
343,6.0,2.7258878436989757,0.8529524594057843,0.0063613231552162855,8.0,0.8646816701021308,True,40.0,True,decay,0,108
344,8.0,2.7258878436989757,0.8583655674528745,0.00634517766497462,8.0,0.8646816701021308,True,20.0,True,decay,0,108
345,10.0,2.7132296158508744,0.8637109969871627,0.006329113924050633,8.0,0.8646816701021308,True,0.0,True,decay,0,108
346,8.0,2.7132296158508744,0.8690257056620584,0.006313131313131314,8.0,0.8646816701021308,True,20.0,True,decay,0,108
347,8.0,2.7132296158508744,0.8743099575537169,0.006297229219143577,8.0,0.8646816701021308,True,20.0,True,decay,0,108
348,8.0,2.7132296158508744,0.8795640137202803,0.00628140703517588,8.0,0.8646816701021308,True,20.0,True,decay,0,108
349,6.0,2.7257609441716766,0.8848238340349566,0.006265664160401002,8.0,0.8646816701021308,True,40.0,True,decay,0,108
350,6.0,2.7382609441716768,0.8900892803705722,0.00625,8.0,0.8646816701021308,True,40.0,True,decay,0,108
351,12.0,2.7133232883113276,0.895254249231594,0.006234413965087282,8.0,0.8646816701021308,True,-20.0,True,decay,0,108
352,8.0,2.7133232883113276,0.900390037477582,0.006218905472636817,8.0,0.8646816701021308,True,20.0,True,decay,0,108
353,6.0,2.7257302362021463,0.9055318408542709,0.006203473945409429,8.0,0.8646816701021308,True,40.0,True,decay,0,108
354,8.0,2.7257302362021463,0.9106447576951356,0.006188118811881188,8.0,0.8646816701021308,True,20.0,True,decay,0,108
355,10.0,2.7133845571898005,0.9156944490102467,0.006172839506172839,8.0,0.8646816701021308,True,0.0,True,decay,0,108
356,10.0,2.70106928625384,0.9206815295612064,0.006157635467980295,8.0,0.8646816701021308,True,0.0,True,decay,0,108
357,6.0,2.7133542985388526,0.9256750470235396,0.006142506142506142,8.0,0.8646816701021308,True,40.0,True,decay,0,108
358,6.0,2.725609200499637,0.9306748641165288,0.006127450980392157,8.0,0.8646816701021308,True,40.0,True,decay,0,108
359,6.0,2.7378341393749426,0.9356808454884359,0.006112469437652812,8.0,0.8646816701021308,True,40.0,True,decay,0,108
360,6.0,2.750029261326162,0.9406928576868827,0.006097560975609757,8.0,0.8646816701021308,True,40.0,True,decay,0,108
361,8.0,2.750029261326162,0.9456772554930515,0.006082725060827252,8.0,0.8646816701021308,True,20.0,True,decay,0,108
362,12.0,2.7257574166659677,0.9505675856061638,0.006067961165048544,8.0,0.8646816701021308,True,-20.0,True,decay,0,108
363,14.0,2.6894378040751685,0.9553316136019694,0.006053268765133173,8.0,0.8646816701021308,True,-40.0,True,decay,0,108
364,4.0,2.7135923934471493,0.9601356048037321,0.006038647342995169,8.0,0.8646816701021308,True,60.0,True,decay,0,108
365,8.0,2.7135923934471493,0.9649134162169294,0.006024096385542168,8.0,0.8646816701021308,True,20.0,True,decay,0,108
366,10.0,2.7015731626779185,0.9696326003105733,0.006009615384615385,8.0,0.8646816701021308,True,0.0,True,decay,0,108
367,6.0,2.7135635703517793,0.9743587005003869,0.005995203836930456,8.0,0.8646816701021308,True,40.0,True,decay,0,108
368,6.0,2.7255252928398175,0.9790915831823852,0.00598086124401914,8.0,0.8646816701021308,True,-560.0,False,decay,0,108
369,8.0,2.7255252928398175,0.9837989516720278,0.005966587112171838,8.0,0.8646816701021308,True,20.0,True,decay,0,108
370,6.0,2.7374300547445793,0.9885130137770616,0.005952380952380952,8.0,0.8646816701021308,True,40.0,True,decay,0,108
371,18.0,2.678047631941729,0.9930425972037766,0.005938242280285036,8.0,0.8646816701021308,True,-80.0,True,decay,0,108
372,4.0,2.701744314406184,0.9976113183727671,0.005924170616113744,8.0,0.8646816701021308,True,60.0,True,decay,0,108
373,4.0,2.725384976344718,1.0022187147940256,0.00591016548463357,8.0,0.8646816701021308,True,60.0,True,decay,0,108
374,8.0,2.725384976344718,1.0068016037875116,0.00589622641509434,8.0,0.8646816701021308,True,20.0,True,decay,0,108
375,10.0,2.713620270462365,1.011328974256145,0.0058823529411764705,8.0,0.8646816701021308,True,0.0,True,decay,0,108
376,8.0,2.713620270462365,1.0158323903836748,0.005868544600938968,8.0,0.8646816701021308,True,20.0,True,decay,0,108
377,14.0,2.6784914648417564,1.0202193536408202,0.005854800936768151,8.0,0.8646816701021308,True,-40.0,True,decay,0,108
378,4.0,2.701855950823065,1.0246447131070893,0.005841121495327103,8.0,0.8646816701021308,True,60.0,True,decay,0,108
379,8.0,2.701855950823065,1.0290468423399395,0.005827505827505828,8.0,0.8646816701021308,True,20.0,True,decay,0,108
380,6.0,2.713483857799809,1.0334563633228189,0.005813953488372092,8.0,0.8646816701021308,True,-560.0,False,decay,0,108
381,10.0,2.701882929725563,1.0378125684570296,0.00580046403712297,8.0,0.8646816701021308,True,0.0,True,decay,0,108
382,4.0,2.7250310778737115,1.0422063666586356,0.005787037037037037,8.0,0.8646816701021308,True,60.0,True,decay,0,108
383,8.0,2.7250310778737115,1.046577339934519,0.005773672055427252,8.0,0.8646816701021308,True,20.0,True,decay,0,108
384,10.0,2.7135103405465224,1.0508958192107158,0.00576036866359447,8.0,0.8646816701021308,True,0.0,True,decay,0,108
385,12.0,2.6905218347993958,1.0551325789409192,0.00574712643678161,8.0,0.8646816701021308,True,-20.0,True,decay,0,108
386,4.0,2.7134576146159097,1.0594066125380195,0.0057339449541284416,8.0,0.8646816701021308,True,60.0,True,decay,0,108
387,12.0,2.6905743194214016,1.0635998457176683,0.005720823798627002,8.0,0.8646816701021308,True,-20.0,True,decay,0,108
388,4.0,2.713405369649712,1.067830116291853,0.005707762557077626,8.0,0.8646816701021308,True,60.0,True,decay,0,108
389,6.0,2.724794891289803,1.0720678778647377,0.005694760820045558,8.0,0.8646816701021308,True,40.0,True,decay,0,108
390,12.0,2.70206761856253,1.0762260404685586,0.005681818181818182,8.0,0.8646816701021308,True,-20.0,True,decay,0,108
391,6.0,2.713405487043256,1.0803918914776545,0.005668934240362812,8.0,0.8646816701021308,True,40.0,True,decay,0,108
392,6.0,2.724717704237826,1.0845653072460815,0.005656108597285069,8.0,0.8646816701021308,True,40.0,True,decay,0,108
393,10.0,2.71343102252225,1.0886890179176665,0.005643340857787811,8.0,0.8646816701021308,True,0.0,True,decay,0,108
394,8.0,2.71343102252225,1.0927919017676782,0.005630630630630631,8.0,0.8646816701021308,True,20.0,True,decay,0,108
395,12.0,2.6909591124098906,1.0968175118700514,0.0056179775280898875,8.0,0.8646816701021308,True,-20.0,True,decay,0,108
396,10.0,2.679748350078052,1.100794725031378,0.005605381165919283,8.0,0.8646816701021308,True,0.0,True,decay,0,108
397,4.0,2.7021197147312956,1.1048080708702248,0.005592841163310961,8.0,0.8646816701021308,True,60.0,True,decay,0,108
398,6.0,2.71328042901701,1.1088292517655918,0.005580357142857143,8.0,0.8646816701021308,True,40.0,True,decay,0,108
399,6.0,2.7244162864780344,1.112858147114002,0.005567928730512249,8.0,0.8646816701021308,True,40.0,True,decay,0,108
0,6.0,1.1,1.05,0.05,8.0,0.8646816701021308,False,4.0,True,decay,0,109
1,14.0,0.8058823529411765,0.9686274509803923,0.049019607843137254,8.0,0.8646816701021308,False,-4.0,True,decay,0,109
2,12.0,0.6135746606334842,0.8798642533936653,0.04807692307692308,8.0,0.8646816701021308,False,-2.0,True,decay,0,109
3,6.0,0.7079142832749936,0.8454742593699309,0.04716981132075472,8.0,0.8646816701021308,False,4.0,True,decay,0,109
4,6.0,0.8005068758675862,0.8379796954528734,0.046296296296296294,8.0,0.8646816701021308,False,4.0,True,decay,0,109
5,8.0,0.8005068758675862,0.8326264355121181,0.045454545454545456,8.0,0.8646816701021308,False,2.0,True,decay,0,109
6,8.0,0.8005068758675862,0.8286114905565516,0.044642857142857144,8.0,0.8646816701021308,False,2.0,True,decay,0,109
7,8.0,0.8005068758675862,0.825488755591111,0.043859649122807015,8.0,0.8646816701021308,False,2.0,True,decay,0,109
8,14.0,0.5418861862124138,0.7971284986532412,0.04310344827586207,8.0,0.8646816701021308,False,-4.0,True,decay,0,109
9,10.0,0.4571404235005494,0.7662204918211782,0.04237288135593221,8.0,0.8646816701021308,False,0.0,True,decay,0,109
10,8.0,0.4571404235005494,0.7404638194611258,0.04166666666666667,8.0,0.8646816701021308,False,2.0,True,decay,0,109
11,6.0,0.5391076366153035,0.7249748823191395,0.04098360655737705,8.0,0.8646816701021308,False,4.0,True,decay,0,109
12,8.0,0.5391076366153035,0.7116986504831513,0.040322580645161296,8.0,0.8646816701021308,False,2.0,True,decay,0,109
13,14.0,0.30101239852006534,0.6843195670189456,0.03968253968253969,8.0,0.8646816701021308,False,-4.0,True,decay,0,109
14,10.0,0.22288739852006534,0.6554800564877655,0.0390625,8.0,0.8646816701021308,False,0.0,True,decay,0,109
15,6.0,0.29981047544314227,0.6345583164263171,0.038461538461538464,8.0,0.8646816701021308,False,-56.0,False,decay,0,109
16,6.0,0.375568051200718,0.6201699683582282,0.03787878787878788,8.0,0.8646816701021308,False,4.0,True,decay,0,109
17,8.0,0.375568051200718,0.607296183244675,0.03731343283582089,8.0,0.8646816701021308,False,2.0,True,decay,0,109
18,32.0,0.0,0.5769313740824413,0.03676470588235295,8.0,0.8646816701021308,False,-22.0,True,decay,0,109
19,4.0,0.1449275362318841,0.5563597627562243,0.03623188405797102,8.0,0.8646816701021308,False,6.0,True,decay,0,109
20,10.0,0.07349896480331265,0.5344115446674557,0.03571428571428572,8.0,0.8646816701021308,False,0.0,True,decay,0,109
21,6.0,0.14392150001458026,0.5174337166390697,0.035211267605633804,8.0,0.8646816701021308,False,4.0,True,decay,0,109
22,4.0,0.28281038890346916,0.5076577446500864,0.034722222222222224,8.0,0.8646816701021308,False,6.0,True,decay,0,109
23,10.0,0.21431723821853765,0.4959241243928244,0.03424657534246576,8.0,0.8646816701021308,False,0.0,True,decay,0,109
24,4.0,0.3494523733536728,0.4902905955067032,0.033783783783783786,8.0,0.8646816701021308,False,6.0,True,decay,0,109
25,12.0,0.21611904002033946,0.4801360934516527,0.03333333333333333,8.0,0.8646816701021308,False,-2.0,True,decay,0,109
26,4.0,0.3476979873887605,0.4754061610922637,0.03289473684210526,8.0,0.8646816701021308,False,-54.0,False,decay,0,109
27,14.0,0.1528927925835657,0.46428501045403275,0.03246753246753247,8.0,0.8646816701021308,False,-4.0,True,decay,0,109
28,4.0,0.2810979207886939,0.4581787741318548,0.032051282051282055,8.0,0.8646816701021308,False,6.0,True,decay,0,109
29,6.0,0.3443890600292002,0.4545081381930595,0.03164556962025317,8.0,0.8646816701021308,False,4.0,True,decay,0,109
30,6.0,0.4068890600292002,0.45302004200043894,0.03125,8.0,0.8646816701021308,False,4.0,True,decay,0,109
31,10.0,0.34516066496747183,0.44975157602974297,0.030864197530864196,8.0,0.8646816701021308,False,0.0,True,decay,0,109
32,8.0,0.34516066496747183,0.44667537276320557,0.03048780487804878,8.0,0.8646816701021308,False,2.0,True,decay,0,109
33,8.0,0.34516066496747183,0.4437749525404703,0.030120481927710843,8.0,0.8646816701021308,False,2.0,True,decay,0,109
34,8.0,0.34516066496747183,0.44103566677455364,0.02976190476190476,8.0,0.8646816701021308,False,-58.0,False,decay,0,109
35,12.0,0.22751360614394242,0.4352648002710236,0.029411764705882353,8.0,0.8646816701021308,False,-2.0,True,decay,0,109
36,4.0,0.3437926759113843,0.43285763910366465,0.029069767441860468,8.0,0.8646816701021308,False,-54.0,False,decay,0,109
37,10.0,0.2863214115435682,0.42910029993545706,0.02873563218390805,8.0,0.8646816701021308,False,0.0,True,decay,0,109
38,18.0,0.0022305024526591,0.4184285549983871,0.02840909090909091,8.0,0.8646816701021308,False,-8.0,True,decay,0,109
39,6.0,0.05841027773355798,0.40964762140656197,0.02808988764044944,8.0,0.8646816701021308,False,4.0,True,decay,0,109
40,8.0,0.05841027773355798,0.40128482750958566,0.02777777777777778,8.0,0.8646816701021308,False,2.0,True,decay,0,109
41,6.0,0.11335533267861292,0.39458879274607467,0.027472527472527472,8.0,0.8646816701021308,False,4.0,True,decay,0,109
42,8.0,0.11335533267861292,0.3881971231990869,0.027173913043478264,8.0,0.8646816701021308,False,2.0,True,decay,0,109
43,6.0,0.16711877353882798,0.3832842709844145,0.02688172043010753,8.0,0.8646816701021308,False,4.0,True,decay,0,109
44,8.0,0.16711877353882798,0.3785850210399452,0.026595744680851068,8.0,0.8646816701021308,False,2.0,True,decay,0,109
45,4.0,0.2723819314335648,0.3763253808355541,0.026315789473684213,8.0,0.8646816701021308,False,6.0,True,decay,0,109
46,6.0,0.32446526476689813,0.3752449617507904,0.026041666666666668,8.0,0.8646816701021308,False,4.0,True,decay,0,109
47,6.0,0.37601165651947543,0.3752606085828044,0.025773195876288662,8.0,0.8646816701021308,False,4.0,True,decay,0,109
48,8.0,0.37601165651947543,0.37527562954153787,0.025510204081632654,8.0,0.8646816701021308,False,2.0,True,decay,0,109
49,16.0,0.1739914544992734,0.37132888101129735,0.025252525252525256,8.0,0.8646816701021308,False,-6.0,True,decay,0,109
50,6.0,0.22399145449927338,0.36849546896298924,0.025,8.0,0.8646816701021308,False,4.0,True,decay,0,109
51,4.0,0.32300135548937237,0.367637089463487,0.024752475247524754,8.0,0.8646816701021308,False,6.0,True,decay,0,109
52,8.0,0.32300135548937237,0.3668105017972997,0.024509803921568627,8.0,0.8646816701021308,False,2.0,True,decay,0,109
53,8.0,0.32300135548937237,0.36601397186442824,0.024271844660194174,8.0,0.8646816701021308,False,-58.0,False,decay,0,109
54,8.0,0.32300135548937237,0.36524588942915936,0.02403846153846154,8.0,0.8646816701021308,False,2.0,True,decay,0,109
55,8.0,0.32300135548937237,0.3645047572547771,0.023809523809523808,8.0,0.8646816701021308,False,2.0,True,decay,0,109
56,6.0,0.3701711668101271,0.36460245397124863,0.02358490566037736,8.0,0.8646816701021308,False,4.0,True,decay,0,109
57,10.0,0.32344219484751024,0.3639048224606768,0.02336448598130841,8.0,0.8646816701021308,False,0.0,True,decay,0,109
58,6.0,0.3697384911438065,0.3640020502720623,0.023148148148148147,8.0,0.8646816701021308,False,4.0,True,decay,0,109
59,18.0,0.14038069297866887,0.3603361263820067,0.022935779816513766,8.0,0.8646816701021308,False,-8.0,True,decay,0,109
60,4.0,0.23128978388775978,0.35825473376113176,0.022727272727272728,8.0,0.8646816701021308,False,6.0,True,decay,0,109
61,6.0,0.2763348289328048,0.35695441781147574,0.022522522522522525,8.0,0.8646816701021308,False,4.0,True,decay,0,109
62,18.0,0.053120543218519084,0.3522070135209608,0.022321428571428572,8.0,0.8646816701021308,False,-8.0,True,decay,0,109
63,4.0,0.14161611843975802,0.34896715359663455,0.022123893805309738,8.0,0.8646816701021308,False,6.0,True,decay,0,109
64,4.0,0.22933541668537205,0.3471545515222215,0.021929824561403508,8.0,0.8646816701021308,False,6.0,True,decay,0,109
65,6.0,0.2728136775549373,0.3460449862391277,0.02173913043478261,8.0,0.8646816701021308,False,4.0,True,decay,0,109
66,14.0,0.1435033327273511,0.3430664325110134,0.021551724137931032,8.0,0.8646816701021308,False,-4.0,True,decay,0,109
67,4.0,0.2289734181974366,0.3414129105644398,0.02136752136752137,8.0,0.8646816701021308,False,6.0,True,decay,0,109
68,8.0,0.2289734181974366,0.33980663210205403,0.0211864406779661,8.0,0.8646816701021308,False,2.0,True,decay,0,109
69,4.0,0.31300703164281474,0.33942917294065633,0.02100840336134454,8.0,0.8646816701021308,False,6.0,True,decay,0,109
70,8.0,0.31300703164281474,0.3390621987559641,0.020833333333333332,8.0,0.8646816701021308,False,2.0,True,decay,0,109
71,8.0,0.31300703164281474,0.3387052786585237,0.02066115702479339,8.0,0.8646816701021308,False,2.0,True,decay,0,109
72,6.0,0.3539906382001918,0.33891183757124893,0.020491803278688527,8.0,0.8646816701021308,False,4.0,True,decay,0,109
73,6.0,0.3946410447042568,0.3396548936663557,0.020325203252032523,8.0,0.8646816701021308,False,4.0,True,decay,0,109
74,10.0,0.3543184640590955,0.33984783538204966,0.020161290322580648,8.0,0.8646816701021308,False,0.0,True,decay,0,109
75,10.0,0.3143184640590955,0.33951628510512816,0.02,8.0,0.8646816701021308,False,0.0,True,decay,0,109
76,6.0,0.35400100374163523,0.339701986626109,0.019841269841269844,8.0,0.8646816701021308,False,4.0,True,decay,0,109
77,8.0,0.35400100374163523,0.3398829868427613,0.01968503937007874,8.0,0.8646816701021308,False,2.0,True,decay,0,109
78,10.0,0.31493850374163523,0.33957118080399723,0.01953125,8.0,0.8646816701021308,False,0.0,True,decay,0,109
79,12.0,0.237419123896674,0.33831004429896855,0.01937984496124031,8.0,0.8646816701021308,False,-2.0,True,decay,0,109
80,4.0,0.31434220081975095,0.33801775352483177,0.019230769230769232,8.0,0.8646816701021308,False,6.0,True,decay,0,109
81,10.0,0.27617426188845323,0.33727265121595973,0.019083969465648856,8.0,0.8646816701021308,False,0.0,True,decay,0,109
82,14.0,0.16253789825208959,0.33519247558543747,0.01893939393939394,8.0,0.8646816701021308,False,-4.0,True,decay,0,109
83,4.0,0.2377258681769016,0.3340458096159253,0.018796992481203006,8.0,0.8646816701021308,False,-54.0,False,decay,0,109
84,6.0,0.2750393010127225,0.3333596874228648,0.01865671641791045,8.0,0.8646816701021308,False,4.0,True,decay,0,109
85,10.0,0.23800226397568547,0.33226362508439145,0.018518518518518517,8.0,0.8646816701021308,False,0.0,True,decay,0,109
86,6.0,0.2747669698580384,0.3316102540022738,0.018382352941176475,8.0,0.8646816701021308,False,4.0,True,decay,0,109
87,6.0,0.3112633202230019,0.33138163676879884,0.01824817518248175,8.0,0.8646816701021308,False,4.0,True,decay,0,109
88,6.0,0.3474952042809729,0.331560676407823,0.01811594202898551,8.0,0.8646816701021308,False,4.0,True,decay,0,109
89,10.0,0.3115239812593902,0.33134049294465345,0.017985611510791366,8.0,0.8646816701021308,False,0.0,True,decay,0,109
90,10.0,0.2758096955451045,0.3307368973207453,0.01785714285714286,8.0,0.8646816701021308,False,0.0,True,decay,0,109
91,8.0,0.2758096955451045,0.3301462822478889,0.017730496453900707,8.0,0.8646816701021308,False,2.0,True,decay,0,109
92,8.0,0.2758096955451045,0.3295682334531784,0.017605633802816902,8.0,0.8646816701021308,False,2.0,True,decay,0,109
93,8.0,0.2758096955451045,0.32900235410677764,0.01748251748251748,8.0,0.8646816701021308,False,2.0,True,decay,0,109
94,8.0,0.2758096955451045,0.32844826391342685,0.017361111111111112,8.0,0.8646816701021308,False,2.0,True,decay,0,109
95,6.0,0.31029245416579415,0.3282610906170595,0.017241379310344827,8.0,0.8646816701021308,False,4.0,True,decay,0,109
96,18.0,0.13905957745346537,0.3263304629317167,0.01712328767123288,8.0,0.8646816701021308,False,-8.0,True,decay,0,109
97,4.0,0.20708678833781913,0.3251259813701622,0.017006802721088437,8.0,0.8646816701021308,False,6.0,True,decay,0,109
98,8.0,0.20708678833781913,0.32394558943983875,0.016891891891891893,8.0,0.8646816701021308,False,2.0,True,decay,0,109
99,4.0,0.2742008822975507,0.3234530675869448,0.016778523489932886,8.0,0.8646816701021308,False,6.0,True,decay,0,109
100,8.0,0.2742008822975507,0.32297020302528406,0.016666666666666666,8.0,0.8646816701021308,False,2.0,True,decay,0,109
101,12.0,0.20797571673463677,0.32185375170207386,0.016556291390728478,8.0,0.8646816701021308,False,-2.0,True,decay,0,109
102,8.0,0.20797571673463677,0.3207587705966178,0.01644736842105263,8.0,0.8646816701021308,False,2.0,True,decay,0,109
103,4.0,0.27333519385881977,0.3203071174848292,0.016339869281045753,8.0,0.8646816701021308,False,6.0,True,decay,0,109
104,12.0,0.2084001289237548,0.3192513911776493,0.016233766233766236,8.0,0.8646816701021308,False,-2.0,True,decay,0,109
105,4.0,0.2729162579560129,0.31881835254940966,0.016129032258064516,8.0,0.8646816701021308,False,6.0,True,decay,0,109
106,10.0,0.24086497590473083,0.31809656202492187,0.016025641025641028,8.0,0.8646816701021308,False,0.0,True,decay,0,109
107,4.0,0.3045592434206544,0.3179723664413965,0.01592356687898089,8.0,0.8646816701021308,False,6.0,True,decay,0,109
108,8.0,0.3045592434206544,0.31785042895938975,0.015822784810126583,8.0,0.8646816701021308,False,2.0,True,decay,0,109
109,8.0,0.3045592434206544,0.3177306885491309,0.015723270440251572,8.0,0.8646816701021308,False,2.0,True,decay,0,109
110,6.0,0.3358092434206544,0.31789210421762665,0.015625,8.0,0.8646816701021308,False,4.0,True,decay,0,109
111,10.0,0.30475334279953636,0.3177758319926878,0.015527950310559006,8.0,0.8646816701021308,False,0.0,True,decay,0,109
112,6.0,0.3356175403304006,0.31793233820617656,0.015432098765432098,8.0,0.8646816701021308,False,4.0,True,decay,0,109
113,6.0,0.36629238695616745,0.31835286036921995,0.015337423312883436,8.0,0.8646816701021308,False,4.0,True,decay,0,109
114,6.0,0.3967801918342162,0.319028958054263,0.01524390243902439,8.0,0.8646816701021308,False,4.0,True,decay,0,109
115,8.0,0.3967801918342162,0.31969349851392076,0.015151515151515152,8.0,0.8646816701021308,False,2.0,True,decay,0,109
116,6.0,0.42690067376192703,0.32060203389737846,0.015060240963855423,8.0,0.8646816701021308,False,4.0,True,decay,0,109
117,8.0,0.42690067376192703,0.32149529977859315,0.014970059880239523,8.0,0.8646816701021308,False,2.0,True,decay,0,109
118,8.0,0.42690067376192703,0.32237367789512095,0.014880952380952382,8.0,0.8646816701021308,False,2.0,True,decay,0,109
119,6.0,0.45648647257849506,0.3234820480991158,0.014792899408284025,8.0,0.8646816701021308,False,4.0,True,decay,0,109
120,12.0,0.39766294316673034,0.3240900882226208,0.014705882352941178,8.0,0.8646816701021308,False,-2.0,True,decay,0,109
121,6.0,0.4269027092486017,0.3249259631903117,0.014619883040935673,8.0,0.8646816701021308,False,4.0,True,decay,0,109
122,14.0,0.3396934069230203,0.3250450554784787,0.014534883720930234,8.0,0.8646816701021308,False,-4.0,True,decay,0,109
123,6.0,0.36859514102706653,0.32539345616286736,0.014450867052023123,8.0,0.8646816701021308,False,4.0,True,decay,0,109
124,6.0,0.3973307732109746,0.32596438725055077,0.014367816091954025,8.0,0.8646816701021308,False,4.0,True,decay,0,109
125,6.0,0.4259022017824032,0.32675129917599843,0.014285714285714287,8.0,0.8646816701021308,False,4.0,True,decay,0,109
126,8.0,0.4259022017824032,0.327525915602611,0.014204545454545456,8.0,0.8646816701021308,False,2.0,True,decay,0,109
127,10.0,0.3976536142117817,0.32806954117322473,0.014124293785310734,8.0,0.8646816701021308,False,0.0,True,decay,0,109
128,8.0,0.3976536142117817,0.3286048032735214,0.01404494382022472,8.0,0.8646816701021308,False,2.0,True,decay,0,109
129,14.0,0.3138547315302174,0.32849220730601525,0.013966480446927375,8.0,0.8646816701021308,False,-4.0,True,decay,0,109
130,6.0,0.3416325093079952,0.32859175504845445,0.01388888888888889,8.0,0.8646816701021308,False,4.0,True,decay,0,109
131,6.0,0.3692568187002604,0.32889750740673873,0.013812154696132598,8.0,0.8646816701021308,False,4.0,True,decay,0,109
132,8.0,0.3692568187002604,0.32919869629698884,0.013736263736263736,8.0,0.8646816701021308,False,2.0,True,decay,0,109
133,12.0,0.314612009957091,0.32909064676854516,0.01366120218579235,8.0,0.8646816701021308,False,-2.0,True,decay,0,109
134,6.0,0.34178592300056926,0.32918399438789825,0.01358695652173913,8.0,0.8646816701021308,False,4.0,True,decay,0,109
135,6.0,0.3688129500275963,0.3294732568378231,0.013513513513513514,8.0,0.8646816701021308,False,4.0,True,decay,0,109
136,14.0,0.2881677887372737,0.3291739418515872,0.013440860215053764,8.0,0.8646816701021308,False,-4.0,True,decay,0,109
137,12.0,0.23469185290839673,0.32849421459300315,0.013368983957219251,8.0,0.8646816701021308,False,-2.0,True,decay,0,109
138,6.0,0.2612875975892478,0.3280141673286906,0.013297872340425532,8.0,0.8646816701021308,False,4.0,True,decay,0,109
139,4.0,0.3141976504993007,0.3279161778476311,0.013227513227513227,8.0,0.8646816701021308,False,6.0,True,decay,0,109
140,10.0,0.2878818610256165,0.32763424603902536,0.013157894736842105,8.0,0.8646816701021308,False,0.0,True,decay,0,109
141,6.0,0.31405987149682074,0.32753932034292604,0.013089005235602096,8.0,0.8646816701021308,False,4.0,True,decay,0,109
142,8.0,0.31405987149682074,0.32744571305927256,0.013020833333333334,8.0,0.8646816701021308,False,2.0,True,decay,0,109
143,12.0,0.26224639999423005,0.3269960626243412,0.01295336787564767,8.0,0.8646816701021308,False,-2.0,True,decay,0,109
144,8.0,0.26224639999423005,0.326552571784409,0.012886597938144331,8.0,0.8646816701021308,False,2.0,True,decay,0,109
145,4.0,0.3135284512762813,0.32646397232517005,0.012820512820512822,8.0,0.8646816701021308,False,6.0,True,decay,0,109
146,8.0,0.3135284512762813,0.3263765701559208,0.012755102040816327,8.0,0.8646816701021308,False,2.0,True,decay,0,109
147,8.0,0.3135284512762813,0.32629034117015143,0.01269035532994924,8.0,0.8646816701021308,False,2.0,True,decay,0,109
148,6.0,0.33878097652880657,0.3263736120725425,0.012626262626262628,8.0,0.8646816701021308,False,4.0,True,decay,0,109
149,16.0,0.2382784639659925,0.3257902004956779,0.01256281407035176,8.0,0.8646816701021308,False,-6.0,True,decay,0,109
150,8.0,0.2382784639659925,0.32521446538692994,0.0125,8.0,0.8646816701021308,False,2.0,True,decay,0,109
151,4.0,0.288029707747087,0.32497142775529697,0.012437810945273634,8.0,0.8646816701021308,False,6.0,True,decay,0,109
152,8.0,0.288029707747087,0.3247315464565424,0.012376237623762377,8.0,0.8646816701021308,False,2.0,True,decay,0,109
153,6.0,0.3126602496190082,0.32465366712210664,0.01231527093596059,8.0,0.8646816701021308,False,4.0,True,decay,0,109
154,6.0,0.33717005354057683,0.3247339003683789,0.012254901960784314,8.0,0.8646816701021308,False,4.0,True,decay,0,109
155,8.0,0.33717005354057683,0.3248131115350808,0.012195121951219514,8.0,0.8646816701021308,False,2.0,True,decay,0,109
156,8.0,0.33717005354057683,0.32489132002878646,0.012135922330097087,8.0,0.8646816701021308,False,2.0,True,decay,0,109
157,10.0,0.31301546416859616,0.3248166291114267,0.012077294685990338,8.0,0.8646816701021308,False,0.0,True,decay,0,109
158,8.0,0.31301546416859616,0.324742871830534,0.01201923076923077,8.0,0.8646816701021308,False,2.0,True,decay,0,109
159,6.0,0.3369389091446727,0.3248186236150939,0.01196172248803828,8.0,0.8646816701021308,False,4.0,True,decay,0,109
160,10.0,0.3131293853351489,0.3247464678232424,0.011904761904761904,8.0,0.8646816701021308,False,0.0,True,decay,0,109
161,14.0,0.24203933794178395,0.32423906211844816,0.011848341232227487,8.0,0.8646816701021308,False,-4.0,True,decay,0,109
162,8.0,0.24203933794178395,0.32373784428810265,0.01179245283018868,8.0,0.8646816701021308,False,2.0,True,decay,0,109
163,10.0,0.21856515953802808,0.32310043407749617,0.011737089201877935,8.0,0.8646816701021308,False,0.0,True,decay,0,109
164,4.0,0.2652941315006449,0.3227522033390814,0.011682242990654205,8.0,0.8646816701021308,False,6.0,True,decay,0,109
165,4.0,0.3118057594076216,0.3226866557706295,0.011627906976744184,8.0,0.8646816701021308,False,6.0,True,decay,0,109
166,12.0,0.26550946311132534,0.3223463153381337,0.011574074074074073,8.0,0.8646816701021308,False,-2.0,True,decay,0,109
167,4.0,0.3115924124200811,0.3222826827764884,0.01152073732718894,8.0,0.8646816701021308,False,6.0,True,decay,0,109
168,8.0,0.3115924124200811,0.32221979883321544,0.011467889908256883,8.0,0.8646816701021308,False,2.0,True,decay,0,109
169,14.0,0.24309926173514962,0.32175710563381155,0.011415525114155252,8.0,0.8646816701021308,False,-4.0,True,decay,0,109
170,6.0,0.2658265344624223,0.32143192789444297,0.011363636363636364,8.0,0.8646816701021308,False,4.0,True,decay,0,109
171,8.0,0.2658265344624223,0.32111050943529834,0.011312217194570137,8.0,0.8646816701021308,False,2.0,True,decay,0,109
172,6.0,0.28834905698494484,0.32092222522581354,0.011261261261261262,8.0,0.8646816701021308,False,4.0,True,decay,0,109
173,10.0,0.2659275323212677,0.32060796983778755,0.011210762331838566,8.0,0.8646816701021308,False,0.0,True,decay,0,109
174,4.0,0.31057038946412485,0.320550938131119,0.011160714285714286,8.0,0.8646816701021308,False,6.0,True,decay,0,109
175,6.0,0.33279261168634705,0.32062010012860614,0.011111111111111112,8.0,0.8646816701021308,False,4.0,True,decay,0,109
176,8.0,0.33279261168634705,0.32068848502499797,0.011061946902654869,8.0,0.8646816701021308,False,2.0,True,decay,0,109
177,6.0,0.35481904340440873,0.3208791585354975,0.011013215859030838,8.0,0.8646816701021308,False,4.0,True,decay,0,109
178,10.0,0.3328892188430052,0.3209458810927614,0.010964912280701754,8.0,0.8646816701021308,False,0.0,True,decay,0,109
179,12.0,0.28922109657226286,0.320770606040162,0.01091703056768559,8.0,0.8646816701021308,False,-2.0,True,decay,0,109
180,6.0,0.31096022700704545,0.32071670285866133,0.010869565217391306,8.0,0.8646816701021308,False,4.0,True,decay,0,109
181,22.0,0.15944507549189393,0.3198354371353457,0.010822510822510822,8.0,0.8646816701021308,False,-12.0,True,decay,0,109
182,4.0,0.202548523767756,0.3191980082583479,0.010775862068965516,8.0,0.8646816701021308,False,6.0,True,decay,0,109
183,6.0,0.22400775123556715,0.31868346632849504,0.01072961373390558,8.0,0.8646816701021308,False,4.0,True,decay,0,109
184,4.0,0.2667427939706099,0.3184042154018397,0.010683760683760686,8.0,0.8646816701021308,False,6.0,True,decay,0,109
185,6.0,0.28801938971529073,0.31824172970298115,0.010638297872340425,8.0,0.8646816701021308,False,4.0,True,decay,0,109
186,8.0,0.28801938971529073,0.31808097257538703,0.01059322033898305,8.0,0.8646816701021308,False,2.0,True,decay,0,109
187,16.0,0.2036312040612823,0.31747541824462455,0.010548523206751054,8.0,0.8646816701021308,False,-6.0,True,decay,0,109
188,8.0,0.2036312040612823,0.3168762381699754,0.01050420168067227,8.0,0.8646816701021308,False,2.0,True,decay,0,109
189,4.0,0.2454722082453827,0.31650239508136496,0.010460251046025104,8.0,0.8646816701021308,False,6.0,True,decay,0,109
190,6.0,0.26630554157871605,0.31624095313603867,0.010416666666666666,8.0,0.8646816701021308,False,4.0,True,decay,0,109
191,4.0,0.30779931751232603,0.3161972140913562,0.01037344398340249,8.0,0.8646816701021308,False,6.0,True,decay,0,109
192,10.0,0.28713816048753266,0.316047425155254,0.010330578512396695,8.0,0.8646816701021308,False,0.0,True,decay,0,109
193,22.0,0.14310523867683306,0.31516054214767236,0.010288065843621401,8.0,0.8646816701021308,False,-12.0,True,decay,0,109
194,4.0,0.1840888452342101,0.31449180900015467,0.010245901639344263,8.0,0.8646816701021308,False,6.0,True,decay,0,109
195,6.0,0.20449700849951621,0.3139334597590347,0.01020408163265306,8.0,0.8646816701021308,False,4.0,True,decay,0,109
196,6.0,0.22482221175154873,0.3134834029509161,0.010162601626016262,8.0,0.8646816701021308,False,4.0,True,decay,0,109
197,4.0,0.2653080417110629,0.3132413157085048,0.010121457489878544,8.0,0.8646816701021308,False,6.0,True,decay,0,109
198,4.0,0.30563062235622424,0.3132032622417434,0.010080645161290324,8.0,0.8646816701021308,False,6.0,True,decay,0,109
199,10.0,0.2855503010710837,0.31306568532049633,0.010040160642570281,8.0,0.8646816701021308,False,0.0,True,decay,0,109
200,14.0,0.2255503010710837,0.31263244084401404,0.01,8.0,0.8646816701021308,True,-40.0,True,decay,0,109
201,6.0,0.24547061979618331,0.3123015944349114,0.0099601593625498,8.0,0.8646816701021308,True,40.0,True,decay,0,109
202,10.0,0.22562934995491346,0.31187673049138204,0.009920634920634922,8.0,0.8646816701021308,True,0.0,True,decay,0,109
203,14.0,0.16634081240550636,0.31116679918364604,0.009881422924901186,8.0,0.8646816701021308,True,-40.0,True,decay,0,109
204,10.0,0.14665577303542762,0.3103682019693343,0.00984251968503937,8.0,0.8646816701021308,True,0.0,True,decay,0,109
205,4.0,0.18587145930993743,0.30976676842991696,0.009803921568627453,8.0,0.8646816701021308,True,60.0,True,decay,0,109
206,4.0,0.22493395930993743,0.3093589183860709,0.009765625,8.0,0.8646816701021308,True,60.0,True,decay,0,109
207,4.0,0.26384446514651333,0.3091411458825324,0.00972762645914397,8.0,0.8646816701021308,True,60.0,True,decay,0,109
208,6.0,0.2832243101077536,0.30901773237884295,0.009689922480620155,8.0,0.8646816701021308,True,40.0,True,decay,0,109
209,4.0,0.32183434871779226,0.3090784746363735,0.009652509652509654,8.0,0.8646816701021308,True,-540.0,False,decay,0,109
210,8.0,0.32183434871779226,0.3091386438537387,0.009615384615384616,8.0,0.8646816701021308,True,20.0,True,decay,0,109
211,6.0,0.3409914368403976,0.309288187482784,0.009578544061302683,8.0,0.8646816701021308,True,-560.0,False,decay,0,109
212,6.0,0.36007540630604645,0.3095255109352292,0.009541984732824428,8.0,0.8646816701021308,True,40.0,True,decay,0,109
213,8.0,0.36007540630604645,0.3097606267276516,0.009505703422053233,8.0,0.8646816701021308,True,20.0,True,decay,0,109
214,4.0,0.39795419418483435,0.31016893028069414,0.00946969696969697,8.0,0.8646816701021308,True,60.0,True,decay,0,109
215,4.0,0.4356900432414381,0.310747368589269,0.009433962264150945,8.0,0.8646816701021308,True,-540.0,False,decay,0,109
216,4.0,0.47328402820384413,0.3114929495966753,0.009398496240601503,8.0,0.8646816701021308,True,60.0,True,decay,0,109
217,4.0,0.5107372117244434,0.31240274074794366,0.009363295880149813,8.0,0.8646816701021308,True,-540.0,False,decay,0,109
218,6.0,0.5293939281423539,0.3133890643270092,0.009328358208955223,8.0,0.8646816701021308,True,40.0,True,decay,0,109
219,6.0,0.5479812887371494,0.3144505676048831,0.00929368029739777,8.0,0.8646816701021308,True,40.0,True,decay,0,109
220,8.0,0.5479812887371494,0.3155025077901636,0.009259259259259259,8.0,0.8646816701021308,True,20.0,True,decay,0,109
221,4.0,0.5848816577408393,0.31671048604106344,0.00922509225092251,8.0,0.8646816701021308,True,60.0,True,decay,0,109
222,4.0,0.6216463636231923,0.3180718069231266,0.009191176470588236,8.0,0.8646816701021308,True,60.0,True,decay,0,109
223,6.0,0.6399613819382106,0.31950242725652694,0.009157509157509158,8.0,0.8646816701021308,True,40.0,True,decay,0,109
224,4.0,0.6764577323031741,0.32108187550894574,0.009124087591240875,8.0,0.8646816701021308,True,60.0,True,decay,0,109
225,4.0,0.7128213686668105,0.3228076001484077,0.009090909090909092,8.0,0.8646816701021308,True,60.0,True,decay,0,109
226,8.0,0.7128213686668105,0.3245181868524358,0.009057971014492754,8.0,0.8646816701021308,True,20.0,True,decay,0,109
227,4.0,0.7489224516993014,0.3263714805853915,0.009025270758122744,8.0,0.8646816701021308,True,60.0,True,decay,0,109
228,8.0,0.7489224516993014,0.32820865872066934,0.008992805755395683,8.0,0.8646816701021308,True,20.0,True,decay,0,109
229,4.0,0.7847647456061114,0.33018509199722973,0.008960573476702509,8.0,0.8646816701021308,True,60.0,True,decay,0,109
230,4.0,0.8204790313203971,0.33229842794258824,0.008928571428571428,8.0,0.8646816701021308,True,60.0,True,decay,0,109
231,8.0,0.8204790313203971,0.3343936236652398,0.008896797153024912,8.0,0.8646816701021308,True,20.0,True,decay,0,109
232,6.0,0.8382095277742978,0.33654668308450925,0.008865248226950355,8.0,0.8646816701021308,True,40.0,True,decay,0,109
233,6.0,0.855877372297266,0.33875660091094656,0.0088339222614841,8.0,0.8646816701021308,True,40.0,True,decay,0,109
234,6.0,0.8734830061000829,0.34102239076344293,0.008802816901408451,8.0,0.8646816701021308,True,40.0,True,decay,0,109
235,6.0,0.8910268657492058,0.3433430847507246,0.008771929824561403,8.0,0.8646816701021308,True,40.0,True,decay,0,109
236,10.0,0.8735443482666883,0.34557082115205223,0.008741258741258742,8.0,0.8646816701021308,True,0.0,True,decay,0,109
237,4.0,0.9083875538416012,0.34792570287878677,0.008710801393728223,8.0,0.8646816701021308,True,60.0,True,decay,0,109
238,8.0,0.9083875538416012,0.3502609605911318,0.008680555555555556,8.0,0.8646816701021308,True,20.0,True,decay,0,109
239,8.0,0.9083875538416012,0.35257683857142424,0.00865051903114187,8.0,0.8646816701021308,True,20.0,True,decay,0,109
240,4.0,0.9428703124622908,0.35501606780237827,0.008620689655172414,8.0,0.8646816701021308,True,60.0,True,decay,0,109
241,6.0,0.9600524430464833,0.3575059294288972,0.00859106529209622,8.0,0.8646816701021308,True,40.0,True,decay,0,109
242,6.0,0.9771757307177161,0.3600455597620481,0.00856164383561644,8.0,0.8646816701021308,True,40.0,True,decay,0,109
243,8.0,0.9771757307177161,0.36256445841901,0.008532423208191127,8.0,0.8646816701021308,True,20.0,True,decay,0,109
244,4.0,1.011189336159893,0.3652011449138916,0.008503401360544218,8.0,0.8646816701021308,True,60.0,True,decay,0,109
245,6.0,1.0281384887022658,0.36788510177133443,0.00847457627118644,8.0,0.8646816701021308,True,40.0,True,decay,0,109
246,10.0,1.0112465968103739,0.3704793013481048,0.008445945945945946,8.0,0.8646816701021308,True,0.0,True,decay,0,109
247,6.0,1.0280816136453907,0.37312027448986096,0.008417508417508417,8.0,0.8646816701021308,True,40.0,True,decay,0,109
248,6.0,1.0448601371353237,0.3758072339404428,0.008389261744966443,8.0,0.8646816701021308,True,40.0,True,decay,0,109
249,4.0,1.0783049531888353,0.3786060296346595,0.008361204013377926,8.0,0.8646816701021308,True,60.0,True,decay,0,109
250,4.0,1.1116382865221688,0.3815148877969115,0.008333333333333333,8.0,0.8646816701021308,True,60.0,True,decay,0,109
251,4.0,1.144860877884295,0.38453206562334385,0.008305647840531562,8.0,0.8646816701021308,True,60.0,True,decay,0,109
252,8.0,1.144860877884295,0.3875254861440563,0.008278145695364239,8.0,0.8646816701021308,True,-580.0,False,decay,0,109
253,4.0,1.177864178214328,0.39062485356393967,0.00825082508250825,8.0,0.8646816701021308,True,60.0,True,decay,0,109
254,14.0,1.12852207295117,0.39350726457717106,0.008223684210526315,8.0,0.8646816701021308,True,-40.0,True,decay,0,109
255,6.0,1.1449155155741209,0.3964310320907779,0.00819672131147541,8.0,0.8646816701021308,True,40.0,True,decay,0,109
256,6.0,1.1612553848551666,0.3993954675666089,0.008169934640522876,8.0,0.8646816701021308,True,40.0,True,decay,0,109
257,14.0,1.1123954500017463,0.40214836325168657,0.008143322475570033,8.0,0.8646816701021308,True,-40.0,True,decay,0,109
258,6.0,1.1286292162355125,0.40494252037854744,0.008116883116883118,8.0,0.8646816701021308,True,40.0,True,decay,0,109
259,4.0,1.1609916757824381,0.4078392604375662,0.008090614886731393,8.0,0.8646816701021308,True,60.0,True,decay,0,109
260,4.0,1.1932497402985671,0.4108370103606998,0.008064516129032258,8.0,0.8646816701021308,True,60.0,True,decay,0,109
261,4.0,1.2254040811345799,0.41393422355755866,0.008038585209003217,8.0,0.8646816701021308,True,60.0,True,decay,0,109
262,4.0,1.257455363185862,0.4171293793894841,0.008012820512820514,8.0,0.8646816701021308,True,-540.0,False,decay,0,109
263,4.0,1.2894042449749994,0.42042098265584454,0.007987220447284346,8.0,0.8646816701021308,True,60.0,True,decay,0,109
264,4.0,1.3212513787329612,0.42380756309222467,0.007961783439490446,8.0,0.8646816701021308,True,60.0,True,decay,0,109
265,6.0,1.337124394605977,0.4272282253825384,0.007936507936507938,8.0,0.8646816701021308,True,40.0,True,decay,0,109
266,6.0,1.3529471794161037,0.4306824005841562,0.007911392405063292,8.0,0.8646816701021308,True,40.0,True,decay,0,109
267,4.0,1.3844929207410248,0.4342281645996092,0.007886435331230285,8.0,0.8646816701021308,True,60.0,True,decay,0,109
268,4.0,1.415939461621528,0.4378641323663571,0.007861635220125786,8.0,0.8646816701021308,True,60.0,True,decay,0,109
269,6.0,1.4316134428127505,0.4415311039916205,0.007836990595611286,8.0,0.8646816701021308,True,40.0,True,decay,0,109
270,6.0,1.4472384428127505,0.44522855744316875,0.0078125,8.0,0.8646816701021308,True,40.0,True,decay,0,109
271,8.0,1.4472384428127505,0.4488989233236434,0.007788161993769471,8.0,0.8646816701021308,True,20.0,True,decay,0,109
272,6.0,1.4627663931233095,0.45259916956378815,0.007763975155279503,8.0,0.8646816701021308,True,-560.0,False,decay,0,109
273,4.0,1.4937261454452908,0.4563850858397209,0.007739938080495357,8.0,0.8646816701021308,True,60.0,True,decay,0,109
274,6.0,1.509158244210723,0.46019948134106514,0.007716049382716049,8.0,0.8646816701021308,True,40.0,True,decay,0,109
275,4.0,1.5399274749799536,0.46409741633615137,0.007692307692307693,8.0,0.8646816701021308,True,60.0,True,decay,0,109
276,8.0,1.5399274749799536,0.4679673086334312,0.007668711656441718,8.0,0.8646816701021308,True,20.0,True,decay,0,109
277,4.0,1.5705085147353053,0.47191906922877846,0.007645259938837921,8.0,0.8646816701021308,True,60.0,True,decay,0,109
278,6.0,1.5857524171743296,0.4758970454714411,0.007621951219512195,8.0,0.8646816701021308,True,40.0,True,decay,0,109
279,6.0,1.6009499855633873,0.479900792589206,0.007598784194528876,8.0,0.8646816701021308,True,40.0,True,decay,0,109
280,6.0,1.6161015007149024,0.48392987311447444,0.007575757575757576,8.0,0.8646816701021308,True,40.0,True,decay,0,109
281,4.0,1.6463129810774402,0.4880372339199973,0.0075528700906344415,8.0,0.8646816701021308,True,60.0,True,decay,0,109
282,8.0,1.6463129810774402,0.49211566964942494,0.007530120481927712,8.0,0.8646816701021308,True,20.0,True,decay,0,109
283,4.0,1.6763430111074702,0.49627085330366366,0.0075075075075075074,8.0,0.8646816701021308,True,60.0,True,decay,0,109
284,8.0,1.6763430111074702,0.5003969797295511,0.007485029940119761,8.0,0.8646816701021308,True,20.0,True,decay,0,109
285,6.0,1.6912683842417986,0.5045463574456216,0.007462686567164179,8.0,0.8646816701021308,True,40.0,True,decay,0,109
286,4.0,1.7210302890037033,0.5087702599857538,0.007440476190476191,8.0,0.8646816701021308,True,60.0,True,decay,0,109
287,10.0,1.7061934937514778,0.5129135929745625,0.00741839762611276,8.0,0.8646816701021308,True,0.0,True,decay,0,109
288,8.0,1.7061934937514778,0.5170283512531035,0.007396449704142012,8.0,0.8646816701021308,True,20.0,True,decay,0,109
289,6.0,1.720942756288351,0.5211655141570047,0.007374631268436578,8.0,0.8646816701021308,True,40.0,True,decay,0,109
290,4.0,1.7503545209942333,0.5253750655502828,0.007352941176470589,8.0,0.8646816701021308,True,60.0,True,decay,0,109
291,4.0,1.7796800341907142,0.5296559698801137,0.007331378299120235,8.0,0.8646816701021308,True,60.0,True,decay,0,109
292,6.0,1.7942999172316498,0.5339574799051189,0.007309941520467837,8.0,0.8646816701021308,True,40.0,True,decay,0,109
293,4.0,1.8234544361820872,0.5383286560280917,0.007288629737609329,8.0,0.8646816701021308,True,-540.0,False,decay,0,109
294,4.0,1.8525242036239478,0.5427685058510506,0.007267441860465117,8.0,0.8646816701021308,True,60.0,True,decay,0,109
295,4.0,1.8815097108703245,0.5472760519958967,0.007246376811594203,8.0,0.8646816701021308,True,60.0,True,decay,0,109
296,6.0,1.8959605779223476,0.5518018389956498,0.007225433526011561,8.0,0.8646816701021308,True,40.0,True,decay,0,109
297,6.0,1.910369799824365,0.556345544550261,0.007204610951008645,8.0,0.8646816701021308,True,40.0,True,decay,0,109
298,14.0,1.8672663515485028,0.5607152805735883,0.007183908045977012,8.0,0.8646816701021308,True,-40.0,True,decay,0,109
299,6.0,1.8815929991129727,0.5651035786418255,0.007163323782234957,8.0,0.8646816701021308,True,40.0,True,decay,0,109
300,12.0,1.8530215705415443,0.5693682077540763,0.0071428571428571435,8.0,0.8646816701021308,True,-620.0,False,decay,0,109
301,6.0,1.8672665847865586,0.5736517007475829,0.007122507122507123,8.0,0.8646816701021308,True,40.0,True,decay,0,109
302,4.0,1.8956756756956494,0.5780004638230699,0.007102272727272728,8.0,0.8646816701021308,True,60.0,True,decay,0,109
303,4.0,1.9240042875936665,0.582413591114121,0.007082152974504249,8.0,0.8646816701021308,True,60.0,True,decay,0,109
304,6.0,1.9381285813789773,0.5868440322587775,0.007062146892655367,8.0,0.8646816701021308,True,-560.0,False,decay,0,109
305,6.0,1.9522130884212308,0.5912914884677757,0.007042253521126761,8.0,0.8646816701021308,True,40.0,True,decay,0,109
306,6.0,1.9662580322414556,0.5957556655579499,0.00702247191011236,8.0,0.8646816701021308,True,40.0,True,decay,0,109
307,4.0,1.9942692367232482,0.6002815994452163,0.007002801120448179,8.0,0.8646816701021308,True,60.0,True,decay,0,109
308,4.0,2.0222021976171027,0.6048684400844805,0.006983240223463688,8.0,0.8646816701021308,True,60.0,True,decay,0,109
309,4.0,2.0500573508204454,0.6095153497653035,0.006963788300835655,8.0,0.8646816701021308,True,60.0,True,decay,0,109
310,4.0,2.077835128598223,0.6142215029025885,0.006944444444444445,8.0,0.8646816701021308,True,60.0,True,decay,0,109
311,10.0,2.0639847130857576,0.6188533342450268,0.006925207756232688,8.0,0.8646816701021308,True,0.0,True,decay,0,109
312,8.0,2.0639847130857576,0.6234556634770035,0.006906077348066299,8.0,0.8646816701021308,True,20.0,True,decay,0,109
313,6.0,2.077758817768953,0.6280724988874542,0.006887052341597796,8.0,0.8646816701021308,True,40.0,True,decay,0,109
314,4.0,2.1052313452414806,0.6327470521987012,0.006868131868131868,8.0,0.8646816701021308,True,60.0,True,decay,0,109
315,4.0,2.1326286055154533,0.6374785397485964,0.006849315068493151,8.0,0.8646816701021308,True,60.0,True,decay,0,109
316,6.0,2.1462898077012458,0.6422232292704599,0.006830601092896175,8.0,0.8646816701021308,True,40.0,True,decay,0,109
317,4.0,2.1735377641045157,0.6470235883138269,0.0068119891008174395,8.0,0.8646816701021308,True,60.0,True,decay,0,109
318,6.0,2.187124720626255,0.6518364043523033,0.006793478260869565,8.0,0.8646816701021308,True,40.0,True,decay,0,109
319,4.0,2.214224991628965,0.6567036585182741,0.006775067750677507,8.0,0.8646816701021308,True,-540.0,False,decay,0,109
320,10.0,2.2007114781154513,0.661498713858638,0.006756756756756757,8.0,0.8646816701021308,True,0.0,True,decay,0,109
321,6.0,2.2141885670642383,0.6663058031874479,0.006738544474393531,8.0,0.8646816701021308,True,40.0,True,decay,0,109
322,4.0,2.241070287494346,0.6711661873982717,0.006720430107526882,8.0,0.8646816701021308,True,60.0,True,decay,0,109
323,6.0,2.254475113231611,0.6760379071700666,0.006702412868632708,8.0,0.8646816701021308,True,40.0,True,decay,0,109
324,8.0,2.254475113231611,0.6808797390905009,0.0066844919786096255,8.0,0.8646816701021308,True,20.0,True,decay,0,109
325,8.0,2.254475113231611,0.6856919573600456,0.006666666666666667,8.0,0.8646816701021308,True,20.0,True,decay,0,109
326,4.0,2.281070857912462,0.6905559174227054,0.006648936170212766,8.0,0.8646816701021308,True,60.0,True,decay,0,109
327,10.0,2.267808258442966,0.6953499974865968,0.006631299734748011,8.0,0.8646816701021308,True,0.0,True,decay,0,109
328,10.0,2.254580745215453,0.7000749391463812,0.006613756613756613,8.0,0.8646816701021308,True,0.0,True,decay,0,109
329,4.0,2.2809659694898596,0.7048510449782346,0.006596306068601583,8.0,0.8646816701021308,True,60.0,True,decay,0,109
330,6.0,2.2941238642267017,0.7096380113012721,0.006578947368421052,8.0,0.8646816701021308,True,-560.0,False,decay,0,109
331,4.0,2.3203705833868065,0.7144750460522797,0.006561679790026247,8.0,0.8646816701021308,True,60.0,True,decay,0,109
332,4.0,2.3465485938580106,0.7193614938002011,0.006544502617801047,8.0,0.8646816701021308,True,60.0,True,decay,0,109
333,4.0,2.372658254432423,0.7242967080110436,0.006527415143603134,8.0,0.8646816701021308,True,60.0,True,decay,0,109
334,6.0,2.3856790877657565,0.7292412984269803,0.006510416666666667,8.0,0.8646816701021308,True,-560.0,False,decay,0,109
335,6.0,2.3986661007527696,0.7341950812231992,0.006493506493506494,8.0,0.8646816701021308,True,40.0,True,decay,0,109
336,10.0,2.385712732877122,0.7390812281215836,0.006476683937823835,8.0,0.8646816701021308,True,0.0,True,decay,0,109
337,10.0,2.372792836236295,0.7439004364051078,0.006459948320413437,8.0,0.8646816701021308,True,0.0,True,decay,0,109
338,4.0,2.3985660321125835,0.7487670999218946,0.0064432989690721655,8.0,0.8646816701021308,True,-540.0,False,decay,0,109
339,4.0,2.4242729729866195,0.7536806068810287,0.006426735218508998,8.0,0.8646816701021308,True,-540.0,False,decay,0,109
340,4.0,2.449913998627645,0.7586403536405217,0.006410256410256411,8.0,0.8646816701021308,True,60.0,True,decay,0,109
341,4.0,2.4754894461979777,0.7636457445809225,0.00639386189258312,8.0,0.8646816701021308,True,60.0,True,decay,0,109
342,10.0,2.462734344157161,0.7685849556262023,0.006377551020408163,8.0,0.8646816701021308,True,0.0,True,decay,0,109
343,4.0,2.4881796367780264,0.7735692880353379,0.0063613231552162855,8.0,0.8646816701021308,True,60.0,True,decay,0,109
344,10.0,2.4754892814480773,0.7784881319469353,0.00634517766497462,8.0,0.8646816701021308,True,0.0,True,decay,0,109
345,8.0,2.4754892814480773,0.7833786251731634,0.006329113924050633,8.0,0.8646816701021308,True,-580.0,False,decay,0,109
346,6.0,2.48811554407434,0.7882772944803507,0.006313131313131314,8.0,0.8646816701021308,True,-560.0,False,decay,0,109
347,14.0,2.4503321687594783,0.793039629363672,0.006297229219143577,8.0,0.8646816701021308,True,-640.0,False,decay,0,109
348,10.0,2.4377693546891264,0.7977388571503161,0.00628140703517588,8.0,0.8646816701021308,True,0.0,True,decay,0,109
349,8.0,2.4377693546891264,0.8024113087102557,0.006265664160401002,8.0,0.8646816701021308,True,20.0,True,decay,0,109
350,4.0,2.4627693546891263,0.8071282349772411,0.00625,8.0,0.8646816701021308,True,60.0,True,decay,0,109
351,6.0,2.475238182619301,0.8118537589082384,0.006234413965087282,8.0,0.8646816701021308,True,-560.0,False,decay,0,109
352,4.0,2.5001138045098483,0.8166228550822543,0.006218905472636817,8.0,0.8646816701021308,True,60.0,True,decay,0,109
353,4.0,2.524927700291486,0.8214349814067873,0.006203473945409429,8.0,0.8646816701021308,True,60.0,True,decay,0,109
354,4.0,2.549680175539011,0.8262896027386195,0.006188118811881188,8.0,0.8646816701021308,True,60.0,True,decay,0,109
355,4.0,2.5743715335637023,0.8311861907801463,0.006172839506172839,8.0,0.8646816701021308,True,60.0,True,decay,0,109
356,6.0,2.5866868044996627,0.8360898237793628,0.006157635467980295,8.0,0.8646816701021308,True,40.0,True,decay,0,109
357,8.0,2.5866868044996627,0.8409661384888901,0.006142506142506142,8.0,0.8646816701021308,True,20.0,True,decay,0,109
358,4.0,2.6111966084212312,0.8458834453498132,0.006127450980392157,8.0,0.8646816701021308,True,60.0,True,decay,0,109
359,8.0,2.6111966084212312,0.8507735095134459,0.006112469437652812,8.0,0.8646816701021308,True,-580.0,False,decay,0,109
360,6.0,2.6233917303724508,0.8556702449301835,0.006097560975609757,8.0,0.8646816701021308,True,40.0,True,decay,0,109
361,4.0,2.64772263061576,0.8606070283618242,0.006082725060827252,8.0,0.8646816701021308,True,60.0,True,decay,0,109
362,4.0,2.6719944752759544,0.8655833675016982,0.006067961165048544,8.0,0.8646816701021308,True,60.0,True,decay,0,109
363,4.0,2.696207550336487,0.8705987762217936,0.006053268765133173,8.0,0.8646816701021308,True,-540.0,False,decay,0,109
364,10.0,2.6841302556504965,0.8755537802639485,0.006038647342995169,8.0,0.8646816701021308,True,0.0,True,decay,0,109
365,6.0,2.696178448421581,0.8805146104224161,0.006024096385542168,8.0,0.8646816701021308,True,40.0,True,decay,0,109
366,4.0,2.7202169099600426,0.8855138014537682,0.006009615384615385,8.0,0.8646816701021308,True,60.0,True,decay,0,109
367,12.0,2.696236094612321,0.8904209079392928,0.005995203836930456,8.0,0.8646816701021308,True,-620.0,False,decay,0,109
368,4.0,2.7201595395883973,0.8953661474842903,0.00598086124401914,8.0,0.8646816701021308,True,60.0,True,decay,0,109
369,8.0,2.7201595395883973,0.9002847280559996,0.005966587112171838,8.0,0.8646816701021308,True,20.0,True,decay,0,109
370,6.0,2.732064301493159,0.9052088666942715,0.005952380952380952,8.0,0.8646816701021308,True,40.0,True,decay,0,109
371,6.0,2.743940786053729,0.9101384428855837,0.005938242280285036,8.0,0.8646816701021308,True,40.0,True,decay,0,109
372,10.0,2.7320924448215016,0.9150099776501182,0.005924170616113744,8.0,0.8646816701021308,True,0.0,True,decay,0,109
373,10.0,2.7202721138522343,0.9198240100133238,0.00591016548463357,8.0,0.8646816701021308,True,0.0,True,decay,0,109
374,18.0,2.661309849701291,0.9244556212890896,0.00589622641509434,8.0,0.8646816701021308,True,-80.0,True,decay,0,109
375,12.0,2.637780437936585,0.9290002494499584,0.0058823529411764705,8.0,0.8646816701021308,True,-20.0,True,decay,0,109
376,4.0,2.661254616340341,0.9335829329602504,0.005868544600938968,8.0,0.8646816701021308,True,60.0,True,decay,0,109
377,10.0,2.649545014466805,0.9381105373969432,0.005854800936768151,8.0,0.8646816701021308,True,0.0,True,decay,0,109
378,4.0,2.6729095004481134,0.9426757978260252,0.005841121495327103,8.0,0.8646816701021308,True,60.0,True,decay,0,109
379,6.0,2.684564512103125,0.9472476842152039,0.005827505827505828,8.0,0.8646816701021308,True,40.0,True,decay,0,109
380,10.0,2.672936605126381,0.9517651944793692,0.005813953488372092,8.0,0.8646816701021308,True,-600.0,False,decay,0,109
381,4.0,2.696138461274873,0.9563196938704802,0.00580046403712297,8.0,0.8646816701021308,True,60.0,True,decay,0,109
382,4.0,2.7192866094230213,0.9609107535463983,0.005787037037037037,8.0,0.8646816701021308,True,-540.0,False,decay,0,109
383,6.0,2.730833953533876,0.965507956663249,0.005773672055427252,8.0,0.8646816701021308,True,40.0,True,decay,0,109
384,14.0,2.696271741552309,0.9699918006655522,0.00576036866359447,8.0,0.8646816701021308,True,-40.0,True,decay,0,109
385,4.0,2.719260247299436,0.9745118741710661,0.00574712643678161,8.0,0.8646816701021308,True,60.0,True,decay,0,109
386,6.0,2.730728137207693,0.9790382047459028,0.0057339449541284416,8.0,0.8646816701021308,True,40.0,True,decay,0,109
387,10.0,2.7192864896104387,0.9835118507224182,0.005720823798627002,8.0,0.8646816701021308,True,0.0,True,decay,0,109
388,10.0,2.7078709644962835,0.9879332843474795,0.005707762557077626,8.0,0.8646816701021308,True,0.0,True,decay,0,109
389,4.0,2.730650007776466,0.9923903603664795,0.005694760820045558,8.0,0.8646816701021308,True,60.0,True,decay,0,109
390,8.0,2.730650007776466,0.9968246962017091,0.005681818181818182,8.0,0.8646816701021308,True,20.0,True,decay,0,109
391,10.0,2.7193121392957402,1.0012076159042385,0.005668934240362812,8.0,0.8646816701021308,True,0.0,True,decay,0,109
392,22.0,2.640126618933749,1.0053673088053285,0.005656108597285069,8.0,0.8646816701021308,True,-120.0,True,decay,0,109
393,12.0,2.6175532555025978,1.0094487922146886,0.005643340857787811,8.0,0.8646816701021308,True,-20.0,True,decay,0,109
394,6.0,2.628814516763859,1.013538099599914,0.005630630630630631,8.0,0.8646816701021308,True,-560.0,False,decay,0,109
395,4.0,2.6512864268762186,1.017663410247965,0.0056179775280898875,8.0,0.8646816701021308,True,60.0,True,decay,0,109
396,12.0,2.6288649022125417,1.02171165520265,0.005605381165919283,8.0,0.8646816701021308,True,-20.0,True,decay,0,109
397,4.0,2.6512362668657854,1.0257956767857654,0.005592841163310961,8.0,0.8646816701021308,True,60.0,True,decay,0,109
398,4.0,2.6735576954372138,1.029915081832394,0.005580357142857143,8.0,0.8646816701021308,True,60.0,True,decay,0,109
399,10.0,2.6624218379761895,1.033986170999835,0.005567928730512249,8.0,0.8646816701021308,True,0.0,True,decay,0,109
0,8.0,1.0,1.0,0.05,8.0,0.8646816701021308,False,2.0,True,decay,0,110
1,8.0,1.0,1.0,0.049019607843137254,8.0,0.8646816701021308,False,2.0,True,decay,0,110
2,6.0,1.0961538461538463,1.0240384615384617,0.04807692307692308,8.0,0.8646816701021308,False,-56.0,False,decay,0,110
3,6.0,1.1904934687953557,1.0573294629898404,0.04716981132075472,8.0,0.8646816701021308,False,4.0,True,decay,0,110
4,8.0,1.1904934687953557,1.0795234639574263,0.046296296296296294,8.0,0.8646816701021308,False,2.0,True,decay,0,110
5,18.0,0.7359480142499011,1.0304412568563512,0.045454545454545456,8.0,0.8646816701021308,False,-8.0,True,decay,0,110
6,10.0,0.6466622999641868,0.9824688872448307,0.044642857142857144,8.0,0.8646816701021308,False,0.0,True,decay,0,110
7,10.0,0.5589430017185728,0.9354104555196909,0.043859649122807015,8.0,0.8646816701021308,False,0.0,True,decay,0,110
8,8.0,0.5589430017185728,0.8977637101395791,0.04310344827586207,8.0,0.8646816701021308,False,2.0,True,decay,0,110
9,12.0,0.389451476294844,0.8515535070627851,0.04237288135593221,8.0,0.8646816701021308,False,-2.0,True,decay,0,110
10,14.0,0.139451476294844,0.7922116711654567,0.04166666666666667,8.0,0.8646816701021308,False,-4.0,True,decay,0,110
11,10.0,0.057484263180089895,0.7356941782435054,0.04098360655737705,8.0,0.8646816701021308,False,0.0,True,decay,0,110
12,6.0,0.1381294244704125,0.6930109815454273,0.040322580645161296,8.0,0.8646816701021308,False,4.0,True,decay,0,110
13,8.0,0.1381294244704125,0.6560188777404262,0.03968253968253969,8.0,0.8646816701021308,False,2.0,True,decay,0,110
14,8.0,0.1381294244704125,0.6236507869110504,0.0390625,8.0,0.8646816701021308,False,2.0,True,decay,0,110
15,4.0,0.29197557831656634,0.6041404805231396,0.038461538461538464,8.0,0.8646816701021308,False,6.0,True,decay,0,110
16,10.0,0.2162180025589906,0.5825892317473536,0.03787878787878788,8.0,0.8646816701021308,False,0.0,True,decay,0,110
17,4.0,0.36547173390227417,0.5711619950186652,0.03731343283582089,8.0,0.8646816701021308,False,6.0,True,decay,0,110
18,12.0,0.21841291037286237,0.5535245407863749,0.03676470588235295,8.0,0.8646816701021308,False,-2.0,True,decay,0,110
19,4.0,0.36334044660474646,0.5444681553491546,0.03623188405797102,8.0,0.8646816701021308,False,6.0,True,decay,0,110
20,14.0,0.14905473231903216,0.5264948179386945,0.03571428571428572,8.0,0.8646816701021308,False,-4.0,True,decay,0,110
21,4.0,0.28989980274156735,0.516208078147515,0.035211267605633804,8.0,0.8646816701021308,False,6.0,True,decay,0,110
22,6.0,0.35934424718601177,0.5096720851907858,0.034722222222222224,8.0,0.8646816701021308,False,4.0,True,decay,0,110
23,10.0,0.29085109650108026,0.5009192456431976,0.03424657534246576,8.0,0.8646816701021308,False,0.0,True,decay,0,110
24,14.0,0.08814839379837755,0.485043443649166,0.033783783783783786,8.0,0.8646816701021308,False,-4.0,True,decay,0,110
25,4.0,0.22148172713171088,0.47528189859296394,0.03333333333333333,8.0,0.8646816701021308,False,6.0,True,decay,0,110
26,4.0,0.3530606745001319,0.4709168548753628,0.03289473684210526,8.0,0.8646816701021308,False,6.0,True,decay,0,110
27,6.0,0.41799573943519686,0.46909198882570186,0.03246753246753247,8.0,0.8646816701021308,False,4.0,True,decay,0,110
28,20.0,0.033380354819812164,0.45456826769217223,0.032051282051282055,8.0,0.8646816701021308,False,-10.0,True,decay,0,110
29,4.0,0.15996263330082483,0.44506486013116103,0.03164556962025317,8.0,0.8646816701021308,False,6.0,True,decay,0,110
30,10.0,0.09746263330082483,0.43420229054271303,0.03125,8.0,0.8646816701021308,False,-60.0,False,decay,0,110
31,4.0,0.2209194234242816,0.427739173357306,0.030864197530864196,8.0,0.8646816701021308,False,6.0,True,decay,0,110
32,8.0,0.2209194234242816,0.42165623953574644,0.03048780487804878,8.0,0.8646816701021308,False,2.0,True,decay,0,110
33,8.0,0.2209194234242816,0.4159209019325617,0.030120481927710843,8.0,0.8646816701021308,False,2.0,True,decay,0,110
34,6.0,0.28044323294809115,0.4121576333496597,0.02976190476190476,8.0,0.8646816701021308,False,4.0,True,decay,0,110
35,6.0,0.33926676235985587,0.4101876098093948,0.029411764705882353,8.0,0.8646816701021308,False,4.0,True,decay,0,110
36,8.0,0.33926676235985587,0.40832127171861743,0.029069767441860468,8.0,0.8646816701021308,False,2.0,True,decay,0,110
37,8.0,0.33926676235985587,0.406550643273521,0.02873563218390805,8.0,0.8646816701021308,False,2.0,True,decay,0,110
38,8.0,0.33926676235985587,0.40486854625067936,0.02840909090909091,8.0,0.8646816701021308,False,2.0,True,decay,0,110
39,10.0,0.28308698707895696,0.40189826431966175,0.02808988764044944,8.0,0.8646816701021308,False,0.0,True,decay,0,110
40,8.0,0.28308698707895696,0.3990694243853592,0.02777777777777778,8.0,0.8646816701021308,False,2.0,True,decay,0,110
41,10.0,0.22814193213390202,0.39509436642602297,0.027472527472527472,8.0,0.8646816701021308,False,0.0,True,decay,0,110
42,4.0,0.3368375843078151,0.39377034865060917,0.027173913043478264,8.0,0.8646816701021308,False,6.0,True,decay,0,110
43,6.0,0.39060102516803014,0.39369991923988523,0.02688172043010753,8.0,0.8646816701021308,False,4.0,True,decay,0,110
44,10.0,0.337409535806328,0.39247621525219917,0.026595744680851068,8.0,0.8646816701021308,False,0.0,True,decay,0,110
45,8.0,0.337409535806328,0.3913045837746274,0.026315789473684213,8.0,0.8646816701021308,False,2.0,True,decay,0,110
46,14.0,0.181159535806328,0.38692656194195446,0.026041666666666668,8.0,0.8646816701021308,False,-4.0,True,decay,0,110
47,4.0,0.28425231931148265,0.3848311692352102,0.025773195876288662,8.0,0.8646816701021308,False,6.0,True,decay,0,110
48,6.0,0.33527272747474796,0.38384000040000094,0.025510204081632654,8.0,0.8646816701021308,False,4.0,True,decay,0,110
49,6.0,0.38577777797979845,0.3838779960388205,0.025252525252525256,8.0,0.8646816701021308,False,4.0,True,decay,0,110
50,10.0,0.33577777797979846,0.3829529918453778,0.025,8.0,0.8646816701021308,False,0.0,True,decay,0,110
51,10.0,0.28627282748474897,0.3811288378008376,0.024752475247524754,8.0,0.8646816701021308,False,0.0,True,decay,0,110
52,22.0,0.0,0.37407089636008134,0.024509803921568627,8.0,0.8646816701021308,False,-12.0,True,decay,0,110
53,4.0,0.0970873786407767,0.3690348324015485,0.024271844660194174,8.0,0.8646816701021308,False,6.0,True,decay,0,110
54,6.0,0.14516430171769978,0.3650371443536226,0.02403846153846154,8.0,0.8646816701021308,False,4.0,True,decay,0,110
55,12.0,0.04992620647960455,0.3595088822856574,0.023809523809523808,8.0,0.8646816701021308,False,-2.0,True,decay,0,110
56,4.0,0.144265829121114,0.3557977951621308,0.02358490566037736,8.0,0.8646816701021308,False,6.0,True,decay,0,110
57,12.0,0.05080788519588035,0.35062847465422825,0.02336448598130841,8.0,0.8646816701021308,False,-2.0,True,decay,0,110
58,14.0,0.0,0.3447846667433244,0.023148148148148147,8.0,0.8646816701021308,False,-4.0,True,decay,0,110
59,4.0,0.09174311926605506,0.34063644465353315,0.022935779816513766,8.0,0.8646816701021308,False,6.0,True,decay,0,110
60,4.0,0.182652210175146,0.3380883118393656,0.022727272727272728,8.0,0.8646816701021308,False,6.0,True,decay,0,110
61,4.0,0.2727423002652361,0.33705107356041114,0.022522522522522525,8.0,0.8646816701021308,False,6.0,True,decay,0,110
62,6.0,0.31738515740809325,0.3367437936205312,0.022321428571428572,8.0,0.8646816701021308,False,4.0,True,decay,0,110
63,6.0,0.36163294501871274,0.33712670364204167,0.022123893805309738,8.0,0.8646816701021308,False,4.0,True,decay,0,110
64,8.0,0.36163294501871274,0.337498010329567,0.021929824561403508,8.0,0.8646816701021308,False,2.0,True,decay,0,110
65,6.0,0.405111205888278,0.33850716250208507,0.02173913043478261,8.0,0.8646816701021308,False,4.0,True,decay,0,110
66,6.0,0.44821465416414,0.34012050796770354,0.021551724137931032,8.0,0.8646816701021308,False,4.0,True,decay,0,110
67,10.0,0.4054796114290973,0.341067741351202,0.02136752136752137,8.0,0.8646816701021308,False,0.0,True,decay,0,110
68,14.0,0.27836096736130067,0.3401719302942034,0.0211864406779661,8.0,0.8646816701021308,False,-4.0,True,decay,0,110
69,8.0,0.27836096736130067,0.3393013533514865,0.02100840336134454,8.0,0.8646816701021308,False,2.0,True,decay,0,110
70,6.0,0.32002763402796736,0.3390336628053265,0.020833333333333332,8.0,0.8646816701021308,False,4.0,True,decay,0,110
71,14.0,0.19606069187920702,0.33707512895702346,0.02066115702479339,8.0,0.8646816701021308,False,-4.0,True,decay,0,110
72,4.0,0.27802790499396113,0.3362771934980632,0.020491803278688527,8.0,0.8646816701021308,False,6.0,True,decay,0,110
73,6.0,0.31867831149802617,0.3360425417380627,0.020325203252032523,8.0,0.8646816701021308,False,4.0,True,decay,0,110
74,6.0,0.3590008921431875,0.3363446252960248,0.020161290322580648,8.0,0.8646816701021308,False,4.0,True,decay,0,110
75,8.0,0.3590008921431875,0.33663886252780617,0.02,8.0,0.8646816701021308,False,2.0,True,decay,0,110
76,8.0,0.3590008921431875,0.3369255552151828,0.019841269841269844,8.0,0.8646816701021308,False,2.0,True,decay,0,110
77,6.0,0.39837097088334494,0.3377033452869317,0.01968503937007874,8.0,0.8646816701021308,False,4.0,True,decay,0,110
78,12.0,0.32024597088334494,0.33748512810688686,0.01953125,8.0,0.8646816701021308,False,-2.0,True,decay,0,110
79,18.0,0.12644752127094183,0.3348797255533567,0.01937984496124031,8.0,0.8646816701021308,False,-8.0,True,decay,0,110
80,4.0,0.20337059819401876,0.3332759557075111,0.019230769230769232,8.0,0.8646816701021308,False,6.0,True,decay,0,110
81,6.0,0.24153853712531648,0.33217068560411117,0.019083969465648856,8.0,0.8646816701021308,False,4.0,True,decay,0,110
82,4.0,0.3172961128828922,0.33199360735743,0.01893939393939394,8.0,0.8646816701021308,False,6.0,True,decay,0,110
83,22.0,0.05413821814605013,0.3287247204255314,0.018796992481203006,8.0,0.8646816701021308,False,-12.0,True,decay,0,110
84,6.0,0.09145165098187102,0.32596573124595396,0.01865671641791045,8.0,0.8646816701021308,False,-56.0,False,decay,0,110
85,6.0,0.12848868801890806,0.3236958801743787,0.018518518518518517,8.0,0.8646816701021308,False,4.0,True,decay,0,110
86,8.0,0.12848868801890806,0.3214776166271575,0.018382352941176475,8.0,0.8646816701021308,False,-58.0,False,decay,0,110
87,6.0,0.16498503838387157,0.31971927305139025,0.01824817518248175,8.0,0.8646816701021308,False,4.0,True,decay,0,110
88,4.0,0.23744880649981362,0.3188051567563727,0.01811594202898551,8.0,0.8646816701021308,False,6.0,True,decay,0,110
89,6.0,0.2734200295213963,0.3183064190944499,0.017985611510791366,8.0,0.8646816701021308,False,4.0,True,decay,0,110
90,12.0,0.20199145809282487,0.3170421260400844,0.01785714285714286,8.0,0.8646816701021308,False,-2.0,True,decay,0,110
91,4.0,0.2729134439084277,0.3165676240816795,0.017730496453900707,8.0,0.8646816701021308,False,6.0,True,decay,0,110
92,12.0,0.20249090869716008,0.3153540420031208,0.017605633802816902,8.0,0.8646816701021308,False,-2.0,True,decay,0,110
93,8.0,0.20249090869716008,0.3141660090209528,0.01748251748251748,8.0,0.8646816701021308,False,2.0,True,decay,0,110
94,6.0,0.2372131309193823,0.3133644165407281,0.017361111111111112,8.0,0.8646816701021308,False,4.0,True,decay,0,110
95,4.0,0.30617864816076157,0.3132903364543367,0.017241379310344827,8.0,0.8646816701021308,False,6.0,True,decay,0,110
96,6.0,0.34042522350322735,0.3135672230568764,0.01712328767123288,8.0,0.8646816701021308,False,4.0,True,decay,0,110
97,8.0,0.34042522350322735,0.3138385159906779,0.017006802721088437,8.0,0.8646816701021308,False,2.0,True,decay,0,110
98,6.0,0.3742090072870111,0.31444222090364127,0.016891891891891893,8.0,0.8646816701021308,False,4.0,True,decay,0,110
99,10.0,0.34065196030714534,0.31470172327397294,0.016778523489932886,8.0,0.8646816701021308,False,0.0,True,decay,0,110
100,10.0,0.307318626973812,0.31462933997691256,0.016666666666666666,8.0,0.8646816701021308,False,0.0,True,decay,0,110
101,8.0,0.307318626973812,0.31455836218076594,0.016556291390728478,8.0,0.8646816701021308,False,2.0,True,decay,0,110
102,20.0,0.10995020592118043,0.3125909760628853,0.01644736842105263,8.0,0.8646816701021308,False,-10.0,True,decay,0,110
103,10.0,0.07727046735908893,0.31034982836094444,0.016339869281045753,8.0,0.8646816701021308,False,0.0,True,decay,0,110
104,4.0,0.1422055322941539,0.3087635614169181,0.016233766233766236,8.0,0.8646816701021308,False,6.0,True,decay,0,110
105,6.0,0.17446359681028292,0.30750842156078134,0.016129032258064516,8.0,0.8646816701021308,False,4.0,True,decay,0,110
106,6.0,0.20651487886156497,0.3065732961654182,0.016025641025641028,8.0,0.8646816701021308,False,4.0,True,decay,0,110
107,8.0,0.20651487886156497,0.3056553290341901,0.01592356687898089,8.0,0.8646816701021308,False,2.0,True,decay,0,110
108,4.0,0.2698060181020713,0.30532942620753456,0.015822784810126583,8.0,0.8646816701021308,False,6.0,True,decay,0,110
109,4.0,0.33269909986307755,0.30557599984407097,0.015723270440251572,8.0,0.8646816701021308,False,6.0,True,decay,0,110
110,6.0,0.36394909986307755,0.3060971882370978,0.015625,8.0,0.8646816701021308,False,4.0,True,decay,0,110
111,12.0,0.3018372986208415,0.3060594900989008,0.015527950310559006,8.0,0.8646816701021308,False,-2.0,True,decay,0,110
112,8.0,0.3018372986208415,0.3060224533315494,0.015432098765432098,8.0,0.8646816701021308,False,2.0,True,decay,0,110
113,6.0,0.3325121452466084,0.3062527984786369,0.015337423312883436,8.0,0.8646816701021308,False,4.0,True,decay,0,110
114,10.0,0.30202434036855963,0.30621634625355004,0.01524390243902439,8.0,0.8646816701021308,False,0.0,True,decay,0,110
115,16.0,0.18081221915643841,0.3051445161074209,0.015151515151515152,8.0,0.8646816701021308,False,-6.0,True,decay,0,110
116,8.0,0.18081221915643841,0.304090852573938,0.015060240963855423,8.0,0.8646816701021308,False,2.0,True,decay,0,110
117,4.0,0.2406924586773965,0.30355809296136194,0.014970059880239523,8.0,0.8646816701021308,False,6.0,True,decay,0,110
118,4.0,0.300216268201206,0.30353024442169396,0.014880952380952382,8.0,0.8646816701021308,False,6.0,True,decay,0,110
119,10.0,0.270630469384638,0.3032583454544455,0.014792899408284025,8.0,0.8646816701021308,False,0.0,True,decay,0,110
120,8.0,0.270630469384638,0.302990903847316,0.014705882352941178,8.0,0.8646816701021308,False,2.0,True,decay,0,110
121,6.0,0.2998702354665093,0.3029655325596671,0.014619883040935673,8.0,0.8646816701021308,False,-56.0,False,decay,0,110
122,8.0,0.2998702354665093,0.30294057048633516,0.014534883720930234,8.0,0.8646816701021308,False,2.0,True,decay,0,110
123,6.0,0.32877196957055554,0.3031472216790089,0.014450867052023123,8.0,0.8646816701021308,False,4.0,True,decay,0,110
124,10.0,0.3000363373866475,0.30312253212113305,0.014367816091954025,8.0,0.8646816701021308,False,0.0,True,decay,0,110
125,10.0,0.2714649088152189,0.30287325949667704,0.014285714285714287,8.0,0.8646816701021308,False,0.0,True,decay,0,110
126,6.0,0.29987399972430984,0.3028498277797054,0.014204545454545456,8.0,0.8646816701021308,False,4.0,True,decay,0,110
127,6.0,0.3281225872949313,0.3030457406441645,0.014124293785310734,8.0,0.8646816701021308,False,4.0,True,decay,0,110
128,6.0,0.3562124749353808,0.30345471552332776,0.01404494382022472,8.0,0.8646816701021308,False,4.0,True,decay,0,110
129,10.0,0.328279514041526,0.3036442178020926,0.013966480446927375,8.0,0.8646816701021308,False,0.0,True,decay,0,110
130,8.0,0.328279514041526,0.3038308488342095,0.01388888888888889,8.0,0.8646816701021308,False,2.0,True,decay,0,110
131,8.0,0.328279514041526,0.3040146733846405,0.013812154696132598,8.0,0.8646816701021308,False,2.0,True,decay,0,110
132,16.0,0.2183894041514161,0.3033756788381239,0.013736263736263736,8.0,0.8646816701021308,False,-6.0,True,decay,0,110
133,4.0,0.2730342128945855,0.30315092723854214,0.01366120218579235,8.0,0.8646816701021308,False,6.0,True,decay,0,110
134,12.0,0.218686386807629,0.30252986444125596,0.01358695652173913,8.0,0.8646816701021308,False,-2.0,True,decay,0,110
135,4.0,0.27274044086168303,0.3023124233932299,0.013513513513513514,8.0,0.8646816701021308,False,6.0,True,decay,0,110
136,8.0,0.27274044086168303,0.3020981336647404,0.013440860215053764,8.0,0.8646816701021308,False,2.0,True,decay,0,110
137,10.0,0.24600247294724453,0.301694567760298,0.013368983957219251,8.0,0.8646816701021308,False,0.0,True,decay,0,110
138,8.0,0.24600247294724453,0.3012967670830619,0.013297872340425532,8.0,0.8646816701021308,False,2.0,True,decay,0,110
139,4.0,0.29891252585729744,0.30127985757082243,0.013227513227513227,8.0,0.8646816701021308,False,6.0,True,decay,0,110
140,8.0,0.29891252585729744,0.30126318622072723,0.013157894736842105,8.0,0.8646816701021308,False,2.0,True,decay,0,110
141,14.0,0.22037849444368485,0.30069755900550316,0.013089005235602096,8.0,0.8646816701021308,False,-4.0,True,decay,0,110
142,4.0,0.27246182777701816,0.30050147753863865,0.013020833333333334,8.0,0.8646816701021308,False,6.0,True,decay,0,110
143,6.0,0.2983685635283135,0.3004867677868433,0.01295336787564767,8.0,0.8646816701021308,False,4.0,True,decay,0,110
144,8.0,0.2983685635283135,0.3004722595384972,0.012886597938144331,8.0,0.8646816701021308,False,2.0,True,decay,0,110
145,8.0,0.2983685635283135,0.30045794868128506,0.012820512820512822,8.0,0.8646816701021308,False,2.0,True,decay,0,110
146,6.0,0.32387876760994616,0.3006161974578301,0.012755102040816327,8.0,0.8646816701021308,False,4.0,True,decay,0,110
147,12.0,0.2731173462901492,0.30043164140972484,0.01269035532994924,8.0,0.8646816701021308,False,-2.0,True,decay,0,110
148,6.0,0.29836987154267447,0.30041789627727783,0.012626262626262628,8.0,0.8646816701021308,False,4.0,True,decay,0,110
149,10.0,0.27324424340197095,0.3002379383112162,0.01256281407035176,8.0,0.8646816701021308,False,0.0,True,decay,0,110
150,10.0,0.24824424340197096,0.2998958745289185,0.0125,8.0,0.8646816701021308,False,0.0,True,decay,0,110
151,6.0,0.27311986529251825,0.2997208679326022,0.012437810945273634,8.0,0.8646816701021308,False,4.0,True,decay,0,110
152,10.0,0.2483673900449935,0.29938740379047485,0.012376237623762377,8.0,0.8646816701021308,False,0.0,True,decay,0,110
153,4.0,0.29762847378883583,0.2993760558549804,0.01231527093596059,8.0,0.8646816701021308,False,6.0,True,decay,0,110
154,10.0,0.2731186698672672,0.2992077392781361,0.012254901960784314,8.0,0.8646816701021308,False,0.0,True,decay,0,110
155,6.0,0.29750891376970623,0.2991969187334964,0.012195121951219514,8.0,0.8646816701021308,False,4.0,True,decay,0,110
156,14.0,0.2246933797891237,0.2987253773477725,0.012135922330097087,8.0,0.8646816701021308,False,-4.0,True,decay,0,110
157,4.0,0.2730025585330851,0.29856359861308895,0.012077294685990338,8.0,0.8646816701021308,False,6.0,True,decay,0,110
158,6.0,0.29704102007154665,0.2985540824972043,0.01201923076923077,8.0,0.8646816701021308,False,4.0,True,decay,0,110
159,8.0,0.29704102007154665,0.29854468459393935,0.01196172248803828,8.0,0.8646816701021308,False,2.0,True,decay,0,110
160,6.0,0.3208505438810705,0.2986823750833661,0.011904761904761904,8.0,0.8646816701021308,False,4.0,True,decay,0,110
161,10.0,0.2971538614166155,0.2986729976989075,0.011848341232227487,8.0,0.8646816701021308,False,0.0,True,decay,0,110
162,10.0,0.27356895575623813,0.29851992427242785,0.01179245283018868,8.0,0.8646816701021308,False,0.0,True,decay,0,110
163,14.0,0.2031464205449705,0.29794190303771595,0.011737089201877935,8.0,0.8646816701021308,False,-4.0,True,decay,0,110
164,8.0,0.2031464205449705,0.29737084591426566,0.011682242990654205,8.0,0.8646816701021308,False,2.0,True,decay,0,110
165,4.0,0.24965804845194725,0.2970851405402398,0.011627906976744184,8.0,0.8646816701021308,False,6.0,True,decay,0,110
166,4.0,0.29595434474824356,0.2970784096129065,0.011574074074074073,8.0,0.8646816701021308,False,6.0,True,decay,0,110
167,8.0,0.29595434474824356,0.297071758341518,0.01152073732718894,8.0,0.8646816701021308,False,2.0,True,decay,0,110
168,20.0,0.15833966584916095,0.29625568720921003,0.011467889908256883,8.0,0.8646816701021308,False,-10.0,True,decay,0,110
169,6.0,0.18117071607747146,0.2955826756821238,0.011415525114155252,8.0,0.8646816701021308,False,4.0,True,decay,0,110
170,4.0,0.2266252615320169,0.2951817604835767,0.011363636363636364,8.0,0.8646816701021308,False,6.0,True,decay,0,110
171,4.0,0.27187413031029745,0.295047034297604,0.011312217194570137,8.0,0.8646816701021308,False,6.0,True,decay,0,110
172,10.0,0.24935160778777493,0.2947844169038693,0.011261261261261262,8.0,0.8646816701021308,False,0.0,True,decay,0,110
173,4.0,0.2941946571151292,0.29478104684793366,0.011210762331838566,8.0,0.8646816701021308,False,6.0,True,decay,0,110
174,8.0,0.2941946571151292,0.29477771508808814,0.011160714285714286,8.0,0.8646816701021308,False,2.0,True,decay,0,110
175,6.0,0.3164168793373514,0.29489997025333825,0.011111111111111112,8.0,0.8646816701021308,False,-56.0,False,decay,0,110
176,8.0,0.3164168793373514,0.29502085176504617,0.011061946902654869,8.0,0.8646816701021308,False,2.0,True,decay,0,110
177,8.0,0.3164168793373514,0.2951403826453384,0.011013215859030838,8.0,0.8646816701021308,False,2.0,True,decay,0,110
178,6.0,0.33834670389875493,0.29538041776341295,0.010964912280701754,8.0,0.8646816701021308,False,4.0,True,decay,0,110
179,8.0,0.33834670389875493,0.2956178005597408,0.01091703056768559,8.0,0.8646816701021308,False,2.0,True,decay,0,110
180,8.0,0.33834670389875493,0.29585257475391125,0.010869565217391306,8.0,0.8646816701021308,False,2.0,True,decay,0,110
181,6.0,0.35999172554377656,0.29620306191669743,0.010822510822510822,8.0,0.8646816701021308,False,4.0,True,decay,0,110
182,8.0,0.35999172554377656,0.2965497394364098,0.010775862068965516,8.0,0.8646816701021308,False,2.0,True,decay,0,110
183,6.0,0.3814509530115877,0.29700866491519456,0.01072961373390558,8.0,0.8646816701021308,False,4.0,True,decay,0,110
184,8.0,0.3814509530115877,0.2974626557114117,0.010683760683760686,8.0,0.8646816701021308,False,2.0,True,decay,0,110
185,8.0,0.3814509530115877,0.2979117909910918,0.010638297872340425,8.0,0.8646816701021308,False,2.0,True,decay,0,110
186,12.0,0.3390780716556555,0.29813076056909477,0.01059322033898305,8.0,0.8646816701021308,False,-2.0,True,decay,0,110
187,14.0,0.2757869324151492,0.298012539256111,0.010548523206751054,8.0,0.8646816701021308,False,-4.0,True,decay,0,110
188,18.0,0.17074491560842647,0.2973427096579652,0.01050420168067227,8.0,0.8646816701021308,False,-8.0,True,decay,0,110
189,4.0,0.2125859197925269,0.2968989568314446,0.010460251046025104,8.0,0.8646816701021308,False,6.0,True,decay,0,110
190,6.0,0.23341925312586023,0.29656833337464467,0.010416666666666666,8.0,0.8646816701021308,False,4.0,True,decay,0,110
191,6.0,0.2541661410926652,0.2963486328964997,0.01037344398340249,8.0,0.8646816701021308,False,4.0,True,decay,0,110
192,6.0,0.2748272981174586,0.2962376981811438,0.010330578512396695,8.0,0.8646816701021308,False,4.0,True,decay,0,110
193,6.0,0.2954034298047014,0.2962334198817775,0.010288065843621401,8.0,0.8646816701021308,False,4.0,True,decay,0,110
194,6.0,0.31589523308338996,0.2963337352552551,0.010245901639344263,8.0,0.8646816701021308,False,4.0,True,decay,0,110
195,12.0,0.2750789065527777,0.2962258427237704,0.01020408163265306,8.0,0.8646816701021308,False,-2.0,True,decay,0,110
196,18.0,0.17345289029261513,0.29560577730745147,0.010162601626016262,8.0,0.8646816701021308,False,-8.0,True,decay,0,110
197,6.0,0.1936958052723722,0.2950936668952149,0.010121457489878544,8.0,0.8646816701021308,False,4.0,True,decay,0,110
198,4.0,0.2340183859175335,0.29478829049032645,0.010080645161290324,8.0,0.8646816701021308,False,-54.0,False,decay,0,110
199,4.0,0.2741790284878146,0.29468575684852294,0.010040160642570281,8.0,0.8646816701021308,False,-54.0,False,decay,0,110
200,6.0,0.29417902848781463,0.2946832482922818,0.01,8.0,0.8646816701021308,True,-560.0,False,decay,0,110
201,6.0,0.3140993472129142,0.29477889409977265,0.0099601593625498,8.0,0.8646816701021308,True,40.0,True,decay,0,110
202,4.0,0.3537818868954539,0.29506812445661423,0.009920634920634922,8.0,0.8646816701021308,True,60.0,True,decay,0,110
203,4.0,0.39330757859505866,0.29554734130607,0.009881422924901186,8.0,0.8646816701021308,True,60.0,True,decay,0,110
204,6.0,0.4129926179651374,0.2961174640082985,0.00984251968503937,8.0,0.8646816701021308,True,40.0,True,decay,0,110
205,8.0,0.4129926179651374,0.2966820782786214,0.009803921568627453,8.0,0.8646816701021308,True,20.0,True,decay,0,110
206,6.0,0.4325238679651374,0.2973351638059604,0.009765625,8.0,0.8646816701021308,True,40.0,True,decay,0,110
207,4.0,0.4714343738017133,0.2981681743801028,0.00972762645914397,8.0,0.8646816701021308,True,60.0,True,decay,0,110
208,10.0,0.45205452884047304,0.2989009665441998,0.009689922480620155,8.0,0.8646816701021308,True,0.0,True,decay,0,110
209,4.0,0.4906645674505117,0.29980979877598324,0.009652509652509654,8.0,0.8646816701021308,True,60.0,True,decay,0,110
210,4.0,0.5291261059120501,0.30089147947002126,0.009615384615384616,8.0,0.8646816701021308,True,-540.0,False,decay,0,110
211,4.0,0.5674402821572608,0.30214288229953884,0.009578544061302683,8.0,0.8646816701021308,True,60.0,True,decay,0,110
212,4.0,0.6056082210885585,0.3035609446303286,0.009541984732824428,8.0,0.8646816701021308,True,-540.0,False,decay,0,110
213,4.0,0.6436310347767714,0.30514266597984696,0.009505703422053233,8.0,0.8646816701021308,True,60.0,True,decay,0,110
214,8.0,0.6436310347767714,0.3067097417613142,0.00946969696969697,8.0,0.8646816701021308,True,-580.0,False,decay,0,110
215,10.0,0.6247631102484695,0.3081754254870615,0.009433962264150945,8.0,0.8646816701021308,True,0.0,True,decay,0,110
216,4.0,0.6623570952108755,0.3098001120454276,0.009398496240601503,8.0,0.8646816701021308,True,-540.0,False,decay,0,110
217,4.0,0.6998102787314747,0.3115809803864598,0.009363295880149813,8.0,0.8646816701021308,True,60.0,True,decay,0,110
218,4.0,0.7371237115672956,0.31351526552819087,0.009328358208955223,8.0,0.8646816701021308,True,-540.0,False,decay,0,110
219,8.0,0.7371237115672956,0.31543204582701034,0.00929368029739777,8.0,0.8646816701021308,True,20.0,True,decay,0,110
220,4.0,0.7741607486043327,0.3174983913350163,0.009259259259259259,8.0,0.8646816701021308,True,60.0,True,decay,0,110
221,10.0,0.7557105641024877,0.31946346834294215,0.00922509225092251,8.0,0.8646816701021308,True,0.0,True,decay,0,110
222,8.0,0.7557105641024877,0.3214110000204401,0.009191176470588236,8.0,0.8646816701021308,True,20.0,True,decay,0,110
223,10.0,0.7373955457874694,0.3232598202238491,0.009157509157509158,8.0,0.8646816701021308,True,-600.0,False,decay,0,110
224,4.0,0.7738918961524328,0.32525376746247114,0.009124087591240875,8.0,0.8646816701021308,True,60.0,True,decay,0,110
225,8.0,0.7738918961524328,0.32723014688401286,0.009090909090909092,8.0,0.8646816701021308,True,-580.0,False,decay,0,110
226,4.0,0.8101237802104039,0.3293481014161462,0.009057971014492754,8.0,0.8646816701021308,True,60.0,True,decay,0,110
227,10.0,0.7920732386941584,0.3313687352033864,0.009025270758122744,8.0,0.8646816701021308,True,-600.0,False,decay,0,110
228,4.0,0.8280444617157411,0.33352819488387486,0.008992805755395683,8.0,0.8646816701021308,True,60.0,True,decay,0,110
229,4.0,0.8638867556225511,0.33582411938923706,0.008960573476702509,8.0,0.8646816701021308,True,60.0,True,decay,0,110
230,4.0,0.8996010413368368,0.3382541923286664,0.008928571428571428,8.0,0.8646816701021308,True,60.0,True,decay,0,110
231,12.0,0.8640138527247372,0.34051067155783404,0.008896797153024912,8.0,0.8646816701021308,True,-20.0,True,decay,0,110
232,4.0,0.8994748456325387,0.3428994073444781,0.008865248226950355,8.0,0.8646816701021308,True,-540.0,False,decay,0,110
233,6.0,0.9171426901555069,0.3453429957819718,0.0088339222614841,8.0,0.8646816701021308,True,-560.0,False,decay,0,110
234,6.0,0.9347483239583237,0.34784047598610884,0.008802816901408451,8.0,0.8646816701021308,True,-560.0,False,decay,0,110
235,4.0,0.9698360432565694,0.35046492985644834,0.008771929824561403,8.0,0.8646816701021308,True,60.0,True,decay,0,110
236,6.0,0.9873185607390869,0.35314078544839217,0.008741258741258742,8.0,0.8646816701021308,True,40.0,True,decay,0,110
237,6.0,1.0047401635265434,0.35586714267884473,0.008710801393728223,8.0,0.8646816701021308,True,40.0,True,decay,0,110
238,10.0,0.9873790524154322,0.3584984423027472,0.008680555555555556,8.0,0.8646816701021308,True,0.0,True,decay,0,110
239,4.0,1.0219811285399998,0.36125148249460304,0.00865051903114187,8.0,0.8646816701021308,True,60.0,True,decay,0,110
240,4.0,1.0564638871606895,0.3641242610262811,0.008620689655172414,8.0,0.8646816701021308,True,60.0,True,decay,0,110
241,6.0,1.0736460177448819,0.3670441036465222,0.00859106529209622,8.0,0.8646816701021308,True,40.0,True,decay,0,110
242,10.0,1.056522730073649,0.36986983572204324,0.00856164383561644,8.0,0.8646816701021308,True,-600.0,False,decay,0,110
243,10.0,1.0394578836572668,0.37260284816259515,0.008532423208191127,8.0,0.8646816701021308,True,0.0,True,decay,0,110
244,10.0,1.0224510809361784,0.3752445076454146,0.008503401360544218,8.0,0.8646816701021308,True,0.0,True,decay,0,110
245,8.0,1.0224510809361784,0.37786477717290756,0.00847457627118644,8.0,0.8646816701021308,True,20.0,True,decay,0,110
246,6.0,1.0393429728280703,0.38053202796183966,0.008445945945945946,8.0,0.8646816701021308,True,40.0,True,decay,0,110
247,4.0,1.073013006498104,0.383313076068411,0.008417508417508417,8.0,0.8646816701021308,True,60.0,True,decay,0,110
248,4.0,1.1065700534779699,0.3862061039780492,0.008389261744966443,8.0,0.8646816701021308,True,60.0,True,decay,0,110
249,4.0,1.1400148695314816,0.3892093261515689,0.008361204013377926,8.0,0.8646816701021308,True,60.0,True,decay,0,110
250,6.0,1.1566815361981482,0.39225485079461087,0.008333333333333333,8.0,0.8646816701021308,True,40.0,True,decay,0,110
251,4.0,1.1899041275602744,0.39540761473439606,0.008305647840531562,8.0,0.8646816701021308,True,60.0,True,decay,0,110
252,6.0,1.2064604189510029,0.3986007360108394,0.008278145695364239,8.0,0.8646816701021308,True,40.0,True,decay,0,110
253,6.0,1.2229620691160195,0.40183352555242835,0.00825082508250825,8.0,0.8646816701021308,True,40.0,True,decay,0,110
254,4.0,1.2558568059581248,0.4051695539915131,0.008223684210526315,8.0,0.8646816701021308,True,60.0,True,decay,0,110
255,8.0,1.2558568059581248,0.4084796211197879,0.00819672131147541,8.0,0.8646816701021308,True,20.0,True,decay,0,110
256,6.0,1.2721966752391705,0.41182736163963046,0.008169934640522876,8.0,0.8646816701021308,True,40.0,True,decay,0,110
257,6.0,1.2884833201903105,0.4152121336803667,0.008143322475570033,8.0,0.8646816701021308,True,40.0,True,decay,0,110
258,8.0,1.2884833201903105,0.4185708690130972,0.008116883116883118,8.0,0.8646816701021308,True,-580.0,False,decay,0,110
259,4.0,1.3208457797372362,0.4220278610082089,0.008090614886731393,8.0,0.8646816701021308,True,60.0,True,decay,0,110
260,8.0,1.3208457797372362,0.42545846375144947,0.008064516129032258,8.0,0.8646816701021308,True,20.0,True,decay,0,110
261,6.0,1.3369229501552427,0.4289241081864449,0.008038585209003217,8.0,0.8646816701021308,True,-560.0,False,decay,0,110
262,6.0,1.3529485911808836,0.4324242009250602,0.008012820512820514,8.0,0.8646816701021308,True,40.0,True,decay,0,110
263,4.0,1.384897472970021,0.43601843968749404,0.007987220447284346,8.0,0.8646816701021308,True,60.0,True,decay,0,110
264,4.0,1.4167446067279827,0.43970538016508987,0.007961783439490446,8.0,0.8646816701021308,True,60.0,True,decay,0,110
265,4.0,1.4484906384740146,0.44348360210632176,0.007936507936507938,8.0,0.8646816701021308,True,60.0,True,decay,0,110
266,10.0,1.432667853663888,0.44717458811959626,0.007911392405063292,8.0,0.8646816701021308,True,0.0,True,decay,0,110
267,6.0,1.4484407243263484,0.4508967670646028,0.007886435331230285,8.0,0.8646816701021308,True,40.0,True,decay,0,110
268,6.0,1.4641639947666,0.45464960864868426,0.007861635220125786,8.0,0.8646816701021308,True,40.0,True,decay,0,110
269,6.0,1.4798379759578226,0.458432591553884,0.007836990595611286,8.0,0.8646816701021308,True,-560.0,False,decay,0,110
270,4.0,1.5110879759578226,0.4623026481141926,0.0078125,8.0,0.8646816701021308,True,60.0,True,decay,0,110
271,8.0,1.5110879759578226,0.4661443526117883,0.007788161993769471,8.0,0.8646816701021308,True,20.0,True,decay,0,110
272,8.0,1.5110879759578226,0.4699580154707155,0.007763975155279503,8.0,0.8646816701021308,True,20.0,True,decay,0,110
273,4.0,1.542047728279804,0.473856523517294,0.007739938080495357,8.0,0.8646816701021308,True,60.0,True,decay,0,110
274,4.0,1.572911925810668,0.47783860830821207,0.007716049382716049,8.0,0.8646816701021308,True,60.0,True,decay,0,110
275,4.0,1.6036811565798987,0.4819030218398788,0.007692307692307693,8.0,0.8646816701021308,True,60.0,True,decay,0,110
276,6.0,1.619018579892782,0.48599336557388206,0.007668711656441718,8.0,0.8646816701021308,True,40.0,True,decay,0,110
277,8.0,1.619018579892782,0.4900543878474265,0.007645259938837921,8.0,0.8646816701021308,True,20.0,True,decay,0,110
278,4.0,1.649506384770831,0.4941952878364387,0.007621951219512195,8.0,0.8646816701021308,True,60.0,True,decay,0,110
279,6.0,1.6647039531598886,0.49836079910093495,0.007598784194528876,8.0,0.8646816701021308,True,40.0,True,decay,0,110
280,4.0,1.695006983462919,0.5026042252866157,0.007575757575757576,8.0,0.8646816701021308,True,60.0,True,decay,0,110
281,4.0,1.7252184638254566,0.50692441694223,0.0075528700906344415,8.0,0.8646816701021308,True,-540.0,False,decay,0,110
282,6.0,1.740278704789312,0.5112672137304239,0.007530120481927712,8.0,0.8646816701021308,True,40.0,True,decay,0,110
283,4.0,1.770308734819342,0.5156849032781043,0.0075075075075075074,8.0,0.8646816701021308,True,60.0,True,decay,0,110
284,6.0,1.7852787946995816,0.5201240427585991,0.007485029940119761,8.0,0.8646816701021308,True,40.0,True,decay,0,110
285,10.0,1.7703534215652532,0.5244802426847547,0.007462686567164179,8.0,0.8646816701021308,True,0.0,True,decay,0,110
286,8.0,1.7703534215652532,0.5288061912225342,0.007440476190476191,8.0,0.8646816701021308,True,-580.0,False,decay,0,110
287,4.0,1.8000270120697042,0.5332048791839431,0.00741839762611276,8.0,0.8646816701021308,True,60.0,True,decay,0,110
288,8.0,1.8000270120697042,0.5375732313663079,0.007396449704142012,8.0,0.8646816701021308,True,20.0,True,decay,0,110
289,6.0,1.8147762746065774,0.5419622452606043,0.007374631268436578,8.0,0.8646816701021308,True,-560.0,False,decay,0,110
290,4.0,1.8441880393124597,0.5464219226374942,0.007352941176470589,8.0,0.8646816701021308,True,60.0,True,decay,0,110
291,4.0,1.8735135525089406,0.5509512456063387,0.007331378299120235,8.0,0.8646816701021308,True,60.0,True,decay,0,110
292,4.0,1.9027533185908119,0.5555492118409797,0.007309941520467837,8.0,0.8646816701021308,True,60.0,True,decay,0,110
293,12.0,1.8735987996403745,0.5600171765453845,0.007288629737609329,8.0,0.8646816701021308,True,-20.0,True,decay,0,110
294,4.0,1.902668567082235,0.5645531609728739,0.007267441860465117,8.0,0.8646816701021308,True,60.0,True,decay,0,110
295,6.0,1.9171613207054234,0.5691073972009295,0.007246376811594203,8.0,0.8646816701021308,True,40.0,True,decay,0,110
296,6.0,1.9316121877574466,0.5736795609276293,0.007225433526011561,8.0,0.8646816701021308,True,40.0,True,decay,0,110
297,4.0,1.9604306315614812,0.5783175243745652,0.007204610951008645,8.0,0.8646816701021308,True,60.0,True,decay,0,110
298,4.0,1.9891662637453893,0.5830203535058014,0.007183908045977012,8.0,0.8646816701021308,True,60.0,True,decay,0,110
299,8.0,1.9891662637453893,0.5876919346029429,0.007163323782234957,8.0,0.8646816701021308,True,20.0,True,decay,0,110
300,8.0,1.9891662637453893,0.5923325780769245,0.0071428571428571435,8.0,0.8646816701021308,True,20.0,True,decay,0,110
301,6.0,2.0034112779904034,0.5969896034891803,0.007122507122507123,8.0,0.8646816701021308,True,40.0,True,decay,0,110
302,4.0,2.0318203688994942,0.6017094415332932,0.007102272727272728,8.0,0.8646816701021308,True,60.0,True,decay,0,110
303,4.0,2.060148980797511,0.6064912105144874,0.007082152974504249,8.0,0.8646816701021308,True,60.0,True,decay,0,110
304,4.0,2.0883975683681326,0.6113340417493032,0.007062146892655367,8.0,0.8646816701021308,True,60.0,True,decay,0,110
305,12.0,2.0602285542836256,0.6160535678487635,0.007042253521126761,8.0,0.8646816701021308,True,-20.0,True,decay,0,110
306,8.0,2.0602285542836256,0.6207424476748508,0.00702247191011236,8.0,0.8646816701021308,True,20.0,True,decay,0,110
307,4.0,2.0882397587654182,0.6254916299113898,0.007002801120448179,8.0,0.8646816701021308,True,60.0,True,decay,0,110
308,4.0,2.116172719659273,0.6303002785879959,0.006983240223463688,8.0,0.8646816701021308,True,60.0,True,decay,0,110
309,4.0,2.1440278728626154,0.6351675698879142,0.006963788300835655,8.0,0.8646816701021308,True,60.0,True,decay,0,110
310,4.0,2.171805650640393,0.640092691941608,0.006944444444444445,8.0,0.8646816701021308,True,60.0,True,decay,0,110
311,6.0,2.1856560661528586,0.6450305940956376,0.006925207756232688,8.0,0.8646816701021308,True,40.0,True,decay,0,110
312,4.0,2.2132803755451236,0.6500250201512092,0.006906077348066299,8.0,0.8646816701021308,True,60.0,True,decay,0,110
313,4.0,2.240828584911515,0.6550751901980674,0.006887052341597796,8.0,0.8646816701021308,True,60.0,True,decay,0,110
314,4.0,2.268301112384042,0.6601803355214407,0.006868131868131868,8.0,0.8646816701021308,True,60.0,True,decay,0,110
315,8.0,2.268301112384042,0.6652532717260546,0.006849315068493151,8.0,0.8646816701021308,True,20.0,True,decay,0,110
316,18.0,2.1999951014550803,0.6700795038950138,0.006830601092896175,8.0,0.8646816701021308,True,-80.0,True,decay,0,110
317,8.0,2.1999951014550803,0.6748754775550767,0.0068119891008174395,8.0,0.8646816701021308,True,20.0,True,decay,0,110
318,6.0,2.2135820579768195,0.6796839356188946,0.006793478260869565,8.0,0.8646816701021308,True,40.0,True,decay,0,110
319,8.0,2.2135820579768195,0.6844624344424396,0.006775067750677507,8.0,0.8646816701021308,True,20.0,True,decay,0,110
320,4.0,2.2406090850038467,0.6892951880156116,0.006756756756756757,8.0,0.8646816701021308,True,60.0,True,decay,0,110
321,4.0,2.2675632629014206,0.6941814668852272,0.006738544474393531,8.0,0.8646816701021308,True,60.0,True,decay,0,110
322,8.0,2.2675632629014206,0.6990375835395982,0.006720430107526882,8.0,0.8646816701021308,True,20.0,True,decay,0,110
323,10.0,2.2541584371641554,0.70382257078152,0.006702412868632708,8.0,0.8646816701021308,True,-600.0,False,decay,0,110
324,6.0,2.2675274211213745,0.7086192114267342,0.0066844919786096255,8.0,0.8646816701021308,True,40.0,True,decay,0,110
325,6.0,2.2808607544547077,0.7134272895399697,0.006666666666666667,8.0,0.8646816701021308,True,-560.0,False,decay,0,110
326,8.0,2.2808607544547077,0.7182060501037342,0.006648936170212766,8.0,0.8646816701021308,True,20.0,True,decay,0,110
327,8.0,2.2808607544547077,0.7229557604513055,0.006631299734748011,8.0,0.8646816701021308,True,20.0,True,decay,0,110
328,8.0,2.2808607544547077,0.7276766846755583,0.006613756613756613,8.0,0.8646816701021308,True,20.0,True,decay,0,110
329,4.0,2.307245978729114,0.732448797346415,0.006596306068601583,8.0,0.8646816701021308,True,60.0,True,decay,0,110
330,4.0,2.3335617682027983,0.7372714267767053,0.006578947368421052,8.0,0.8646816701021308,True,60.0,True,decay,0,110
331,4.0,2.359808487362903,0.7421439104421294,0.006561679790026247,8.0,0.8646816701021308,True,60.0,True,decay,0,110
332,4.0,2.385986497834107,0.7470655948355185,0.006544502617801047,8.0,0.8646816701021308,True,60.0,True,decay,0,110
333,8.0,2.385986497834107,0.7519578960384993,0.006527415143603134,8.0,0.8646816701021308,True,20.0,True,decay,0,110
334,6.0,2.3990073311674407,0.7568598288811449,0.006510416666666667,8.0,0.8646816701021308,True,40.0,True,decay,0,110
335,8.0,2.3990073311674407,0.76173267013422,0.006493506493506494,8.0,0.8646816701021308,True,20.0,True,decay,0,110
336,10.0,2.386053963291793,0.7665383544335027,0.006476683937823835,8.0,0.8646816701021308,True,0.0,True,decay,0,110
337,4.0,2.4118937565734466,0.7713919101920276,0.006459948320413437,8.0,0.8646816701021308,True,60.0,True,decay,0,110
338,4.0,2.437666952449735,0.7762927191398442,0.0064432989690721655,8.0,0.8646816701021308,True,60.0,True,decay,0,110
339,4.0,2.463373893323771,0.7812401712635507,0.006426735218508998,8.0,0.8646816701021308,True,60.0,True,decay,0,110
340,12.0,2.4377328676827457,0.7860837171595134,0.006410256410256411,8.0,0.8646816701021308,True,-20.0,True,decay,0,110
341,16.0,2.3865819725420807,0.7907498928311828,0.00639386189258312,8.0,0.8646816701021308,True,-60.0,True,decay,0,110
342,6.0,2.3993370745828972,0.7954260183595308,0.006377551020408163,8.0,0.8646816701021308,True,40.0,True,decay,0,110
343,10.0,2.386614428272465,0.800038158678119,0.0063613231552162855,8.0,0.8646816701021308,True,0.0,True,decay,0,110
344,12.0,2.361233717612566,0.8045502845709931,0.00634517766497462,8.0,0.8646816701021308,True,-20.0,True,decay,0,110
345,4.0,2.386550173308769,0.8091093620601509,0.006329113924050633,8.0,0.8646816701021308,True,60.0,True,decay,0,110
346,8.0,2.386550173308769,0.8136422379545435,0.006313131313131314,8.0,0.8646816701021308,True,20.0,True,decay,0,110
347,6.0,2.399144631747056,0.8181852247562412,0.006297229219143577,8.0,0.8646816701021308,True,-560.0,False,decay,0,110
348,6.0,2.411707445817408,0.8227381453878445,0.00628140703517588,8.0,0.8646816701021308,True,40.0,True,decay,0,110
349,4.0,2.436770102459012,0.827336527031922,0.006265664160401002,8.0,0.8646816701021308,True,60.0,True,decay,0,110
350,8.0,2.436770102459012,0.8319087815075672,0.00625,8.0,0.8646816701021308,True,20.0,True,decay,0,110
351,4.0,2.461707758319361,0.8365257757761557,0.006234413965087282,8.0,0.8646816701021308,True,60.0,True,decay,0,110
352,6.0,2.474145569264635,0.8411518203905299,0.006218905472636817,8.0,0.8646816701021308,True,40.0,True,decay,0,110
353,4.0,2.4989594650462728,0.845821701079701,0.006203473945409429,8.0,0.8646816701021308,True,60.0,True,decay,0,110
354,8.0,2.4989594650462728,0.8504653464841014,0.006188118811881188,8.0,0.8646816701021308,True,-580.0,False,decay,0,110
355,10.0,2.486613786033927,0.855048395334381,0.006172839506172839,8.0,0.8646816701021308,True,0.0,True,decay,0,110
356,6.0,2.4989290569698874,0.8596402407579439,0.006157635467980295,8.0,0.8646816701021308,True,40.0,True,decay,0,110
357,4.0,2.523499081539912,0.8642749450498156,0.006142506142506142,8.0,0.8646816701021308,True,60.0,True,decay,0,110
358,6.0,2.535753983500696,0.8689179423788458,0.006127450980392157,8.0,0.8646816701021308,True,40.0,True,decay,0,110
359,4.0,2.560203861251307,0.8736029449241989,0.006112469437652812,8.0,0.8646816701021308,True,-540.0,False,decay,0,110
360,4.0,2.584594105153746,0.8783294398419601,0.006097560975609757,8.0,0.8646816701021308,True,60.0,True,decay,0,110
361,4.0,2.6089250053970554,0.8830969207388061,0.006082725060827252,8.0,0.8646816701021308,True,60.0,True,decay,0,110
362,6.0,2.6210609277271524,0.8878715471316313,0.006067961165048544,8.0,0.8646816701021308,True,40.0,True,decay,0,110
363,6.0,2.6331674652574186,0.8926531797840307,0.006053268765133173,8.0,0.8646816701021308,True,40.0,True,decay,0,110
364,10.0,2.6210901705714282,0.8973756852233405,0.006038647342995169,8.0,0.8646816701021308,True,0.0,True,decay,0,110
365,12.0,2.5969937850292597,0.9020067972119126,0.006024096385542168,8.0,0.8646816701021308,True,-20.0,True,decay,0,110
366,4.0,2.6210322465677214,0.9066780620199447,0.006009615384615385,8.0,0.8646816701021308,True,60.0,True,decay,0,110
367,4.0,2.645013061915443,0.9113889969790111,0.005995203836930456,8.0,0.8646816701021308,True,60.0,True,decay,0,110
368,4.0,2.6689365068915194,0.91613912538418,0.00598086124401914,8.0,0.8646816701021308,True,60.0,True,decay,0,110
369,6.0,2.680869681115863,0.9208958115182276,0.005966587112171838,8.0,0.8646816701021308,True,-560.0,False,decay,0,110
370,4.0,2.704679204925387,0.9256909281671717,0.005952380952380952,8.0,0.8646816701021308,True,60.0,True,decay,0,110
371,4.0,2.728432174046527,0.9305240146172503,0.005938242280285036,8.0,0.8646816701021308,True,60.0,True,decay,0,110
372,8.0,2.728432174046527,0.9353312556852431,0.005924170616113744,8.0,0.8646816701021308,True,20.0,True,decay,0,110
373,6.0,2.7402525050157944,0.9401443790167913,0.00591016548463357,8.0,0.8646816701021308,True,40.0,True,decay,0,110
374,6.0,2.752044957845983,0.9449632635349541,0.00589622641509434,8.0,0.8646816701021308,True,40.0,True,decay,0,110
375,6.0,2.763809663728336,0.949787789795414,0.0058823529411764705,8.0,0.8646816701021308,True,40.0,True,decay,0,110
376,10.0,2.752072574526458,0.9545557389613691,0.005868544600938968,8.0,0.8646816701021308,True,0.0,True,decay,0,110
377,14.0,2.7169437689058493,0.9592058393042304,0.005854800936768151,8.0,0.8646816701021308,True,-40.0,True,decay,0,110
378,12.0,2.693579282924541,0.9637699799453365,0.005841121495327103,8.0,0.8646816701021308,True,-20.0,True,decay,0,110
379,4.0,2.716889306234564,0.9683713430064631,0.005827505827505828,8.0,0.8646816701021308,True,60.0,True,decay,0,110
380,10.0,2.70526139925782,0.972918175614451,0.005813953488372092,8.0,0.8646816701021308,True,0.0,True,decay,0,110
381,8.0,2.70526139925782,0.9774412649712222,0.00580046403712297,8.0,0.8646816701021308,True,20.0,True,decay,0,110
382,4.0,2.728409547405968,0.9820010782067294,0.005787037037037037,8.0,0.8646816701021308,True,60.0,True,decay,0,110
383,8.0,2.728409547405968,0.9865372041007535,0.005773672055427252,8.0,0.8646816701021308,True,20.0,True,decay,0,110
384,14.0,2.6938473354244015,0.9909602873425245,0.00576036866359447,8.0,0.8646816701021308,True,-40.0,True,decay,0,110
385,6.0,2.705341588297965,0.9953902131847867,0.00574712643678161,8.0,0.8646816701021308,True,40.0,True,decay,0,110
386,4.0,2.7282773681144787,0.9998564171923375,0.0057339449541284416,8.0,0.8646816701021308,True,60.0,True,decay,0,110
387,10.0,2.7168357205172247,1.0042702457355892,0.005720823798627002,8.0,0.8646816701021308,True,0.0,True,decay,0,110
388,10.0,2.7054201954030694,1.0086321686834545,0.005707762557077626,8.0,0.8646816701021308,True,0.0,True,decay,0,110
389,8.0,2.7054201954030694,1.012971780004988,0.005694760820045558,8.0,0.8646816701021308,True,20.0,True,decay,0,110
390,4.0,2.7281474681303424,1.0173472281889813,0.005681818181818182,8.0,0.8646816701021308,True,60.0,True,decay,0,110
391,10.0,2.7168095996496167,1.0216715599229778,0.005668934240362812,8.0,0.8646816701021308,True,0.0,True,decay,0,110
392,12.0,2.6941851652604765,1.0259165183121592,0.005656108597285069,8.0,0.8646816701021308,True,-20.0,True,decay,0,110
393,10.0,2.682898483544901,1.0301114093633812,0.005643340857787811,8.0,0.8646816701021308,True,0.0,True,decay,0,110
394,10.0,2.6716372222836395,1.0342566765677255,0.005630630630630631,8.0,0.8646816701021308,True,0.0,True,decay,0,110
395,6.0,2.682873177339819,1.0384093629676552,0.0056179775280898875,8.0,0.8646816701021308,True,40.0,True,decay,0,110
396,8.0,2.682873177339819,1.042541181596731,0.005605381165919283,8.0,0.8646816701021308,True,20.0,True,decay,0,110
397,8.0,2.682873177339819,1.0466522893554857,0.005592841163310961,8.0,0.8646816701021308,True,20.0,True,decay,0,110
398,4.0,2.7051946059112475,1.050798645146875,0.005580357142857143,8.0,0.8646816701021308,True,60.0,True,decay,0,110
399,4.0,2.7274663208332965,1.0549798612957189,0.005567928730512249,8.0,0.8646816701021308,True,60.0,True,decay,0,110
0,6.0,1.1,1.05,0.05,8.0,0.8646816701021308,False,4.0,True,reset,0,101
1,6.0,1.1980392156862747,1.0993464052287583,0.049019607843137254,8.0,0.8646816701021308,False,4.0,True,reset,0,101
2,6.0,1.294193061840121,1.148058069381599,0.04807692307692308,8.0,0.8646816701021308,False,4.0,True,reset,0,101
3,8.0,1.294193061840121,1.1772850678733033,0.04716981132075472,8.0,0.8646816701021308,False,2.0,True,reset,0,101
4,8.0,1.294193061840121,1.1967697335344394,0.046296296296296294,8.0,0.8646816701021308,False,2.0,True,reset,0,101
5,6.0,1.3851021527492118,1.2236743648508355,0.045454545454545456,8.0,0.8646816701021308,False,-56.0,False,reset,0,101
6,6.0,1.474387867034926,1.2550135526238468,0.044642857142857144,8.0,0.8646816701021308,False,4.0,True,reset,0,101
7,6.0,1.56210716528054,1.2891350651412572,0.043859649122807015,8.0,0.8646816701021308,False,4.0,True,reset,0,101
8,10.0,1.4759002687288159,1.3078115855000132,0.04310344827586207,8.0,0.8646816701021308,False,0.0,True,reset,0,101
9,8.0,1.4759002687288159,1.3230923748844499,0.04237288135593221,8.0,0.8646816701021308,False,2.0,True,reset,0,101
10,12.0,1.3092336020621491,1.321937477149258,0.04166666666666667,8.0,0.8646816701021308,False,-2.0,True,reset,0,101
11,14.0,1.0633319627178868,1.3020447452699218,0.04098360655737705,8.0,0.8646816701021308,False,-4.0,True,reset,0,101
12,6.0,1.1439771240082093,1.290754200894085,0.040322580645161296,8.0,0.8646816701021308,False,4.0,True,reset,0,101
13,6.0,1.2233422033732886,1.286260067726032,0.03968253968253969,8.0,0.8646816701021308,False,4.0,True,reset,0,101
14,10.0,1.1452172033732886,1.2774448887039855,0.0390625,8.0,0.8646816701021308,False,0.0,True,reset,0,101
15,6.0,1.2221402802963655,1.2741916764447137,0.038461538461538464,8.0,0.8646816701021308,False,4.0,True,reset,0,101
16,8.0,1.2221402802963655,1.27129993221425,0.03787878787878788,8.0,0.8646816701021308,False,-58.0,False,reset,0,101
17,14.0,0.9982596832814401,1.2569293927967335,0.03731343283582089,8.0,0.8646816701021308,False,-4.0,True,reset,0,101
18,18.0,0.6306126244579107,1.2256135543797924,0.03676470588235295,8.0,0.8646816701021308,False,-8.0,True,reset,0,101
19,8.0,0.6306126244579107,1.1972801767644647,0.03623188405797102,8.0,0.8646816701021308,False,2.0,True,reset,0,101
20,6.0,0.7020411958864821,1.1747693139972837,0.03571428571428572,8.0,0.8646816701021308,False,4.0,True,reset,0,101
21,8.0,0.7020411958864821,1.1542159175576838,0.035211267605633804,8.0,0.8646816701021308,False,2.0,True,reset,0,101
22,8.0,0.7020411958864821,1.135375304154717,0.034722222222222224,8.0,0.8646816701021308,False,2.0,True,reset,0,101
23,8.0,0.7020411958864821,1.1180419398239878,0.03424657534246576,8.0,0.8646816701021308,False,2.0,True,reset,0,101
24,8.0,0.7020411958864821,1.1020419112110067,0.033783783783783786,8.0,0.8646816701021308,False,2.0,True,reset,0,101
25,10.0,0.6353745292198154,1.084757934100222,0.03333333333333333,8.0,0.8646816701021308,False,0.0,True,reset,0,101
26,8.0,0.6353745292198154,1.0687085267830647,0.03289473684210526,8.0,0.8646816701021308,False,2.0,True,reset,0,101
27,8.0,0.6353745292198154,1.0537659751429527,0.03246753246753247,8.0,0.8646816701021308,False,2.0,True,reset,0,101
28,8.0,0.6353745292198154,1.0398195936121815,0.032051282051282055,8.0,0.8646816701021308,False,2.0,True,reset,0,101
29,8.0,0.6353745292198154,1.0267729786317825,0.03164556962025317,8.0,0.8646816701021308,False,2.0,True,reset,0,101
30,6.0,0.6978745292198154,1.0164949020876586,0.03125,8.0,0.8646816701021308,False,4.0,True,reset,0,101
31,12.0,0.5744177390963586,1.0030986244212556,0.030864197530864196,8.0,0.8646816701021308,False,-2.0,True,reset,0,101
32,16.0,0.3305153000719684,0.9833167619403942,0.03048780487804878,8.0,0.8646816701021308,False,-6.0,True,reset,0,101
33,8.0,0.3305153000719684,0.9646652916012962,0.030120481927710843,8.0,0.8646816701021308,False,2.0,True,reset,0,101
34,6.0,0.3900391095957779,0.948703453212254,0.02976190476190476,8.0,0.8646816701021308,False,4.0,True,reset,0,101
35,6.0,0.44886263900754264,0.9351942420175321,0.029411764705882353,8.0,0.8646816701021308,False,4.0,True,reset,0,101
36,6.0,0.5070021738912636,0.9239260296984199,0.029069767441860468,8.0,0.8646816701021308,False,4.0,True,reset,0,101
37,22.0,0.10470332331655086,0.9029203192783718,0.02873563218390805,8.0,0.8646816701021308,False,-12.0,True,reset,0,101
38,4.0,0.2183396869529145,0.8858058034702354,0.02840909090909091,8.0,0.8646816701021308,False,6.0,True,reset,0,101
39,6.0,0.2745194622338134,0.8708963805132495,0.02808988764044944,8.0,0.8646816701021308,False,4.0,True,reset,0,101
40,8.0,0.2745194622338134,0.8566969300780248,0.02777777777777778,8.0,0.8646816701021308,False,2.0,True,reset,0,101
41,14.0,0.10968429739864857,0.8393245432715277,0.027472527472527472,8.0,0.8646816701021308,False,-4.0,True,reset,0,101
42,4.0,0.21837994957256163,0.8252121661420059,0.027173913043478264,8.0,0.8646816701021308,False,-54.0,False,reset,0,101
43,14.0,0.05708962699191644,0.808142776383115,0.02688172043010753,8.0,0.8646816701021308,False,-4.0,True,reset,0,101
44,6.0,0.11028111635361858,0.7929718707302998,0.026595744680851068,8.0,0.8646816701021308,False,4.0,True,reset,0,101
45,4.0,0.21554427424835543,0.7806861771881309,0.026315789473684213,8.0,0.8646816701021308,False,6.0,True,reset,0,101
46,6.0,0.26762760758168874,0.7699974569879967,0.026041666666666668,8.0,0.8646816701021308,False,4.0,True,reset,0,101
47,6.0,0.31917399933426605,0.7607969782603695,0.025773195876288662,8.0,0.8646816701021308,False,4.0,True,reset,0,101
48,6.0,0.37019440749753135,0.7529849268451128,0.025510204081632654,8.0,0.8646816701021308,False,4.0,True,reset,0,101
49,14.0,0.2186792559823798,0.7425083450634905,0.025252525252525256,8.0,0.8646816701021308,False,-4.0,True,reset,0,101
50,8.0,0.2186792559823798,0.7324347087350076,0.025,8.0,0.8646816701021308,False,2.0,True,reset,0,101
51,10.0,0.1691743054873303,0.7218071539567495,0.024752475247524754,8.0,0.8646816701021308,False,0.0,True,reset,0,101
52,4.0,0.2672135211736048,0.7133887533496542,0.024509803921568627,8.0,0.8646816701021308,False,6.0,True,reset,0,101
53,6.0,0.31575721049399313,0.7061590889340967,0.024271844660194174,8.0,0.8646816701021308,False,4.0,True,reset,0,101
54,12.0,0.219603364340147,0.6974705938520619,0.02403846153846154,8.0,0.8646816701021308,False,-2.0,True,reset,0,101
55,4.0,0.3148414595782422,0.6907578020226967,0.023809523809523808,8.0,0.8646816701021308,False,6.0,True,reset,0,101
56,10.0,0.2676716482574875,0.6834632131646758,0.02358490566037736,8.0,0.8646816701021308,False,-60.0,False,reset,0,101
57,4.0,0.36112959218272117,0.6779999314531172,0.02336448598130841,8.0,0.8646816701021308,False,6.0,True,reset,0,101
58,8.0,0.36112959218272117,0.672718759131944,0.023148148148148147,8.0,0.8646816701021308,False,-58.0,False,reset,0,101
59,16.0,0.17764335365061104,0.6646027688781516,0.022935779816513766,8.0,0.8646816701021308,False,-6.0,True,reset,0,101
60,4.0,0.26855244455970195,0.6582148604214024,0.022727272727272728,8.0,0.8646816701021308,False,6.0,True,reset,0,101
61,6.0,0.313597489604747,0.6527447434243127,0.022522522522522525,8.0,0.8646816701021308,False,4.0,True,reset,0,101
62,6.0,0.35824034674760413,0.6481431122262391,0.022321428571428572,8.0,0.8646816701021308,False,4.0,True,reset,0,101
63,14.0,0.2254969839157457,0.6416408640983854,0.022123893805309738,8.0,0.8646816701021308,False,-4.0,True,reset,0,101
64,6.0,0.26935663303855273,0.6360001939308122,0.021929824561403508,8.0,0.8646816701021308,False,4.0,True,reset,0,101
65,6.0,0.312834893908118,0.6311768312439063,0.02173913043478261,8.0,0.8646816701021308,False,4.0,True,reset,0,101
66,10.0,0.26973144563225593,0.6258614579260878,0.021551724137931032,8.0,0.8646816701021308,False,0.0,True,reset,0,101
67,6.0,0.3124664883672987,0.6213195018455258,0.02136752136752137,8.0,0.8646816701021308,False,4.0,True,reset,0,101
68,8.0,0.3124664883672987,0.6169073159386939,0.0211864406779661,8.0,0.8646816701021308,False,2.0,True,reset,0,101
69,8.0,0.3124664883672987,0.6126194169588152,0.02100840336134454,8.0,0.8646816701021308,False,2.0,True,reset,0,101
70,12.0,0.22913315503396536,0.6072932188765255,0.020833333333333332,8.0,0.8646816701021308,False,-2.0,True,reset,0,101
71,6.0,0.2704554690835521,0.6026790031259368,0.02066115702479339,8.0,0.8646816701021308,False,4.0,True,reset,0,101
72,8.0,0.2704554690835521,0.5981894959091478,0.020491803278688527,8.0,0.8646816701021308,False,2.0,True,reset,0,101
73,6.0,0.31110587558761715,0.5943617143048607,0.020325203252032523,8.0,0.8646816701021308,False,4.0,True,reset,0,101
74,6.0,0.35142845623277846,0.5911652240670702,0.020161290322580648,8.0,0.8646816701021308,False,4.0,True,reset,0,101
75,6.0,0.39142845623277844,0.5885712400692222,0.02,8.0,0.8646816701021308,False,4.0,True,reset,0,101
76,8.0,0.39142845623277844,0.5860437684815756,0.019841269841269844,8.0,0.8646816701021308,False,2.0,True,reset,0,101
77,12.0,0.3126882987524635,0.5825835726622197,0.01968503937007874,8.0,0.8646816701021308,False,-2.0,True,reset,0,101
78,6.0,0.3517507987524635,0.5796981629883478,0.01953125,8.0,0.8646816701021308,False,4.0,True,reset,0,101
79,8.0,0.3517507987524635,0.5768839979977812,0.01937984496124031,8.0,0.8646816701021308,False,2.0,True,reset,0,101
80,16.0,0.19790464490630966,0.5722622985698365,0.019230769230769232,8.0,0.8646816701021308,False,-6.0,True,reset,0,101
81,12.0,0.12156876704371423,0.5668322560213289,0.019083969465648856,8.0,0.8646816701021308,False,-2.0,True,reset,0,101
82,6.0,0.15944755492250212,0.5619824381511048,0.01893939393939394,8.0,0.8646816701021308,False,-56.0,False,reset,0,101
83,8.0,0.15944755492250212,0.557246733642533,0.018796992481203006,8.0,0.8646816701021308,False,2.0,True,reset,0,101
84,6.0,0.196760987758323,0.5530550389229492,0.01865671641791045,8.0,0.8646816701021308,False,4.0,True,reset,0,101
85,4.0,0.2708350618323971,0.5498111311402992,0.018518518518518517,8.0,0.8646816701021308,False,6.0,True,reset,0,101
86,6.0,0.30759976771475006,0.5470587292831907,0.018382352941176475,8.0,0.8646816701021308,False,4.0,True,reset,0,101
87,8.0,0.30759976771475006,0.5443681791532081,0.01824817518248175,8.0,0.8646816701021308,False,2.0,True,reset,0,101
88,8.0,0.30759976771475006,0.5417374190261142,0.01811594202898551,8.0,0.8646816701021308,False,2.0,True,reset,0,101
89,8.0,0.30759976771475006,0.5391644778029123,0.017985611510791366,8.0,0.8646816701021308,False,2.0,True,reset,0,101
90,6.0,0.34331405342903576,0.5370356688423267,0.01785714285714286,8.0,0.8646816701021308,False,4.0,True,reset,0,101
91,6.0,0.3787750463368372,0.5353339417186117,0.017730496453900707,8.0,0.8646816701021308,False,4.0,True,reset,0,101
92,10.0,0.34356377873120336,0.5332938336017244,0.017605633802816902,8.0,0.8646816701021308,False,0.0,True,reset,0,101
93,12.0,0.27363370880113347,0.5305605691301393,0.01748251748251748,8.0,0.8646816701021308,False,-2.0,True,reset,0,101
94,12.0,0.20418926435668902,0.5271608680387492,0.017361111111111112,8.0,0.8646816701021308,False,-2.0,True,reset,0,101
95,8.0,0.20418926435668902,0.5238312638770785,0.017241379310344827,8.0,0.8646816701021308,False,2.0,True,reset,0,101
96,12.0,0.1356961136717575,0.5198707011198813,0.01712328767123288,8.0,0.8646816701021308,False,-62.0,False,reset,0,101
97,4.0,0.20372332455611125,0.5166772932758028,0.017006802721088437,8.0,0.8646816701021308,False,6.0,True,reset,0,101
98,6.0,0.23750710833989502,0.5138855914264437,0.016891891891891893,8.0,0.8646816701021308,False,4.0,True,reset,0,101
99,4.0,0.3046212022996266,0.5118136667816238,0.016778523489932886,8.0,0.8646816701021308,False,6.0,True,reset,0,101
100,10.0,0.27128786896629326,0.5094555707246107,0.016666666666666666,8.0,0.8646816701021308,False,0.0,True,reset,0,101
101,8.0,0.27128786896629326,0.5071432629405493,0.016556291390728478,8.0,0.8646816701021308,False,2.0,True,reset,0,101
102,8.0,0.27128786896629326,0.5048754226138737,0.01644736842105263,8.0,0.8646816701021308,False,2.0,True,reset,0,101
103,6.0,0.30396760752838475,0.5029620148511549,0.016339869281045753,8.0,0.8646816701021308,False,4.0,True,reset,0,101
104,10.0,0.2715000750608523,0.5007784116455859,0.016233766233766236,8.0,0.8646816701021308,False,0.0,True,reset,0,101
105,10.0,0.23924201054472324,0.4983341462147367,0.016129032258064516,8.0,0.8646816701021308,False,0.0,True,reset,0,101
106,6.0,0.2712932925960053,0.49623191608863737,0.016025641025641028,8.0,0.8646816701021308,False,4.0,True,reset,0,101
107,6.0,0.3031404263539671,0.49446043453143856,0.01592356687898089,8.0,0.8646816701021308,False,4.0,True,reset,0,101
108,6.0,0.33478599597422026,0.49300884872637296,0.015822784810126583,8.0,0.8646816701021308,False,4.0,True,reset,0,101
109,8.0,0.33478599597422026,0.49158341762049773,0.015723270440251572,8.0,0.8646816701021308,False,2.0,True,reset,0,101
110,8.0,0.33478599597422026,0.49018344064151315,0.015625,8.0,0.8646816701021308,False,2.0,True,reset,0,101
111,6.0,0.3658418965953383,0.48908307299508685,0.015527950310559006,8.0,0.8646816701021308,False,4.0,True,reset,0,101
112,6.0,0.3967060941262025,0.488272748619044,0.015432098765432098,8.0,0.8646816701021308,False,4.0,True,reset,0,101
113,6.0,0.42738094075196936,0.48774325463759116,0.015337423312883436,8.0,0.8646816701021308,False,4.0,True,reset,0,101
114,8.0,0.42738094075196936,0.48722288986271506,0.01524390243902439,8.0,0.8646816701021308,False,2.0,True,reset,0,101
115,10.0,0.39707791044893903,0.48645241995319566,0.015151515151515152,8.0,0.8646816701021308,False,0.0,True,reset,0,101
116,8.0,0.39707791044893903,0.485695008855702,0.015060240963855423,8.0,0.8646816701021308,False,2.0,True,reset,0,101
117,12.0,0.3371976709279809,0.4844471320663934,0.014970059880239523,8.0,0.8646816701021308,False,-2.0,True,reset,0,101
118,6.0,0.3669595756898857,0.4834680690965891,0.014880952380952382,8.0,0.8646816701021308,False,4.0,True,reset,0,101
119,10.0,0.33737377687331765,0.4822606782517687,0.014792899408284025,8.0,0.8646816701021308,False,0.0,True,reset,0,101
120,12.0,0.27855024746155294,0.4805909206223407,0.014705882352941178,8.0,0.8646816701021308,False,-2.0,True,reset,0,101
121,6.0,0.3077900135434243,0.4791860351989349,0.014619883040935673,8.0,0.8646816701021308,False,4.0,True,reset,0,101
122,10.0,0.2787202461015638,0.47756937560943996,0.014534883720930234,8.0,0.8646816701021308,False,0.0,True,reset,0,101
123,10.0,0.24981851199751756,0.47574736870054457,0.014450867052023123,8.0,0.8646816701021308,False,0.0,True,reset,0,101
124,4.0,0.30728977636533367,0.47441040368201115,0.014367816091954025,8.0,0.8646816701021308,False,6.0,True,reset,0,101
125,8.0,0.30728977636533367,0.4730944932306987,0.014285714285714287,8.0,0.8646816701021308,False,2.0,True,reset,0,101
126,6.0,0.33569886727442455,0.4720210899029153,0.014204545454545456,8.0,0.8646816701021308,False,4.0,True,reset,0,101
127,8.0,0.33569886727442455,0.47096432848719055,0.014124293785310734,8.0,0.8646816701021308,False,2.0,True,reset,0,101
128,8.0,0.33569886727442455,0.46992382493940005,0.01404494382022472,8.0,0.8646816701021308,False,2.0,True,reset,0,101
129,8.0,0.33569886727442455,0.46889920694195747,0.013966480446927375,8.0,0.8646816701021308,False,2.0,True,reset,0,101
130,12.0,0.28014331171886897,0.46746923803875223,0.01388888888888889,8.0,0.8646816701021308,False,-2.0,True,reset,0,101
131,10.0,0.2525190023266038,0.4658530708529466,0.013812154696132598,8.0,0.8646816701021308,False,0.0,True,reset,0,101
132,4.0,0.3074640572716587,0.4646710632889071,0.013736263736263736,8.0,0.8646816701021308,False,6.0,True,reset,0,101
133,6.0,0.3347864616432434,0.46370895512856886,0.01366120218579235,8.0,0.8646816701021308,False,4.0,True,reset,0,101
134,10.0,0.3076125485997651,0.4625611874335041,0.01358695652173913,8.0,0.8646816701021308,False,0.0,True,reset,0,101
135,12.0,0.25355849454571106,0.4610356203321334,0.013513513513513514,8.0,0.8646816701021308,False,-2.0,True,reset,0,101
136,8.0,0.25355849454571106,0.4595321628988985,0.013440860215053764,8.0,0.8646816701021308,False,2.0,True,reset,0,101
137,6.0,0.28029646246014955,0.45824269742811613,0.013368983957219251,8.0,0.8646816701021308,False,-56.0,False,reset,0,101
138,6.0,0.30689220714100063,0.45716162249749387,0.013297872340425532,8.0,0.8646816701021308,False,4.0,True,reset,0,101
139,8.0,0.30689220714100063,0.4560958819630507,0.013227513227513227,8.0,0.8646816701021308,False,2.0,True,reset,0,101
140,8.0,0.30689220714100063,0.45504515185867006,0.013157894736842105,8.0,0.8646816701021308,False,2.0,True,reset,0,101
141,6.0,0.33307021761220484,0.45419218029051295,0.013089005235602096,8.0,0.8646816701021308,False,4.0,True,reset,0,101
142,10.0,0.30702855094553816,0.4531702106422839,0.013020833333333334,8.0,0.8646816701021308,False,0.0,True,reset,0,101
143,22.0,0.1256814006864708,0.4509116671253473,0.01295336787564767,8.0,0.8646816701021308,False,-12.0,True,reset,0,101
144,6.0,0.15145459656275945,0.4488605912995762,0.012886597938144331,8.0,0.8646816701021308,False,4.0,True,reset,0,101
145,6.0,0.17709562220378508,0.4470118500132102,0.012820512820512822,8.0,0.8646816701021308,False,4.0,True,reset,0,101
146,4.0,0.2281160303670504,0.4455328242047902,0.012755102040816327,8.0,0.8646816701021308,False,6.0,True,reset,0,101
147,4.0,0.27887745168684736,0.4444143317717839,0.01269035532994924,8.0,0.8646816701021308,False,6.0,True,reset,0,101
148,10.0,0.2536249264343221,0.4431424024028675,0.012626262626262628,8.0,0.8646816701021308,False,0.0,True,reset,0,101
149,8.0,0.2536249264343221,0.4418873197805593,0.01256281407035176,8.0,0.8646816701021308,False,2.0,True,reset,0,101
150,8.0,0.2536249264343221,0.44064875140328147,0.0125,8.0,0.8646816701021308,False,2.0,True,reset,0,101
151,6.0,0.27850054832486937,0.43958895922629837,0.012437810945273634,8.0,0.8646816701021308,False,4.0,True,reset,0,101
152,14.0,0.2042431225822951,0.4380607395078308,0.012376237623762377,8.0,0.8646816701021308,False,-4.0,True,reset,0,101
153,4.0,0.25350420632613746,0.4368700521969812,0.01231527093596059,8.0,0.8646816701021308,False,6.0,True,reset,0,101
154,4.0,0.3025238141692747,0.4360088583634703,0.012254901960784314,8.0,0.8646816701021308,False,6.0,True,reset,0,101
155,14.0,0.22935308246195762,0.4346925795360721,0.012195121951219514,8.0,0.8646816701021308,False,-4.0,True,reset,0,101
156,4.0,0.27789677178234595,0.4337002010059853,0.012135922330097087,8.0,0.8646816701021308,False,6.0,True,reset,0,101
157,6.0,0.3020513611543266,0.4328722208811321,0.012077294685990338,8.0,0.8646816701021308,False,4.0,True,reset,0,101
158,6.0,0.3260898226927882,0.432204830892455,0.01201923076923077,8.0,0.8646816701021308,False,4.0,True,reset,0,101
159,14.0,0.2543194877645585,0.4310999529848283,0.01196172248803828,8.0,0.8646816701021308,False,-4.0,True,reset,0,101
160,4.0,0.3019385353836061,0.4303026602835862,0.011904761904761904,8.0,0.8646816701021308,False,6.0,True,reset,0,101
161,6.0,0.3256352178480611,0.429660528734902,0.011848341232227487,8.0,0.8646816701021308,False,4.0,True,reset,0,101
162,10.0,0.30205031218768374,0.42888241765839463,0.01179245283018868,8.0,0.8646816701021308,False,0.0,True,reset,0,101
163,8.0,0.30205031218768374,0.42811373823129945,0.011737089201877935,8.0,0.8646816701021308,False,2.0,True,reset,0,101
164,6.0,0.32541479816899216,0.42749506991767106,0.011682242990654205,8.0,0.8646816701021308,False,4.0,True,reset,0,101
165,8.0,0.32541479816899216,0.42688381080540355,0.011627906976744184,8.0,0.8646816701021308,False,2.0,True,reset,0,101
166,12.0,0.2791185018726959,0.42600425539508985,0.011574074074074073,8.0,0.8646816701021308,False,-2.0,True,reset,0,101
167,8.0,0.2791185018726959,0.42513510892454315,0.01152073732718894,8.0,0.8646816701021308,False,2.0,True,reset,0,101
168,6.0,0.30205428168920967,0.42441110405845295,0.011467889908256883,8.0,0.8646816701021308,False,4.0,True,reset,0,101
169,6.0,0.32488533191752017,0.4238290819991492,0.011415525114155252,8.0,0.8646816701021308,False,4.0,True,reset,0,101
170,10.0,0.30215805919024746,0.4231216923316556,0.011363636363636364,8.0,0.8646816701021308,False,0.0,True,reset,0,101
171,12.0,0.2569091904119669,0.42216092642460534,0.011312217194570137,8.0,0.8646816701021308,False,-2.0,True,reset,0,101
172,6.0,0.27943171293448943,0.4213406435884553,0.011261261261261262,8.0,0.8646816701021308,False,4.0,True,reset,0,101
173,14.0,0.21216713894345804,0.4201453664190553,0.011210762331838566,8.0,0.8646816701021308,False,-4.0,True,reset,0,101
174,4.0,0.25680999608631516,0.41921732454216476,0.011160714285714286,8.0,0.8646816701021308,False,6.0,True,reset,0,101
175,6.0,0.27903221830853736,0.41842531829225726,0.011111111111111112,8.0,0.8646816701021308,False,4.0,True,reset,0,101
176,8.0,0.27903221830853736,0.41764221098897797,0.011061946902654869,8.0,0.8646816701021308,False,2.0,True,reset,0,101
177,12.0,0.234979354872414,0.41662174810564523,0.011013215859030838,8.0,0.8646816701021308,False,-2.0,True,reset,0,101
178,4.0,0.278839003995221,0.4158562884161428,0.010964912280701754,8.0,0.8646816701021308,False,6.0,True,reset,0,101
179,8.0,0.278839003995221,0.4150992868447565,0.01091703056768559,8.0,0.8646816701021308,False,2.0,True,reset,0,101
180,16.0,0.19188248225609056,0.4138728208854781,0.010869565217391306,8.0,0.8646816701021308,False,-6.0,True,reset,0,101
181,6.0,0.2135275039011122,0.4127780377325581,0.010822510822510822,8.0,0.8646816701021308,False,4.0,True,reset,0,101
182,4.0,0.25663095217697424,0.4119294122675821,0.010775862068965516,8.0,0.8646816701021308,False,6.0,True,reset,0,101
183,4.0,0.29954940711259653,0.41132195278025785,0.01072961373390558,8.0,0.8646816701021308,False,6.0,True,reset,0,101
184,6.0,0.3209169284801179,0.41083590426251515,0.010683760683760686,8.0,0.8646816701021308,False,4.0,True,reset,0,101
185,20.0,0.19325735401203278,0.40967238260342165,0.010638297872340425,8.0,0.8646816701021308,False,-10.0,True,reset,0,101
186,8.0,0.19325735401203278,0.40852123883431857,0.01059322033898305,8.0,0.8646816701021308,False,2.0,True,reset,0,101
187,16.0,0.10886916835802435,0.4069357781439678,0.010548523206751054,8.0,0.8646816701021308,False,-66.0,False,reset,0,101
188,4.0,0.15088597508071344,0.4055881476015296,0.01050420168067227,8.0,0.8646816701021308,False,6.0,True,reset,0,101
189,4.0,0.19272697926481386,0.40447369122280336,0.010460251046025104,8.0,0.8646816701021308,False,6.0,True,reset,0,101
190,8.0,0.19272697926481386,0.40337084376468885,0.010416666666666666,8.0,0.8646816701021308,False,2.0,True,reset,0,101
191,6.0,0.21347386723161885,0.4023869216064864,0.01037344398340249,8.0,0.8646816701021308,False,4.0,True,reset,0,101
192,6.0,0.23413502425641225,0.4015196437850943,0.010330578512396695,8.0,0.8646816701021308,False,4.0,True,reset,0,101
193,10.0,0.21355889256916943,0.4005557424968075,0.010288065843621401,8.0,0.8646816701021308,False,0.0,True,reset,0,101
194,6.0,0.23405069584785795,0.3997062269526802,0.010245901639344263,8.0,0.8646816701021308,False,4.0,True,reset,0,101
195,8.0,0.23405069584785795,0.39886533593184353,0.01020408163265306,8.0,0.8646816701021308,False,2.0,True,reset,0,101
196,8.0,0.23405069584785795,0.39803293875970214,0.010162601626016262,8.0,0.8646816701021308,False,2.0,True,reset,0,101
197,10.0,0.21380778086810087,0.3971071841974328,0.010121457489878544,8.0,0.8646816701021308,False,0.0,True,reset,0,101
198,10.0,0.19364649054552022,0.3960898807291732,0.010080645161290324,8.0,0.8646816701021308,False,-60.0,False,reset,0,101
199,8.0,0.19364649054552022,0.39508269968348336,0.010040160642570281,8.0,0.8646816701021308,False,-58.0,False,reset,0,101
200,10.0,0.17364649054552023,0.3939864808263648,0.01,8.0,0.8646816701021308,True,-600.0,False,reset,0,101
201,6.0,0.19356680927061984,0.3929991918039227,0.0099601593625498,8.0,0.8646816701021308,True,40.0,True,reset,0,101
202,4.0,0.23324934895315952,0.392216104338968,0.009920634920634922,8.0,0.8646816701021308,True,60.0,True,reset,0,101
203,8.0,0.23324934895315952,0.3914406567517202,0.009881422924901186,8.0,0.8646816701021308,True,-580.0,False,reset,0,101
204,4.0,0.272619427693317,0.3908638546689124,0.00984251968503937,8.0,0.8646816701021308,True,60.0,True,reset,0,101
205,4.0,0.3118351139678268,0.3904820733128685,0.009803921568627453,8.0,0.8646816701021308,True,60.0,True,reset,0,101
206,10.0,0.2923038639678268,0.39001006269101735,0.009765625,8.0,0.8646816701021308,True,0.0,True,reset,0,101
207,6.0,0.31175911688611474,0.3896356562517594,0.00972762645914397,8.0,0.8646816701021308,True,40.0,True,reset,0,101
208,4.0,0.3505188068085954,0.3894493855401253,0.009689922480620155,8.0,0.8646816701021308,True,60.0,True,reset,0,101
209,4.0,0.389128845418634,0.3894478663926301,0.009652509652509654,8.0,0.8646816701021308,True,60.0,True,reset,0,101
210,6.0,0.40835961464940324,0.38953707275233185,0.009615384615384616,8.0,0.8646816701021308,True,40.0,True,reset,0,101
211,4.0,0.44667379089461395,0.3898053202553472,0.009578544061302683,8.0,0.8646816701021308,True,-540.0,False,reset,0,101
212,8.0,0.44667379089461395,0.3900710607723531,0.009541984732824428,8.0,0.8646816701021308,True,20.0,True,reset,0,101
213,4.0,0.4846966045828269,0.3905111795807739,0.009505703422053233,8.0,0.8646816701021308,True,60.0,True,reset,0,101
214,6.0,0.5036359985222209,0.39103490559439175,0.00946969696969697,8.0,0.8646816701021308,True,40.0,True,reset,0,101
215,4.0,0.5413718475788246,0.39172770256206196,0.009433962264150945,8.0,0.8646816701021308,True,60.0,True,reset,0,101
216,8.0,0.5413718475788246,0.392414143594249,0.009398496240601503,8.0,0.8646816701021308,True,20.0,True,reset,0,101
217,4.0,0.7413718475788247,0.39400755776769447,0.05,8.0,0.8646816701021308,True,60.0,True,reset,1,101
218,4.0,0.9374502789513737,0.39647775195489304,0.049019607843137254,8.0,0.8646816701021308,True,60.0,True,reset,1,101
219,4.0,1.129757971259066,0.39979576199699335,0.04807692307692308,8.0,0.8646816701021308,True,60.0,True,reset,1,101
220,4.0,1.3184372165420848,0.4039337865670163,0.04716981132075472,8.0,0.8646816701021308,True,60.0,True,reset,1,101
221,6.0,1.4110298091346773,0.40844991222875465,0.046296296296296294,8.0,0.8646816701021308,True,40.0,True,reset,1,101
222,8.0,1.4110298091346773,0.4129257153399418,0.045454545454545456,8.0,0.8646816701021308,True,20.0,True,reset,1,101
223,6.0,1.5003155234203915,0.4177585589314105,0.044642857142857144,8.0,0.8646816701021308,True,40.0,True,reset,1,101
224,4.0,1.6757541199116197,0.42332491097114594,0.043859649122807015,8.0,0.8646816701021308,True,60.0,True,reset,1,101
225,4.0,1.848167913015068,0.4296017523898416,0.04310344827586207,8.0,0.8646816701021308,True,-540.0,False,reset,1,101
226,4.0,2.017659438438797,0.43656691767953,0.04237288135593221,8.0,0.8646816701021308,True,60.0,True,reset,1,101
227,4.0,2.1843261051054634,0.4441990538691629,0.04166666666666667,8.0,0.8646816701021308,True,60.0,True,reset,1,101
228,6.0,2.2662933182202174,0.4521212028446023,0.04098360655737705,8.0,0.8646816701021308,True,40.0,True,reset,1,101
229,6.0,2.34693847951054,0.46032387503796135,0.040322580645161296,8.0,0.8646816701021308,True,40.0,True,reset,1,101
230,4.0,2.5056686382406985,0.46914001625866275,0.03968253968253969,8.0,0.8646816701021308,True,60.0,True,reset,1,101
231,6.0,2.5837936382406985,0.4782157828766114,0.0390625,8.0,0.8646816701021308,True,40.0,True,reset,1,101
232,8.0,2.5837936382406985,0.48721397883970574,0.038461538461538464,8.0,0.8646816701021308,True,20.0,True,reset,1,101
233,8.0,2.5837936382406985,0.49613559441162486,0.03787878787878788,8.0,0.8646816701021308,True,20.0,True,reset,1,101
234,6.0,2.6584205039123403,0.5052978186044245,0.03731343283582089,8.0,0.8646816701021308,True,40.0,True,reset,1,101
235,6.0,2.7319499156770464,0.5146929751321571,0.03676470588235295,8.0,0.8646816701021308,True,40.0,True,reset,1,101
236,10.0,2.6594861475611045,0.5237047111507661,0.03623188405797102,8.0,0.8646816701021308,True,0.0,True,reset,1,101
237,4.0,2.8023432904182473,0.5332387637836845,0.03571428571428572,8.0,0.8646816701021308,True,60.0,True,reset,1,101
238,6.0,2.8727658256295148,0.5429867932080421,0.035211267605633804,8.0,0.8646816701021308,True,40.0,True,reset,1,101
239,10.0,2.80332138118507,0.5523657749008928,0.034722222222222224,8.0,0.8646816701021308,True,0.0,True,reset,1,101
240,10.0,2.734828230500139,0.5613842148000633,0.03424657534246576,8.0,0.8646816701021308,True,0.0,True,reset,1,101
241,6.0,2.8023957980677063,0.5706064846900535,0.033783783783783786,8.0,0.8646816701021308,True,40.0,True,reset,1,101
242,8.0,2.8023957980677063,0.5797531622038963,0.03333333333333333,8.0,0.8646816701021308,True,20.0,True,reset,1,101
243,14.0,2.605027377015075,0.5880195875704725,0.03289473684210526,8.0,0.8646816701021308,True,-40.0,True,reset,1,101
244,6.0,2.66996244195014,0.5964827699053492,0.03246753246753247,8.0,0.8646816701021308,True,40.0,True,reset,1,101
245,4.0,2.798167570155268,0.6053964735500857,0.032051282051282055,8.0,0.8646816701021308,True,60.0,True,reset,1,101
246,6.0,2.8614587093957744,0.6144934986946248,0.03164556962025317,8.0,0.8646816701021308,True,40.0,True,reset,1,101
247,10.0,2.7989587093957744,0.623266451348043,0.03125,8.0,0.8646816701021308,True,0.0,True,reset,1,101
248,10.0,2.737230314334046,0.6317223067999871,0.030864197530864196,8.0,0.8646816701021308,True,0.0,True,reset,1,101
249,6.0,2.798205924090144,0.6403537156338125,0.03048780487804878,8.0,0.8646816701021308,True,40.0,True,reset,1,101
250,8.0,2.798205924090144,0.6489166212229249,0.030120481927710843,8.0,0.8646816701021308,True,-580.0,False,reset,1,101
251,8.0,2.798205924090144,0.6574118358587638,0.02976190476190476,8.0,0.8646816701021308,True,20.0,True,reset,1,101
252,8.0,2.798205924090144,0.6658401590407772,0.029411764705882353,8.0,0.8646816701021308,True,20.0,True,reset,1,101
253,10.0,2.7400663892064228,0.6739743795512306,0.029069767441860468,8.0,0.8646816701021308,True,0.0,True,reset,1,101
254,6.0,2.797537653574239,0.682269548590383,0.02873563218390805,8.0,0.8646816701021308,True,40.0,True,reset,1,101
255,10.0,2.7407194717560572,0.6902790813653468,0.02840909090909091,8.0,0.8646816701021308,True,0.0,True,reset,1,101
256,8.0,2.7407194717560572,0.6982265247389541,0.02808988764044944,8.0,0.8646816701021308,True,20.0,True,reset,1,101
257,8.0,2.7407194717560572,0.7061125978934603,0.02777777777777778,8.0,0.8646816701021308,True,20.0,True,reset,1,101
258,6.0,2.795664526701112,0.7141493360811819,0.027472527472527472,8.0,0.8646816701021308,True,40.0,True,reset,1,101
259,8.0,2.795664526701112,0.7221244900682314,0.027173913043478264,8.0,0.8646816701021308,True,20.0,True,reset,1,101
260,6.0,2.849427967561327,0.7302439689899608,0.02688172043010753,8.0,0.8646816701021308,True,40.0,True,reset,1,101
261,10.0,2.7962364781996247,0.7380994538158531,0.026595744680851068,8.0,0.8646816701021308,True,0.0,True,reset,1,101
262,6.0,2.8488680571469933,0.7460947894345317,0.026315789473684213,8.0,0.8646816701021308,True,40.0,True,reset,1,101
263,14.0,2.6926180571469933,0.7534401602560882,0.026041666666666668,8.0,0.8646816701021308,True,-40.0,True,reset,1,101
264,4.0,2.795710840652148,0.7611178695808853,0.025773195876288662,8.0,0.8646816701021308,True,60.0,True,reset,1,101
265,10.0,2.744690432488883,0.7685469803033872,0.025510204081632654,8.0,0.8646816701021308,True,0.0,True,reset,1,101
266,6.0,2.7951954829939334,0.7761091015820832,0.025252525252525256,8.0,0.8646816701021308,True,40.0,True,reset,1,101
267,6.0,2.845195482993933,0.7838008725166998,0.025,8.0,0.8646816701021308,True,40.0,True,reset,1,101
268,8.0,2.845195482993933,0.7914356673703193,0.024752475247524754,8.0,0.8646816701021308,True,-580.0,False,reset,1,101
269,8.0,2.845195482993933,0.7990141168744656,0.024509803921568627,8.0,0.8646816701021308,True,20.0,True,reset,1,101
270,10.0,2.796651793673545,0.8063583730391679,0.024271844660194174,8.0,0.8646816701021308,True,0.0,True,reset,1,101
271,18.0,2.5562671782889295,0.8127682954027202,0.02403846153846154,8.0,0.8646816701021308,True,-80.0,True,reset,1,101
272,20.0,2.270552892574644,0.8180886771442235,0.023809523809523808,8.0,0.8646816701021308,True,-100.0,True,reset,1,101
273,4.0,2.3648925152161535,0.823713418373576,0.02358490566037736,8.0,0.8646816701021308,True,-540.0,False,reset,1,101
274,4.0,2.458350459141387,0.8296360163473725,0.02336448598130841,8.0,0.8646816701021308,True,60.0,True,reset,1,101
275,6.0,2.5046467554376832,0.8356829865245938,0.023148148148148147,8.0,0.8646816701021308,True,40.0,True,reset,1,101
276,10.0,2.4587751958046558,0.8415214477090545,0.022935779816513766,8.0,0.8646816701021308,True,0.0,True,reset,1,101
277,4.0,2.5496842867137466,0.8476438951606842,0.022727272727272728,8.0,0.8646816701021308,True,60.0,True,reset,1,101
278,4.0,2.6397743768038366,0.8540443611665527,0.022522522522522525,8.0,0.8646816701021308,True,-540.0,False,reset,1,101
279,6.0,2.684417233946694,0.8605581436319625,0.022321428571428572,8.0,0.8646816701021308,True,-560.0,False,reset,1,101
280,4.0,2.772912809167933,0.8673395431551396,0.022123893805309738,8.0,0.8646816701021308,True,60.0,True,reset,1,101
281,10.0,2.729053160045126,0.8739180365010406,0.021929824561403508,8.0,0.8646816701021308,True,0.0,True,reset,1,101
282,8.0,2.729053160045126,0.8804502024290127,0.02173913043478261,8.0,0.8646816701021308,True,20.0,True,reset,1,101
283,8.0,2.729053160045126,0.8869365285960867,0.021551724137931032,8.0,0.8646816701021308,True,20.0,True,reset,1,101
284,6.0,2.7717882027801686,0.8935269190652618,0.02136752136752137,8.0,0.8646816701021308,True,40.0,True,reset,1,101
285,6.0,2.8141610841361007,0.9002190241700383,0.0211864406779661,8.0,0.8646816701021308,True,40.0,True,reset,1,101
286,8.0,2.8141610841361007,0.9068646563226983,0.02100840336134454,8.0,0.8646816701021308,True,20.0,True,reset,1,101
287,10.0,2.772494417469434,0.9133201226242441,0.020833333333333332,8.0,0.8646816701021308,True,-600.0,False,reset,1,101
288,8.0,2.772494417469434,0.9197310684685378,0.02066115702479339,8.0,0.8646816701021308,True,20.0,True,reset,1,101
289,14.0,2.649543597797303,0.9256754414215576,0.020491803278688527,8.0,0.8646816701021308,True,-40.0,True,reset,1,101
290,4.0,2.7308444108054335,0.9318575269331462,0.020325203252032523,8.0,0.8646816701021308,True,60.0,True,reset,1,101
291,10.0,2.690521830160272,0.9378597941796551,0.020161290322580648,8.0,0.8646816701021308,True,0.0,True,reset,1,101
292,4.0,2.770521830160272,0.9440933385197252,0.02,8.0,0.8646816701021308,True,60.0,True,reset,1,101
293,12.0,2.6911567507951926,0.9500155873748962,0.019841269841269844,8.0,0.8646816701021308,True,-20.0,True,reset,1,101
294,6.0,2.73052682953535,0.9560308280578707,0.01968503937007874,8.0,0.8646816701021308,True,40.0,True,reset,1,101
295,12.0,2.65240182953535,0.9617425149315322,0.01953125,8.0,0.8646816701021308,True,-20.0,True,reset,1,101
296,4.0,2.7299212093803114,0.9676760004833738,0.01937984496124031,8.0,0.8646816701021308,True,-540.0,False,reset,1,101
297,10.0,2.691459670918773,0.9734411632607498,0.019230769230769232,8.0,0.8646816701021308,True,0.0,True,reset,1,101
298,6.0,2.7296276098500707,0.9792951180827142,0.019083969465648856,8.0,0.8646816701021308,True,-560.0,False,reset,1,101
299,8.0,2.7296276098500707,0.985110176194898,0.01893939393939394,8.0,0.8646816701021308,True,20.0,True,reset,1,101
300,10.0,2.6920336248876646,0.990762240594543,0.018796992481203006,8.0,0.8646816701021308,True,0.0,True,reset,1,101
301,8.0,2.6920336248876646,0.9963769976384146,0.01865671641791045,8.0,0.8646816701021308,True,20.0,True,reset,1,101
302,4.0,2.7661076989617386,1.002198480208557,0.018518518518518517,8.0,0.8646816701021308,True,60.0,True,reset,1,101
303,16.0,2.619048875432327,1.0074996290453562,0.018382352941176475,8.0,0.8646816701021308,True,-60.0,True,reset,1,101
304,4.0,2.692041576162254,1.0130046680882219,0.01824817518248175,8.0,0.8646816701021308,True,60.0,True,reset,1,101
305,8.0,2.692041576162254,1.0184738436845542,0.01811594202898551,8.0,0.8646816701021308,True,-580.0,False,reset,1,101
306,10.0,2.656070353140671,1.0237907154685026,0.017985611510791366,8.0,0.8646816701021308,True,0.0,True,reset,1,101
307,4.0,2.7274989245692427,1.0293043342681814,0.01785714285714286,8.0,0.8646816701021308,True,60.0,True,reset,1,101
308,14.0,2.6211159458458386,1.0344392104345608,0.017730496453900707,8.0,0.8646816701021308,True,-40.0,True,reset,1,101
309,6.0,2.6563272134514726,1.0396542843992453,0.017605633802816902,8.0,0.8646816701021308,True,40.0,True,reset,1,101
310,4.0,2.7262572833815426,1.0450600632421374,0.01748251748251748,8.0,0.8646816701021308,True,-540.0,False,reset,1,101
311,6.0,2.760979505603765,1.0505422339845067,0.017361111111111112,8.0,0.8646816701021308,True,-560.0,False,reset,1,101
312,10.0,2.7264967469830754,1.055879668739279,0.017241379310344827,8.0,0.8646816701021308,True,0.0,True,reset,1,101
313,16.0,2.5895104456132123,1.0607483378722122,0.01712328767123288,8.0,0.8646816701021308,True,-60.0,True,reset,1,101
314,6.0,2.623524051055389,1.06569383063545,0.017006802721088437,8.0,0.8646816701021308,True,40.0,True,reset,1,101
315,4.0,2.6910916186229565,1.0708212684524454,0.016891891891891893,8.0,0.8646816701021308,True,60.0,True,reset,1,101
316,8.0,2.6910916186229565,1.075916458232856,0.016778523489932886,8.0,0.8646816701021308,True,20.0,True,reset,1,101
317,4.0,2.7577582852896234,1.0811886896656357,0.016666666666666666,8.0,0.8646816701021308,True,-540.0,False,reset,1,101
318,8.0,2.7577582852896234,1.0864279696519608,0.016556291390728478,8.0,0.8646816701021308,True,20.0,True,reset,1,101
319,12.0,2.691968811605413,1.0914296545178594,0.01644736842105263,8.0,0.8646816701021308,True,-20.0,True,reset,1,101
320,6.0,2.724648550167504,1.0965017628894422,0.016339869281045753,8.0,0.8646816701021308,True,40.0,True,reset,1,101
321,10.0,2.692181017699972,1.101441946340868,0.016233766233766236,8.0,0.8646816701021308,True,0.0,True,reset,1,101
322,6.0,2.724439082216101,1.106451196760236,0.016129032258064516,8.0,0.8646816701021308,True,40.0,True,reset,1,101
323,14.0,2.6282852360622546,1.1111337630350115,0.016025641025641028,8.0,0.8646816701021308,True,-40.0,True,reset,1,101
324,6.0,2.6601323698202166,1.1158852925036777,0.01592356687898089,8.0,0.8646816701021308,True,40.0,True,reset,1,101
325,6.0,2.69177793944047,1.1207045360722916,0.015822784810126583,8.0,0.8646816701021308,True,40.0,True,reset,1,101
326,8.0,2.69177793944047,1.1254943940093896,0.015723270440251572,8.0,0.8646816701021308,True,-580.0,False,reset,1,101
327,8.0,2.69177793944047,1.1302551342690585,0.015625,8.0,0.8646816701021308,True,20.0,True,reset,1,101
328,8.0,2.69177793944047,1.1349870215574567,0.015527950310559006,8.0,0.8646816701021308,True,20.0,True,reset,1,101
329,8.0,2.69177793944047,1.1396903173818764,0.015432098765432098,8.0,0.8646816701021308,True,20.0,True,reset,1,101
330,10.0,2.6611030928147033,1.1442728859825777,0.015337423312883436,8.0,0.8646816701021308,True,0.0,True,reset,1,101
331,14.0,2.569639678180557,1.1485532667399292,0.01524390243902439,8.0,0.8646816701021308,True,-640.0,False,reset,1,101
332,4.0,2.6302457387866176,1.152989471746057,0.015151515151515152,8.0,0.8646816701021308,True,60.0,True,reset,1,101
333,4.0,2.690486702642039,1.1575790157188808,0.015060240963855423,8.0,0.8646816701021308,True,60.0,True,reset,1,101
334,4.0,2.750366942162997,1.162319455976155,0.014970059880239523,8.0,0.8646816701021308,True,60.0,True,reset,1,101
335,18.0,2.6015574183534733,1.1665901917695596,0.014880952380952382,8.0,0.8646816701021308,True,-80.0,True,reset,1,101
336,6.0,2.6311432171700413,1.1709231888861291,0.014792899408284025,8.0,0.8646816701021308,True,40.0,True,reset,1,101
337,6.0,2.6605549818759235,1.1753173829657448,0.014705882352941178,8.0,0.8646816701021308,True,40.0,True,reset,1,101
338,4.0,2.719034514039666,1.1798577274689035,0.014619883040935673,8.0,0.8646816701021308,True,60.0,True,reset,1,101
339,6.0,2.7481042814815266,1.1844566909704068,0.014534883720930234,8.0,0.8646816701021308,True,40.0,True,reset,1,101
340,6.0,2.777006015585573,1.1891132679429657,0.014450867052023123,8.0,0.8646816701021308,True,40.0,True,reset,1,101
341,10.0,2.748270383401665,1.1936589155099009,0.014367816091954025,8.0,0.8646816701021308,True,0.0,True,reset,1,101
342,6.0,2.7768418119730933,1.1982611913717125,0.014285714285714287,8.0,0.8646816701021308,True,40.0,True,reset,1,101
343,12.0,2.7200236301549117,1.202672096991374,0.014204545454545456,8.0,0.8646816701021308,True,-20.0,True,reset,1,101
344,10.0,2.69177504258429,1.2069758627300817,0.014124293785310734,8.0,0.8646816701021308,True,0.0,True,reset,1,101
345,4.0,2.747954817865189,1.211416724272258,0.01404494382022472,8.0,0.8646816701021308,True,60.0,True,reset,1,101
346,8.0,2.747954817865189,1.215832063621663,0.013966480446927375,8.0,0.8646816701021308,True,20.0,True,reset,1,101
347,18.0,2.6090659289763,1.219824137734427,0.01388888888888889,8.0,0.8646816701021308,True,-80.0,True,reset,1,101
348,6.0,2.636690238368565,1.2238723265933815,0.013812154696132598,8.0,0.8646816701021308,True,40.0,True,reset,1,101
349,4.0,2.69163529331362,1.2280539874672283,0.013736263736263736,8.0,0.8646816701021308,True,60.0,True,reset,1,101
350,8.0,2.69163529331362,1.232211888904292,0.01366120218579235,8.0,0.8646816701021308,True,-580.0,False,reset,1,101
351,6.0,2.718809206357098,1.2364232127497672,0.01358695652173913,8.0,0.8646816701021308,True,40.0,True,reset,1,101
352,20.0,2.5566470441949356,1.2401526586013074,0.013513513513513514,8.0,0.8646816701021308,True,-100.0,True,reset,1,101
353,4.0,2.6104104850551506,1.2440125398025856,0.013440860215053764,8.0,0.8646816701021308,True,60.0,True,reset,1,101
354,6.0,2.637148452969589,1.2479258429294593,0.013368983957219251,8.0,0.8646816701021308,True,-560.0,False,reset,1,101
355,8.0,2.637148452969589,1.2518172227895157,0.013297872340425532,8.0,0.8646816701021308,True,20.0,True,reset,1,101
356,4.0,2.6900585058796422,1.255834656541164,0.013227513227513227,8.0,0.8646816701021308,True,60.0,True,reset,1,101
357,6.0,2.7163742953533263,1.2599030120810308,0.013157894736842105,8.0,0.8646816701021308,True,40.0,True,reset,1,101
358,8.0,2.7163742953533263,1.263948765645676,0.013089005235602096,8.0,0.8646816701021308,True,20.0,True,reset,1,101
359,6.0,2.742415962019993,1.2680442426439429,0.013020833333333334,8.0,0.8646816701021308,True,40.0,True,reset,1,101
360,12.0,2.690602490517402,1.2719739615607204,0.01295336787564767,8.0,0.8646816701021308,True,-20.0,True,reset,1,101
361,4.0,2.742148882269979,1.276024030212812,0.012886597938144331,8.0,0.8646816701021308,True,-540.0,False,reset,1,101
362,8.0,2.742148882269979,1.2800518457404417,0.012820512820512822,8.0,0.8646816701021308,True,20.0,True,reset,1,101
363,6.0,2.7676590863516117,1.2841274820160886,0.012755102040816327,8.0,0.8646816701021308,True,40.0,True,reset,1,101
364,8.0,2.7676590863516117,1.2881808470552567,0.01269035532994924,8.0,0.8646816701021308,True,20.0,True,reset,1,101
365,12.0,2.717154035846561,1.2920745069702193,0.012626262626262628,8.0,0.8646816701021308,True,-620.0,False,reset,1,101
366,8.0,2.717154035846561,1.295947005689992,0.01256281407035176,8.0,0.8646816701021308,True,20.0,True,reset,1,101
367,20.0,2.567154035846561,1.2993920111917714,0.0125,8.0,0.8646816701021308,True,-700.0,False,reset,1,101
368,4.0,2.6169052796276557,1.3029528578632197,0.012437810945273634,8.0,0.8646816701021308,True,60.0,True,reset,1,101
369,6.0,2.6416577548751805,1.306561226857861,0.012376237623762377,8.0,0.8646816701021308,True,-560.0,False,reset,1,101
370,6.0,2.6662882967471018,1.310216407153262,0.01231527093596059,8.0,0.8646816701021308,True,40.0,True,reset,1,101
371,8.0,2.6662882967471018,1.313851988626704,0.012254901960784314,8.0,0.8646816701021308,True,20.0,True,reset,1,101
372,8.0,2.6662882967471018,1.3174681284879886,0.012195121951219514,8.0,0.8646816701021308,True,20.0,True,reset,1,101
373,8.0,2.6662882967471018,1.3210649822700127,0.012135922330097087,8.0,0.8646816701021308,True,20.0,True,reset,1,101
374,4.0,2.7145974754910633,1.3247711857094304,0.012077294685990338,8.0,0.8646816701021308,True,60.0,True,reset,1,101
375,14.0,2.6424820908756788,1.328266440099792,0.01201923076923077,8.0,0.8646816701021308,True,-40.0,True,reset,1,101
376,8.0,2.6424820908756788,1.3317432010806804,0.01196172248803828,8.0,0.8646816701021308,True,20.0,True,reset,1,101
377,4.0,2.690101138494726,1.3353272589630394,0.011904761904761904,8.0,0.8646816701021308,True,60.0,True,reset,1,101
378,8.0,2.690101138494726,1.3388924533828597,0.011848341232227487,8.0,0.8646816701021308,True,20.0,True,reset,1,101
379,8.0,2.690101138494726,1.3424389328713424,0.01179245283018868,8.0,0.8646816701021308,True,20.0,True,reset,1,101
380,8.0,2.690101138494726,1.3459668444043877,0.011737089201877935,8.0,0.8646816701021308,True,20.0,True,reset,1,101
381,6.0,2.7134656244760347,1.3495373373027473,0.011682242990654205,8.0,0.8646816701021308,True,40.0,True,reset,1,101
382,8.0,2.7134656244760347,1.3530892338839278,0.011627906976744184,8.0,0.8646816701021308,True,20.0,True,reset,1,101
383,6.0,2.736613772624183,1.3566828041144219,0.011574074074074073,8.0,0.8646816701021308,True,40.0,True,reset,1,101
384,10.0,2.7135722979698054,1.3601980618705238,0.01152073732718894,8.0,0.8646816701021308,True,0.0,True,reset,1,101
385,12.0,2.667700738336778,1.3635766217580334,0.011467889908256883,8.0,0.8646816701021308,True,-20.0,True,reset,1,101
386,4.0,2.713362838793399,1.3670554522143101,0.011415525114155252,8.0,0.8646816701021308,True,-540.0,False,reset,1,101
387,6.0,2.7360901115206717,1.3705748215184397,0.011363636363636364,8.0,0.8646816701021308,True,40.0,True,reset,1,101
388,12.0,2.6908412427423913,1.3739601200343985,0.011312217194570137,8.0,0.8646816701021308,True,-20.0,True,reset,1,101
389,6.0,2.713363765264914,1.377385704804809,0.011261261261261262,8.0,0.8646816701021308,True,40.0,True,reset,1,101
390,8.0,2.713363765264914,1.3807938121019012,0.011210762331838566,8.0,0.8646816701021308,True,20.0,True,reset,1,101
391,12.0,2.6687209081220566,1.3840709802851587,0.011160714285714286,8.0,0.8646816701021308,True,-20.0,True,reset,1,101
392,4.0,2.713165352566501,1.387444316255416,0.011111111111111112,8.0,0.8646816701021308,True,60.0,True,reset,1,101
393,6.0,2.735289246371811,1.3908565819012804,0.011061946902654869,8.0,0.8646816701021308,True,40.0,True,reset,1,101
394,10.0,2.713262814653749,1.394195991579948,0.011013215859030838,8.0,0.8646816701021308,True,0.0,True,reset,1,101
395,6.0,2.735192639215153,1.397573816888853,0.010964912280701754,8.0,0.8646816701021308,True,40.0,True,reset,1,101
396,14.0,2.6696904558090395,1.4007700898509639,0.01091703056768559,8.0,0.8646816701021308,True,-40.0,True,reset,1,101
397,10.0,2.647951325374257,1.403895857358541,0.010869565217391306,8.0,0.8646816701021308,True,-600.0,False,reset,1,101
398,6.0,2.6695963470192785,1.4070601085826928,0.010822510822510822,8.0,0.8646816701021308,True,40.0,True,reset,1,101
399,8.0,2.6695963470192785,1.4102085780052278,0.010775862068965516,8.0,0.8646816701021308,True,20.0,True,reset,1,101
0,10.0,0.9,0.95,0.05,8.0,0.8646816701021308,False,0.0,True,reset,0,102
1,10.0,0.8019607843137255,0.9006535947712418,0.049019607843137254,8.0,0.8646816701021308,False,0.0,True,reset,0,102
2,6.0,0.8981146304675717,0.9000188536953243,0.04807692307692308,8.0,0.8646816701021308,False,4.0,True,reset,0,102
3,8.0,0.8981146304675717,0.8996380090497738,0.04716981132075472,8.0,0.8646816701021308,False,2.0,True,reset,0,102
4,8.0,0.8981146304675717,0.8993841126194068,0.046296296296296294,8.0,0.8646816701021308,False,2.0,True,reset,0,102
5,8.0,0.8981146304675717,0.8992027580262876,0.045454545454545456,8.0,0.8646816701021308,False,2.0,True,reset,0,102
6,6.0,0.987400344753286,0.9102274563671624,0.044642857142857144,8.0,0.8646816701021308,False,4.0,True,reset,0,102
7,14.0,0.7242424500164439,0.889562455661527,0.043859649122807015,8.0,0.8646816701021308,False,-4.0,True,reset,0,102
8,6.0,0.8104493465681681,0.8816511447521911,0.04310344827586207,8.0,0.8646816701021308,False,4.0,True,reset,0,102
9,10.0,0.7257035838563037,0.8674740937616559,0.04237288135593221,8.0,0.8646816701021308,False,0.0,True,reset,0,102
10,6.0,0.8090369171896371,0.862604329047321,0.04166666666666667,8.0,0.8646816701021308,False,4.0,True,reset,0,102
11,6.0,0.8910041303043912,0.8647889291440187,0.04098360655737705,8.0,0.8646816701021308,False,4.0,True,reset,0,102
12,12.0,0.7297138077237459,0.8551407061854278,0.040322580645161296,8.0,0.8646816701021308,False,-2.0,True,reset,0,102
13,8.0,0.7297138077237459,0.846778912954649,0.03968253968253969,8.0,0.8646816701021308,False,2.0,True,reset,0,102
14,8.0,0.7297138077237459,0.8394623438777176,0.0390625,8.0,0.8646816701021308,False,2.0,True,reset,0,102
15,12.0,0.5758676538775921,0.8239567738777103,0.038461538461538464,8.0,0.8646816701021308,False,-2.0,True,reset,0,102
16,12.0,0.4243525023624406,0.8017565365713063,0.03787878787878788,8.0,0.8646816701021308,False,-2.0,True,reset,0,102
17,6.0,0.4989793680340824,0.7858208961219787,0.03731343283582089,8.0,0.8646816701021308,False,4.0,True,reset,0,102
18,6.0,0.5725087797987882,0.7751552903058192,0.03676470588235295,8.0,0.8646816701021308,False,4.0,True,reset,0,102
19,10.0,0.5000450116828462,0.7620548008475824,0.03623188405797102,8.0,0.8646816701021308,False,0.0,True,reset,0,102
20,12.0,0.3571878688257033,0.7436517584829516,0.03571428571428572,8.0,0.8646816701021308,False,-2.0,True,reset,0,102
21,6.0,0.4276104040369709,0.7299108300287785,0.035211267605633804,8.0,0.8646816701021308,False,4.0,True,reset,0,102
22,8.0,0.4276104040369709,0.7173149789457867,0.034722222222222224,8.0,0.8646816701021308,False,2.0,True,reset,0,102
23,20.0,0.016651499927381797,0.6892884397850504,0.03424657534246576,8.0,0.8646816701021308,False,-10.0,True,reset,0,102
24,6.0,0.08421906749494937,0.6660165408508157,0.033783783783783786,8.0,0.8646816701021308,False,4.0,True,reset,0,102
25,4.0,0.2175524008282827,0.6494067578870182,0.03333333333333333,8.0,0.8646816701021308,False,6.0,True,reset,0,102
26,4.0,0.3491313481967038,0.6386826361123641,0.03289473684210526,8.0,0.8646816701021308,False,6.0,True,reset,0,102
27,8.0,0.3491313481967038,0.6286981089428586,0.03246753246753247,8.0,0.8646816701021308,False,2.0,True,reset,0,102
28,6.0,0.41323391229926787,0.6215159690547389,0.032051282051282055,8.0,0.8646816701021308,False,4.0,True,reset,0,102
29,8.0,0.41323391229926787,0.614797193030369,0.03164556962025317,8.0,0.8646816701021308,False,2.0,True,reset,0,102
30,12.0,0.28823391229926787,0.604592090507522,0.03125,8.0,0.8646816701021308,False,-2.0,True,reset,0,102
31,8.0,0.28823391229926787,0.5950054790466659,0.030864197530864196,8.0,0.8646816701021308,False,2.0,True,reset,0,102
32,10.0,0.2272583025431703,0.5841893856200925,0.03048780487804878,8.0,0.8646816701021308,False,0.0,True,reset,0,102
33,8.0,0.2272583025431703,0.5739913546750376,0.030120481927710843,8.0,0.8646816701021308,False,2.0,True,reset,0,102
34,4.0,0.3463059215907893,0.5676667593115863,0.02976190476190476,8.0,0.8646816701021308,False,6.0,True,reset,0,102
35,14.0,0.16983533335549522,0.5569145586100703,0.029411764705882353,8.0,0.8646816701021308,False,-4.0,True,reset,0,102
36,6.0,0.22797486823921614,0.548258250968732,0.029069767441860468,8.0,0.8646816701021308,False,4.0,True,reset,0,102
37,4.0,0.34291739697484835,0.5429931008663248,0.02873563218390805,8.0,0.8646816701021308,False,6.0,True,reset,0,102
38,10.0,0.28609921515666653,0.5365707537235833,0.02840909090909091,8.0,0.8646816701021308,False,-60.0,False,reset,0,102
39,6.0,0.34227899043756543,0.5318319302288024,0.02808988764044944,8.0,0.8646816701021308,False,4.0,True,reset,0,102
40,22.0,0.0,0.5191692652233547,0.02777777777777778,8.0,0.8646816701021308,False,-12.0,True,reset,0,102
41,6.0,0.054945054945054944,0.5083733533564175,0.027472527472527472,8.0,0.8646816701021308,False,4.0,True,reset,0,102
42,4.0,0.163640707118968,0.5005385204873846,0.027173913043478264,8.0,0.8646816701021308,False,6.0,True,reset,0,102
43,4.0,0.2711675888393981,0.4954413886729849,0.02688172043010753,8.0,0.8646816701021308,False,6.0,True,reset,0,102
44,4.0,0.37755056756280236,0.492878544735807,0.026595744680851068,8.0,0.8646816701021308,False,6.0,True,reset,0,102
45,6.0,0.4301821465101708,0.49154457881611263,0.026315789473684213,8.0,0.8646816701021308,False,4.0,True,reset,0,102
46,10.0,0.37809881317683747,0.4891811253652944,0.026041666666666668,8.0,0.8646816701021308,False,0.0,True,reset,0,102
47,8.0,0.37809881317683747,0.48691413940226463,0.025773195876288662,8.0,0.8646816701021308,False,2.0,True,reset,0,102
48,12.0,0.27605799685030685,0.48269701655122543,0.025510204081632654,8.0,0.8646816701021308,False,-2.0,True,reset,0,102
49,8.0,0.27605799685030685,0.4786452710668937,0.025252525252525256,8.0,0.8646816701021308,False,2.0,True,reset,0,102
50,8.0,0.27605799685030685,0.4747493619473439,0.025,8.0,0.8646816701021308,False,2.0,True,reset,0,102
51,6.0,0.32556294734535635,0.4719345239359857,0.024752475247524754,8.0,0.8646816701021308,False,4.0,True,reset,0,102
52,10.0,0.2765433395022191,0.4683161686686937,0.024509803921568627,8.0,0.8646816701021308,False,0.0,True,reset,0,102
53,6.0,0.3250870288226074,0.465712002489674,0.024271844660194174,8.0,0.8646816701021308,False,4.0,True,reset,0,102
54,10.0,0.27701010574568435,0.4623423257621027,0.02403846153846154,8.0,0.8646816701021308,False,0.0,True,reset,0,102
55,8.0,0.27701010574568435,0.4590908833056743,0.023809523809523808,8.0,0.8646816701021308,False,2.0,True,reset,0,102
56,8.0,0.27701010574568435,0.45595155955464006,0.02358490566037736,8.0,0.8646816701021308,False,2.0,True,reset,0,102
57,18.0,0.043365245932600244,0.4489585711881648,0.02336448598130841,8.0,0.8646816701021308,False,-8.0,True,reset,0,102
58,4.0,0.13595783852519283,0.44374189231044864,0.023148148148148147,8.0,0.8646816701021308,False,6.0,True,reset,0,102
59,18.0,0.0,0.4364674350594577,0.022935779816513766,8.0,0.8646816701021308,False,-8.0,True,reset,0,102
60,6.0,0.045454545454545456,0.43016077554970106,0.022727272727272728,8.0,0.8646816701021308,False,4.0,True,reset,0,102
61,8.0,0.045454545454545456,0.4240543274529526,0.022522522522522525,8.0,0.8646816701021308,False,2.0,True,reset,0,102
62,6.0,0.09009740259740259,0.41883625050208456,0.022321428571428572,8.0,0.8646816701021308,False,4.0,True,reset,0,102
63,4.0,0.17859297781864153,0.41514020015310854,0.022123893805309738,8.0,0.8646816701021308,False,6.0,True,reset,0,102
64,8.0,0.17859297781864153,0.411556151329859,0.021929824561403508,8.0,0.8646816701021308,False,2.0,True,reset,0,102
65,4.0,0.26554949955777196,0.40937694757206666,0.02173913043478261,8.0,0.8646816701021308,False,-54.0,False,reset,0,102
66,6.0,0.308652947833634,0.4078957122817956,0.021551724137931032,8.0,0.8646816701021308,False,4.0,True,reset,0,102
67,12.0,0.2231828623635485,0.40521871445689345,0.02136752136752137,8.0,0.8646816701021308,False,-2.0,True,reset,0,102
68,6.0,0.2655557437194807,0.4032235291606447,0.0211864406779661,8.0,0.8646816701021308,False,4.0,True,reset,0,102
69,6.0,0.3075725504421698,0.4018763322772859,0.02100840336134454,8.0,0.8646816701021308,False,-56.0,False,reset,0,102
70,6.0,0.3492392171088365,0.40114526123327965,0.020833333333333332,8.0,0.8646816701021308,False,4.0,True,reset,0,102
71,14.0,0.22527227496007615,0.3987360422432358,0.02066115702479339,8.0,0.8646816701021308,False,-4.0,True,reset,0,102
72,8.0,0.22527227496007615,0.3963919372799498,0.020491803278688527,8.0,0.8646816701021308,False,2.0,True,reset,0,102
73,4.0,0.30657308796820626,0.39519435262245994,0.020325203252032523,8.0,0.8646816701021308,False,6.0,True,reset,0,102
74,12.0,0.22592792667788367,0.3929671628073997,0.020161290322580648,8.0,0.8646816701021308,False,-2.0,True,reset,0,102
75,4.0,0.30592792667788365,0.391836783117406,0.02,8.0,0.8646816701021308,False,6.0,True,reset,0,102
76,12.0,0.2265628473128043,0.3897178865045265,0.019841269841269844,8.0,0.8646816701021308,False,-2.0,True,reset,0,102
77,10.0,0.18719276857264683,0.38715427741678116,0.01968503937007874,8.0,0.8646816701021308,False,0.0,True,reset,0,102
78,6.0,0.22625526857264683,0.3851430398062295,0.01953125,8.0,0.8646816701021308,False,-56.0,False,reset,0,102
79,6.0,0.26501495849512746,0.38365997707399363,0.01937984496124031,8.0,0.8646816701021308,False,4.0,True,reset,0,102
80,8.0,0.26501495849512746,0.38221308660351966,0.019230769230769232,8.0,0.8646816701021308,False,2.0,True,reset,0,102
81,4.0,0.3413508363577229,0.381720770335498,0.019083969465648856,8.0,0.8646816701021308,False,6.0,True,reset,0,102
82,6.0,0.3792296242365108,0.3816911138343196,0.01893939393939394,8.0,0.8646816701021308,False,-56.0,False,reset,0,102
83,8.0,0.3792296242365108,0.38166215513316887,0.018796992481203006,8.0,0.8646816701021308,False,2.0,True,reset,0,102
84,6.0,0.4165430570723317,0.3820677470161824,0.01865671641791045,8.0,0.8646816701021308,False,4.0,True,reset,0,102
85,8.0,0.4165430570723317,0.38246401494786225,0.018518518518518517,8.0,0.8646816701021308,False,2.0,True,reset,0,102
86,6.0,0.45330776295468467,0.3832690575388489,0.018382352941176475,8.0,0.8646816701021308,False,4.0,True,reset,0,102
87,6.0,0.4898041133196482,0.3844660806375096,0.01824817518248175,8.0,0.8646816701021308,False,4.0,True,reset,0,102
88,12.0,0.4173403452037061,0.38483135024380066,0.01811594202898551,8.0,0.8646816701021308,False,-2.0,True,reset,0,102
89,8.0,0.4173403452037061,0.3851885919466567,0.017985611510791366,8.0,0.8646816701021308,False,2.0,True,reset,0,102
90,6.0,0.4530546309179918,0.3859262662833017,0.01785714285714286,8.0,0.8646816701021308,False,4.0,True,reset,0,102
91,12.0,0.382132645102389,0.38588547465770046,0.017730496453900707,8.0,0.8646816701021308,False,-2.0,True,reset,0,102
92,12.0,0.31171010989112136,0.3850963750325241,0.017605633802816902,8.0,0.8646816701021308,False,-2.0,True,reset,0,102
93,8.0,0.31171010989112136,0.3843238880310357,0.01748251748251748,8.0,0.8646816701021308,False,2.0,True,reset,0,102
94,14.0,0.20754344322445467,0.3824824250643004,0.017361111111111112,8.0,0.8646816701021308,False,-4.0,True,reset,0,102
95,4.0,0.27650896046583395,0.3813899151199863,0.017241379310344827,8.0,0.8646816701021308,False,6.0,True,reset,0,102
96,8.0,0.27650896046583395,0.3803197012969847,0.01712328767123288,8.0,0.8646816701021308,False,2.0,True,reset,0,102
97,6.0,0.3105225659080108,0.37961467972739915,0.017006802721088437,8.0,0.8646816701021308,False,4.0,True,reset,0,102
98,6.0,0.3443063496917946,0.37926159642704305,0.016891891891891893,8.0,0.8646816701021308,False,4.0,True,reset,0,102
99,18.0,0.1765211147924657,0.3772542649257106,0.016778523489932886,8.0,0.8646816701021308,False,-8.0,True,reset,0,102
100,4.0,0.2431877814591324,0.3759398876368226,0.016666666666666666,8.0,0.8646816701021308,False,-54.0,False,reset,0,102
101,4.0,0.3094129470220463,0.3752939950094947,0.016556291390728478,8.0,0.8646816701021308,False,6.0,True,reset,0,102
102,14.0,0.2107287364957305,0.37371163675455465,0.01644736842105263,8.0,0.8646816701021308,False,-4.0,True,reset,0,102
103,4.0,0.27608821361991354,0.37278188986755806,0.016339869281045753,8.0,0.8646816701021308,False,6.0,True,reset,0,102
104,6.0,0.308555746087446,0.37217598285076453,0.016233766233766236,8.0,0.8646816701021308,False,4.0,True,reset,0,102
105,6.0,0.3408138106035751,0.37188287843723944,0.016129032258064516,8.0,0.8646816701021308,False,4.0,True,reset,0,102
106,8.0,0.3408138106035751,0.37159520188322404,0.016025641025641028,8.0,0.8646816701021308,False,2.0,True,reset,0,102
107,6.0,0.37266094436153685,0.3716049793371535,0.01592356687898089,8.0,0.8646816701021308,False,4.0,True,reset,0,102
108,8.0,0.37266094436153685,0.3716145790191933,0.015822784810126583,8.0,0.8646816701021308,False,2.0,True,reset,0,102
109,12.0,0.3097678626005306,0.37105740139379995,0.015723270440251572,8.0,0.8646816701021308,False,-2.0,True,reset,0,102
110,16.0,0.18476786260053057,0.3693941019402886,0.015625,8.0,0.8646816701021308,False,-6.0,True,reset,0,102
111,8.0,0.18476786260053057,0.367760241415158,0.015527950310559006,8.0,0.8646816701021308,False,2.0,True,reset,0,102
112,6.0,0.21563206013139477,0.3664257836845987,0.015432098765432098,8.0,0.8646816701021308,False,4.0,True,reset,0,102
113,14.0,0.12360752025409416,0.3643143205243335,0.015337423312883436,8.0,0.8646816701021308,False,-4.0,True,reset,0,102
114,6.0,0.15409532513214294,0.36250208780543525,0.01524390243902439,8.0,0.8646816701021308,False,4.0,True,reset,0,102
115,8.0,0.15409532513214294,0.3607208334236122,0.015151515151515152,8.0,0.8646816701021308,False,2.0,True,reset,0,102
116,8.0,0.15409532513214294,0.3589697697940235,0.015060240963855423,8.0,0.8646816701021308,False,2.0,True,reset,0,102
117,4.0,0.21397556465310102,0.3577513310953603,0.014970059880239523,8.0,0.8646816701021308,False,6.0,True,reset,0,102
118,4.0,0.27349937417691056,0.3570492314543732,0.014880952380952382,8.0,0.8646816701021308,False,6.0,True,reset,0,102
119,6.0,0.3030851729934786,0.3566032475001509,0.014792899408284025,8.0,0.8646816701021308,False,4.0,True,reset,0,102
120,24.0,0.06779105534641974,0.35423593444971047,0.014705882352941178,8.0,0.8646816701021308,False,-14.0,True,reset,0,102
121,6.0,0.09703082142829109,0.3521448359698615,0.014619883040935673,8.0,0.8646816701021308,False,4.0,True,reset,0,102
122,8.0,0.09703082142829109,0.3500874648848489,0.014534883720930234,8.0,0.8646816701021308,False,2.0,True,reset,0,102
123,4.0,0.15483428963638357,0.34852543948286113,0.014450867052023123,8.0,0.8646816701021308,False,6.0,True,reset,0,102
124,4.0,0.21230555400419968,0.34744432928064956,0.014367816091954025,8.0,0.8646816701021308,False,6.0,True,reset,0,102
125,4.0,0.2694484111470568,0.3468301881929835,0.014285714285714287,8.0,0.8646816701021308,False,6.0,True,reset,0,102
126,14.0,0.18422113841978408,0.3455598049916304,0.014204545454545456,8.0,0.8646816701021308,False,-64.0,False,reset,0,102
127,4.0,0.24071831356102702,0.3447470802518583,0.014124293785310734,8.0,0.8646816701021308,False,6.0,True,reset,0,102
128,6.0,0.26880820120147647,0.3441629350283938,0.01404494382022472,8.0,0.8646816701021308,False,4.0,True,reset,0,102
129,8.0,0.26880820120147647,0.34358770805261574,0.013966480446927375,8.0,0.8646816701021308,False,2.0,True,reset,0,102
130,12.0,0.21325264564592092,0.34260032121620143,0.01388888888888889,8.0,0.8646816701021308,False,-2.0,True,reset,0,102
131,4.0,0.2685012644304513,0.342043185450895,0.013812154696132598,8.0,0.8646816701021308,False,-54.0,False,reset,0,102
132,4.0,0.3234463193755063,0.34190440286824286,0.013736263736263736,8.0,0.8646816701021308,False,6.0,True,reset,0,102
133,8.0,0.3234463193755063,0.3417676763238522,0.01366120218579235,8.0,0.8646816701021308,False,2.0,True,reset,0,102
134,6.0,0.35062023241898455,0.3418327686480811,0.01358695652173913,8.0,0.8646816701021308,False,4.0,True,reset,0,102
135,8.0,0.35062023241898455,0.34189691071940154,0.013513513513513514,8.0,0.8646816701021308,False,2.0,True,reset,0,102
136,10.0,0.32373851198887704,0.341765328119905,0.013440860215053764,8.0,0.8646816701021308,False,0.0,True,reset,0,102
137,10.0,0.29700054407443854,0.3414432793138225,0.013368983957219251,8.0,0.8646816701021308,False,0.0,True,reset,0,102
138,12.0,0.24380905471273642,0.3407458919952433,0.013297872340425532,8.0,0.8646816701021308,False,-2.0,True,reset,0,102
139,4.0,0.2967191076227893,0.34043364529756637,0.013227513227513227,8.0,0.8646816701021308,False,6.0,True,reset,0,102
140,12.0,0.24408752867542088,0.33975515151853714,0.013157894736842105,8.0,0.8646816701021308,False,-2.0,True,reset,0,102
141,8.0,0.24408752867542088,0.3390861471629909,0.013089005235602096,8.0,0.8646816701021308,False,2.0,True,reset,0,102
142,4.0,0.2961708620087542,0.33878812434941985,0.013020833333333334,8.0,0.8646816701021308,False,6.0,True,reset,0,102
143,6.0,0.3220775977600495,0.3386728793384587,0.01295336787564767,8.0,0.8646816701021308,False,4.0,True,reset,0,102
144,10.0,0.29630440188376084,0.3383826842873991,0.012886597938144331,8.0,0.8646816701021308,False,0.0,True,reset,0,102
145,6.0,0.3219454275247865,0.33827086621418406,0.012820512820512822,8.0,0.8646816701021308,False,4.0,True,reset,0,102
146,12.0,0.2709250193615212,0.3378158267084228,0.012755102040816327,8.0,0.8646816701021308,False,-2.0,True,reset,0,102
147,6.0,0.2963057300214197,0.3375372354554899,0.01269035532994924,8.0,0.8646816701021308,False,4.0,True,reset,0,102
148,10.0,0.27105320476889444,0.337094008584246,0.012626262626262628,8.0,0.8646816701021308,False,0.0,True,reset,0,102
149,8.0,0.27105320476889444,0.336656652267588,0.01256281407035176,8.0,0.8646816701021308,False,2.0,True,reset,0,102
150,6.0,0.29605320476889446,0.3363895243235177,0.0125,8.0,0.8646816701021308,False,4.0,True,reset,0,102
151,6.0,0.3209288266594417,0.33628847401198775,0.012437810945273634,8.0,0.8646816701021308,False,4.0,True,reset,0,102
152,10.0,0.29617635141191695,0.33602800568341584,0.012376237623762377,8.0,0.8646816701021308,False,0.0,True,reset,0,102
153,10.0,0.27154580953999574,0.33561199151474863,0.01231527093596059,8.0,0.8646816701021308,False,0.0,True,reset,0,102
154,6.0,0.2960556134615644,0.33535842498876667,0.012254901960784314,8.0,0.8646816701021308,False,4.0,True,reset,0,102
155,14.0,0.2228848817542473,0.3346420329936423,0.012195121951219514,8.0,0.8646816701021308,False,-4.0,True,reset,0,102
156,6.0,0.24715672641444147,0.33408832852162207,0.012135922330097087,8.0,0.8646816701021308,False,4.0,True,reset,0,102
157,4.0,0.2954659051584028,0.33384542019858293,0.012077294685990338,8.0,0.8646816701021308,False,6.0,True,reset,0,102
158,10.0,0.27142744361994126,0.3334553078449664,0.01201923076923077,8.0,0.8646816701021308,False,0.0,True,reset,0,102
159,10.0,0.2475039986438647,0.3329214487816055,0.01196172248803828,8.0,0.8646816701021308,False,0.0,True,reset,0,102
160,4.0,0.2951230462629123,0.33268812530926795,0.011904761904761904,8.0,0.8646816701021308,False,6.0,True,reset,0,102
161,14.0,0.22403299886954736,0.3320215294415396,0.011848341232227487,8.0,0.8646816701021308,False,-4.0,True,reset,0,102
162,6.0,0.24761790452992472,0.3315068731920785,0.01179245283018868,8.0,0.8646816701021308,False,-56.0,False,reset,0,102
163,4.0,0.29456626133743646,0.33128299069598977,0.011737089201877935,8.0,0.8646816701021308,False,6.0,True,reset,0,102
164,8.0,0.29456626133743646,0.331061805579372,0.011682242990654205,8.0,0.8646816701021308,False,2.0,True,reset,0,102
165,18.0,0.17828719156999462,0.33014698753141164,0.011627906976744184,8.0,0.8646816701021308,False,-8.0,True,reset,0,102
166,4.0,0.2245834878662909,0.3295186333667383,0.011574074074074073,8.0,0.8646816701021308,False,6.0,True,reset,0,102
167,4.0,0.2706664371750467,0.32917039551945015,0.01152073732718894,8.0,0.8646816701021308,False,6.0,True,reset,0,102
168,6.0,0.29360221699156047,0.32896117093987437,0.011467889908256883,8.0,0.8646816701021308,False,4.0,True,reset,0,102
169,8.0,0.29360221699156047,0.32875439343140467,0.011415525114155252,8.0,0.8646816701021308,False,2.0,True,reset,0,102
170,6.0,0.3163294897188332,0.3286821556191223,0.011363636363636364,8.0,0.8646816701021308,False,4.0,True,reset,0,102
171,8.0,0.3163294897188332,0.328610752926057,0.011312217194570137,8.0,0.8646816701021308,False,2.0,True,reset,0,102
172,10.0,0.29380696719631066,0.3284107311689895,0.011261261261261262,8.0,0.8646816701021308,False,0.0,True,reset,0,102
173,10.0,0.2713854425326335,0.32808487237678174,0.011210762331838566,8.0,0.8646816701021308,False,0.0,True,reset,0,102
174,6.0,0.2937068711040621,0.3278895428240958,0.011160714285714286,8.0,0.8646816701021308,False,4.0,True,reset,0,102
175,6.0,0.31592909332628427,0.32782196966309124,0.011111111111111112,8.0,0.8646816701021308,False,4.0,True,reset,0,102
176,16.0,0.2274335181050453,0.3272579895981584,0.011061946902654869,8.0,0.8646816701021308,False,-6.0,True,reset,0,102
177,8.0,0.2274335181050453,0.326700310986465,0.011013215859030838,8.0,0.8646816701021308,False,2.0,True,reset,0,102
178,4.0,0.27129316722785235,0.3263924935211394,0.010964912280701754,8.0,0.8646816701021308,False,6.0,True,reset,0,102
179,4.0,0.3149612894985947,0.3263293376978105,0.01091703056768559,8.0,0.8646816701021308,False,6.0,True,reset,0,102
180,8.0,0.3149612894985947,0.3262668758945181,0.010869565217391306,8.0,0.8646816701021308,False,-58.0,False,reset,0,102
181,6.0,0.33660631114361633,0.326323375540688,0.010822510822510822,8.0,0.8646816701021308,False,4.0,True,reset,0,102
182,10.0,0.3150545870056853,0.3262621321247369,0.010775862068965516,8.0,0.8646816701021308,False,0.0,True,reset,0,102
183,10.0,0.29359535953787413,0.32608555497561875,0.01072961373390558,8.0,0.8646816701021308,False,0.0,True,reset,0,102
184,8.0,0.29359535953787413,0.32591087650552336,0.010683760683760686,8.0,0.8646816701021308,False,2.0,True,reset,0,102
185,8.0,0.29359535953787413,0.32573806625435947,0.010638297872340425,8.0,0.8646816701021308,False,2.0,True,reset,0,102
186,12.0,0.25122247818194193,0.32534170674333596,0.01059322033898305,8.0,0.8646816701021308,False,-2.0,True,reset,0,102
187,4.0,0.29341657100894614,0.32517279068124927,0.010548523206751054,8.0,0.8646816701021308,False,6.0,True,reset,0,102
188,12.0,0.25139976428625704,0.3247845115949598,0.01050420168067227,8.0,0.8646816701021308,False,-2.0,True,reset,0,102
189,4.0,0.29324076847035746,0.3246193611073964,0.010460251046025104,8.0,0.8646816701021308,False,6.0,True,reset,0,102
190,10.0,0.27240743513702415,0.3243474239929674,0.010416666666666666,8.0,0.8646816701021308,False,0.0,True,reset,0,102
191,8.0,0.27240743513702415,0.3240783048797242,0.01037344398340249,8.0,0.8646816701021308,False,2.0,True,reset,0,102
192,10.0,0.25174627811223077,0.32370545938092266,0.010330578512396695,8.0,0.8646816701021308,False,0.0,True,reset,0,102
193,6.0,0.2723224097994736,0.32344195656255625,0.010288065843621401,8.0,0.8646816701021308,False,-56.0,False,reset,0,102
194,6.0,0.29281421307816213,0.3232856925651869,0.010245901639344263,8.0,0.8646816701021308,False,4.0,True,reset,0,102
195,10.0,0.272406049812856,0.3230274202669517,0.01020408163265306,8.0,0.8646816701021308,False,0.0,True,reset,0,102
196,8.0,0.272406049812856,0.32277175677980985,0.010162601626016262,8.0,0.8646816701021308,False,2.0,True,reset,0,102
197,6.0,0.2926489647926131,0.32262038596580384,0.010121457489878544,8.0,0.8646816701021308,False,4.0,True,reset,0,102
198,18.0,0.19184251317970985,0.3219664966018733,0.010080645161290324,8.0,0.8646816701021308,False,-8.0,True,reset,0,102
199,10.0,0.1717621918945693,0.32121921150382704,0.010040160642570281,8.0,0.8646816701021308,False,0.0,True,reset,0,102
200,4.0,0.2117621918945693,0.32067734507011786,0.01,8.0,0.8646816701021308,True,60.0,True,reset,0,102
201,6.0,0.2316825106196689,0.3202389468708545,0.0099601593625498,8.0,0.8646816701021308,True,40.0,True,reset,0,102
202,4.0,0.2713650503022086,0.3199993689464984,0.009920634920634922,8.0,0.8646816701021308,True,60.0,True,reset,0,102
203,4.0,0.3108907420018133,0.31995493661993896,0.009881422924901186,8.0,0.8646816701021308,True,60.0,True,reset,0,102
204,4.0,0.3502608207419708,0.3201020525622789,0.00984251968503937,8.0,0.8646816701021308,True,-540.0,False,reset,0,102
205,6.0,0.3698686638792257,0.32034247097443813,0.009803921568627453,8.0,0.8646816701021308,True,40.0,True,reset,0,102
206,6.0,0.3893999138792257,0.3206744779114804,0.009765625,8.0,0.8646816701021308,True,-560.0,False,reset,0,102
207,6.0,0.4088551667975136,0.3210963950831839,0.00972762645914397,8.0,0.8646816701021308,True,40.0,True,reset,0,102
208,4.0,0.44761485671999424,0.321698863948121,0.009689922480620155,8.0,0.8646816701021308,True,60.0,True,reset,0,102
209,4.0,0.4862248953300329,0.3224786081726799,0.009652509652509654,8.0,0.8646816701021308,True,60.0,True,reset,0,102
210,6.0,0.5054556645608022,0.32334170749526536,0.009615384615384616,8.0,0.8646816701021308,True,40.0,True,reset,0,102
211,6.0,0.5246127526834076,0.32428664197971674,0.009578544061302683,8.0,0.8646816701021308,True,40.0,True,reset,0,102
212,12.0,0.48644481375210985,0.3250443904459429,0.009541984732824428,8.0,0.8646816701021308,True,-20.0,True,reset,0,102
213,10.0,0.4674334069080034,0.3257066649411153,0.009505703422053233,8.0,0.8646816701021308,True,0.0,True,reset,0,102
214,16.0,0.39167583115042764,0.32601207774763985,0.00946969696969697,8.0,0.8646816701021308,True,-60.0,True,reset,0,102
215,6.0,0.4105437556787295,0.3264016246505481,0.009433962264150945,8.0,0.8646816701021308,True,40.0,True,reset,0,102
216,4.0,0.44813774064113554,0.3269600472009636,0.009398496240601503,8.0,0.8646816701021308,True,60.0,True,reset,0,102
217,6.0,0.46686433240143516,0.32759887955347716,0.009363295880149813,8.0,0.8646816701021308,True,-560.0,False,reset,0,102
218,8.0,0.46686433240143516,0.32823190433914967,0.009328358208955223,8.0,0.8646816701021308,True,20.0,True,reset,0,102
219,6.0,0.4854516929962307,0.328943306097779,0.00929368029739777,8.0,0.8646816701021308,True,40.0,True,reset,0,102
220,4.0,0.5224887300332677,0.32981513233172266,0.009259259259259259,8.0,0.8646816701021308,True,60.0,True,reset,0,102
221,8.0,0.5224887300332677,0.3306791394963036,0.00922509225092251,8.0,0.8646816701021308,True,20.0,True,reset,0,102
222,6.0,0.5408710829744442,0.3316174963868311,0.009191176470588236,8.0,0.8646816701021308,True,40.0,True,reset,0,102
223,4.0,0.5775011196044808,0.3327103124900206,0.009157509157509158,8.0,0.8646816701021308,True,60.0,True,reset,0,102
224,4.0,0.6139974699694443,0.33395494593019504,0.009124087591240875,8.0,0.8646816701021308,True,60.0,True,reset,0,102
225,8.0,0.6139974699694443,0.3351886134369759,0.009090909090909092,8.0,0.8646816701021308,True,-580.0,False,reset,0,102
226,8.0,0.6139974699694443,0.33641145929896044,0.009057971014492754,8.0,0.8646816701021308,True,20.0,True,reset,0,102
227,4.0,0.6500985530019352,0.33778127193521795,0.009025270758122744,8.0,0.8646816701021308,True,60.0,True,reset,0,102
228,12.0,0.6141273299803525,0.3389827765354142,0.008992805755395683,8.0,0.8646816701021308,True,-20.0,True,reset,0,102
229,4.0,0.6499696238871625,0.3403290399438633,0.008960573476702509,8.0,0.8646816701021308,True,60.0,True,reset,0,102
230,4.0,0.6856839096014482,0.3418176385199736,0.008928571428571428,8.0,0.8646816701021308,True,60.0,True,reset,0,102
231,4.0,0.7212710982135478,0.34344619414097605,0.008896797153024912,8.0,0.8646816701021308,True,60.0,True,reset,0,102
232,6.0,0.7390015946674485,0.34513660183553363,0.008865248226950355,8.0,0.8646816701021308,True,40.0,True,reset,0,102
233,6.0,0.7566694391904167,0.34688780539874586,0.0088339222614841,8.0,0.8646816701021308,True,-560.0,False,reset,0,102
234,4.0,0.9566694391904167,0.349471625880914,0.05,8.0,0.8646816701021308,True,60.0,True,reset,1,102
235,4.0,1.1527478705629657,0.35286097712429815,0.049019607843137254,8.0,0.8646816701021308,True,60.0,True,reset,1,102
236,6.0,1.248901716716812,0.3566258541814096,0.04807692307692308,8.0,0.8646816701021308,True,40.0,True,reset,1,102
237,6.0,1.3432413393583214,0.3607539524457481,0.04716981132075472,8.0,0.8646816701021308,True,40.0,True,reset,1,102
238,4.0,1.5284265245435065,0.36561925482948876,0.046296296296296294,8.0,0.8646816701021308,True,60.0,True,reset,1,102
239,6.0,1.6193356154525973,0.3708213974046884,0.045454545454545456,8.0,0.8646816701021308,True,40.0,True,reset,1,102
240,8.0,1.6193356154525973,0.3759805470660434,0.044642857142857144,8.0,0.8646816701021308,True,20.0,True,reset,1,102
241,4.0,1.7947742119438255,0.3818192041231536,0.043859649122807015,8.0,0.8646816701021308,True,60.0,True,reset,1,102
242,6.0,1.8809811084955497,0.38796331028861425,0.04310344827586207,8.0,0.8646816701021308,True,40.0,True,reset,1,102
243,8.0,1.8809811084955497,0.39405726048537726,0.04237288135593221,8.0,0.8646816701021308,True,20.0,True,reset,1,102
244,4.0,2.047647775162216,0.4007791731466652,0.04166666666666667,8.0,0.8646816701021308,True,60.0,True,reset,1,102
245,6.0,2.12961498827697,0.4077785084305936,0.04098360655737705,8.0,0.8646816701021308,True,40.0,True,reset,1,102
246,4.0,2.290905310857615,0.4153717616661864,0.040322580645161296,8.0,0.8646816701021308,True,60.0,True,reset,1,102
247,8.0,2.290905310857615,0.42290402491595114,0.03968253968253969,8.0,0.8646816701021308,True,20.0,True,reset,1,102
248,4.0,2.447155310857615,0.4310010300597178,0.0390625,8.0,0.8646816701021308,True,60.0,True,reset,1,102
249,8.0,2.447155310857615,0.43903351723421136,0.038461538461538464,8.0,0.8646816701021308,True,20.0,True,reset,1,102
250,4.0,2.5986704623727666,0.44760350511174535,0.03787878787878788,8.0,0.8646816701021308,True,60.0,True,reset,1,102
251,8.0,2.5986704623727666,0.4561057460495359,0.03731343283582089,8.0,0.8646816701021308,True,20.0,True,reset,1,102
252,8.0,2.5986704623727666,0.4645410402082888,0.03676470588235295,8.0,0.8646816701021308,True,20.0,True,reset,1,102
253,8.0,2.5986704623727666,0.4729101751971691,0.03623188405797102,8.0,0.8646816701021308,True,20.0,True,reset,1,102
254,4.0,2.7415276052299093,0.48177196203323447,0.03571428571428572,8.0,0.8646816701021308,True,60.0,True,reset,1,102
255,14.0,2.5302599995961064,0.4897427326074091,0.035211267605633804,8.0,0.8646816701021308,True,-40.0,True,reset,1,102
256,6.0,2.599704444040551,0.4979208787757546,0.034722222222222224,8.0,0.8646816701021308,True,40.0,True,reset,1,102
257,6.0,2.6681975947254823,0.5063003255554832,0.03424657534246576,8.0,0.8646816701021308,True,40.0,True,reset,1,102
258,12.0,2.5330624595903473,0.5140955645325405,0.033783783783783786,8.0,0.8646816701021308,True,-20.0,True,reset,1,102
259,4.0,2.6663957929236806,0.522341925560859,0.03333333333333333,8.0,0.8646816701021308,True,60.0,True,reset,1,102
260,4.0,2.797974740292102,0.5310275469911309,0.03289473684210526,8.0,0.8646816701021308,True,60.0,True,reset,1,102
261,10.0,2.7330396753570367,0.5394002166807351,0.03246753246753247,8.0,0.8646816701021308,True,0.0,True,reset,1,102
262,6.0,2.797142239459601,0.5479522697973217,0.032051282051282055,8.0,0.8646816701021308,True,40.0,True,reset,1,102
263,6.0,2.8604333787001073,0.556678613604502,0.03164556962025317,8.0,0.8646816701021308,True,40.0,True,reset,1,102
264,10.0,2.7979333787001073,0.5651043833980944,0.03125,8.0,0.8646816701021308,True,0.0,True,reset,1,102
265,10.0,2.736204983638379,0.5732358463203426,0.030864197530864196,8.0,0.8646816701021308,True,0.0,True,reset,1,102
266,10.0,2.6752293738822814,0.5810791057515439,0.03048780487804878,8.0,0.8646816701021308,True,0.0,True,reset,1,102
267,4.0,2.795711301593125,0.5893119391933341,0.030120481927710843,8.0,0.8646816701021308,True,60.0,True,reset,1,102
268,6.0,2.8552351111169343,0.5977042472374956,0.02976190476190476,8.0,0.8646816701021308,True,40.0,True,reset,1,102
269,6.0,2.914058640528699,0.6062516804230721,0.029411764705882353,8.0,0.8646816701021308,True,40.0,True,reset,1,102
270,8.0,2.914058640528699,0.6147362648352251,0.029069767441860468,8.0,0.8646816701021308,True,20.0,True,reset,1,102
271,8.0,2.914058640528699,0.6231586911198166,0.02873563218390805,8.0,0.8646816701021308,True,20.0,True,reset,1,102
272,8.0,2.914058640528699,0.631519639840287,0.02840909090909091,8.0,0.8646816701021308,True,20.0,True,reset,1,102
273,8.0,2.914058640528699,0.6398197816609722,0.02808988764044944,8.0,0.8646816701021308,True,20.0,True,reset,1,102
274,12.0,2.8029475294175876,0.6476572010369019,0.02777777777777778,8.0,0.8646816701021308,True,-20.0,True,reset,1,102
275,10.0,2.748002474472533,0.655239674948222,0.027472527472527472,8.0,0.8646816701021308,True,0.0,True,reset,1,102
276,8.0,2.748002474472533,0.6627675986875181,0.027173913043478264,8.0,0.8646816701021308,True,20.0,True,reset,1,102
277,6.0,2.801765915332748,0.6704342593206551,0.02688172043010753,8.0,0.8646816701021308,True,40.0,True,reset,1,102
278,10.0,2.7485744259710456,0.6778561884872636,0.026595744680851068,8.0,0.8646816701021308,True,0.0,True,reset,1,102
279,12.0,2.643311268076309,0.684850690549858,0.026315789473684213,8.0,0.8646816701021308,True,-20.0,True,reset,1,102
280,4.0,2.7474779347429754,0.6921649715576351,0.026041666666666668,8.0,0.8646816701021308,True,60.0,True,reset,1,102
281,6.0,2.7990243264955526,0.699609704260596,0.025773195876288662,8.0,0.8646816701021308,True,40.0,True,reset,1,102
282,8.0,2.7990243264955526,0.7070020092684656,0.025510204081632654,8.0,0.8646816701021308,True,20.0,True,reset,1,102
283,12.0,2.6980142254854513,0.7139880170446655,0.025252525252525256,8.0,0.8646816701021308,True,-20.0,True,reset,1,102
284,6.0,2.748014225485451,0.7210999967944585,0.025,8.0,0.8646816701021308,True,40.0,True,reset,1,102
285,6.0,2.7975191759805007,0.7283349068264656,0.024752475247524754,8.0,0.8646816701021308,True,40.0,True,reset,1,102
286,24.0,2.4053623132354027,0.7341579186542745,0.024509803921568627,8.0,0.8646816701021308,True,-140.0,True,reset,1,102
287,12.0,2.308274934594626,0.739604690335729,0.024271844660194174,8.0,0.8646816701021308,True,-20.0,True,reset,1,102
288,4.0,2.4044287807484723,0.7453454630612901,0.02403846153846154,8.0,0.8646816701021308,True,60.0,True,reset,1,102
289,4.0,2.4996668759865677,0.7513740589819956,0.023809523809523808,8.0,0.8646816701021308,True,60.0,True,reset,1,102
290,4.0,2.5940064986280773,0.7576844440492768,0.02358490566037736,8.0,0.8646816701021308,True,60.0,True,reset,1,102
291,20.0,2.3136326668523766,0.7629948475400724,0.02336448598130841,8.0,0.8646816701021308,True,-100.0,True,reset,1,102
292,10.0,2.2673363705560803,0.7681116554414874,0.023148148148148147,8.0,0.8646816701021308,True,0.0,True,reset,1,102
293,4.0,2.3590794898221352,0.7735047667444727,0.022935779816513766,8.0,0.8646816701021308,True,-540.0,False,reset,1,102
294,6.0,2.4045340352766806,0.7790150007597841,0.022727272727272728,8.0,0.8646816701021308,True,40.0,True,reset,1,102
295,6.0,2.4495790803217257,0.7846397956404639,0.022522522522522525,8.0,0.8646816701021308,True,40.0,True,reset,1,102
296,4.0,2.53886479460744,0.7905264567108229,0.022321428571428572,8.0,0.8646816701021308,True,60.0,True,reset,1,102
297,8.0,2.53886479460744,0.7963737421218484,0.022123893805309738,8.0,0.8646816701021308,True,20.0,True,reset,1,102
298,4.0,2.626584092853054,0.8024744432909524,0.021929824561403508,8.0,0.8646816701021308,True,60.0,True,reset,1,102
299,8.0,2.626584092853054,0.8085346082396637,0.02173913043478261,8.0,0.8646816701021308,True,20.0,True,reset,1,102
300,4.0,2.712790989404778,0.8148400929455084,0.021551724137931032,8.0,0.8646816701021308,True,60.0,True,reset,1,102
301,4.0,2.7982610748748638,0.8213860367802588,0.02136752136752137,8.0,0.8646816701021308,True,60.0,True,reset,1,102
302,6.0,2.840633956230796,0.8280282996731881,0.0211864406779661,8.0,0.8646816701021308,True,40.0,True,reset,1,102
303,6.0,2.8826507629534848,0.8347647667659104,0.02100840336134454,8.0,0.8646816701021308,True,40.0,True,reset,1,102
304,20.0,2.6326507629534848,0.8406402111978959,0.020833333333333332,8.0,0.8646816701021308,True,-100.0,True,reset,1,102
305,10.0,2.591328448903898,0.8463427787474268,0.02066115702479339,8.0,0.8646816701021308,True,0.0,True,reset,1,102
306,4.0,2.673295662018652,0.8522744439528528,0.020491803278688527,8.0,0.8646816701021308,True,60.0,True,reset,1,102
307,4.0,2.754596475026782,0.8584308259304383,0.020325203252032523,8.0,0.8646816701021308,True,60.0,True,reset,1,102
308,12.0,2.6739513137364597,0.8642873436330384,0.020161290322580648,8.0,0.8646816701021308,True,-620.0,False,reset,1,102
309,6.0,2.7139513137364597,0.8702348162057182,0.02,8.0,0.8646816701021308,True,40.0,True,reset,1,102
310,8.0,2.7139513137364597,0.8761441639542141,0.019841269841269844,8.0,0.8646816701021308,True,20.0,True,reset,1,102
311,10.0,2.6745812349963023,0.8818899692930068,0.01968503937007874,8.0,0.8646816701021308,True,0.0,True,reset,1,102
312,6.0,2.7136437349963023,0.8877235800118071,0.01953125,8.0,0.8646816701021308,True,40.0,True,reset,1,102
313,6.0,2.752403424918783,0.8936431985670673,0.01937984496124031,8.0,0.8646816701021308,True,40.0,True,reset,1,102
314,8.0,2.752403424918783,0.8995253511821044,0.019230769230769232,8.0,0.8646816701021308,True,20.0,True,reset,1,102
315,12.0,2.6760675470561877,0.9051295852384894,0.019083969465648856,8.0,0.8646816701021308,True,-20.0,True,reset,1,102
316,6.0,2.7139463349349757,0.9108176882249563,0.01893939393939394,8.0,0.8646816701021308,True,-560.0,False,reset,1,102
317,6.0,2.751540319897382,0.9165879786063746,0.018796992481203006,8.0,0.8646816701021308,True,40.0,True,reset,1,102
318,12.0,2.67691345422574,0.9220889957176851,0.01865671641791045,8.0,0.8646816701021308,True,-20.0,True,reset,1,102
319,4.0,2.750987528299814,0.9277864989344518,0.018518518518518517,8.0,0.8646816701021308,True,60.0,True,reset,1,102
320,14.0,2.640693410652755,0.9331060856168069,0.018382352941176475,8.0,0.8646816701021308,True,-40.0,True,reset,1,102
321,6.0,2.6771897610177184,0.9385057254787291,0.01824817518248175,8.0,0.8646816701021308,True,40.0,True,reset,1,102
322,4.0,2.7496535291336603,0.9440956878356888,0.01811594202898551,8.0,0.8646816701021308,True,60.0,True,reset,1,102
323,6.0,2.7856247521552433,0.9497619311105181,0.017985611510791366,8.0,0.8646816701021308,True,40.0,True,reset,1,102
324,6.0,2.821339037869529,0.955502965180331,0.01785714285714286,8.0,0.8646816701021308,True,40.0,True,reset,1,102
325,6.0,2.8568000307773302,0.9613173292953064,0.017730496453900707,8.0,0.8646816701021308,True,40.0,True,reset,1,102
326,6.0,2.8920112983829642,0.9672035913961834,0.017605633802816902,8.0,0.8646816701021308,True,40.0,True,reset,1,102
327,24.0,2.6122910186626846,0.9722038571325557,0.01748251748251748,8.0,0.8646816701021308,True,-140.0,True,reset,1,102
328,6.0,2.647013240884907,0.9772790370833204,0.017361111111111112,8.0,0.8646816701021308,True,40.0,True,reset,1,102
329,6.0,2.6814959995055965,0.9824277288126929,0.017241379310344827,8.0,0.8646816701021308,True,-560.0,False,reset,1,102
330,4.0,2.749989150190528,0.9877517089975659,0.01712328767123288,8.0,0.8646816701021308,True,60.0,True,reset,1,102
331,14.0,2.6479483338639973,0.9927372844476153,0.017006802721088437,8.0,0.8646816701021308,True,-40.0,True,reset,1,102
332,4.0,2.715515901431565,0.9978953042589445,0.016891891891891893,8.0,0.8646816701021308,True,60.0,True,reset,1,102
333,10.0,2.681958854451699,1.0029223596326542,0.016778523489932886,8.0,0.8646816701021308,True,0.0,True,reset,1,102
334,14.0,2.581958854451699,1.0076218730100917,0.016666666666666666,8.0,0.8646816701021308,True,-40.0,True,reset,1,102
335,4.0,2.6481840200146127,1.0124900099448233,0.016556291390728478,8.0,0.8646816701021308,True,-540.0,False,reset,1,102
336,4.0,2.7139734936988233,1.017523984748829,0.01644736842105263,8.0,0.8646816701021308,True,60.0,True,reset,1,102
337,12.0,2.64861401657464,1.0223354597689642,0.016339869281045753,8.0,0.8646816701021308,True,-20.0,True,reset,1,102
338,6.0,2.6810815490421724,1.027214124737415,0.016233766233766236,8.0,0.8646816701021308,True,40.0,True,reset,1,102
339,6.0,2.7133396135583014,1.032158774264749,0.016129032258064516,8.0,0.8646816701021308,True,40.0,True,reset,1,102
340,12.0,2.649237049455737,1.0368870733150148,0.016025641025641028,8.0,0.8646816701021308,True,-20.0,True,reset,1,102
341,6.0,2.681084183213699,1.0416806508948946,0.01592356687898089,8.0,0.8646816701021308,True,40.0,True,reset,1,102
342,10.0,2.649438613593446,1.046354365902739,0.015822784810126583,8.0,0.8646816701021308,True,0.0,True,reset,1,102
343,10.0,2.6179920727129424,1.0509098375166817,0.015723270440251572,8.0,0.8646816701021308,True,0.0,True,reset,1,102
344,10.0,2.5867420727129424,1.055348659005688,0.015625,8.0,0.8646816701021308,True,0.0,True,reset,1,102
345,4.0,2.6488538739551784,1.059940893054534,0.015527950310559006,8.0,0.8646816701021308,True,60.0,True,reset,1,102
346,6.0,2.6797180714860427,1.0645954251764636,0.015432098765432098,8.0,0.8646816701021308,True,-560.0,False,reset,1,102
347,4.0,2.7410677647375765,1.0693990708485583,0.015337423312883436,8.0,0.8646816701021308,True,60.0,True,reset,1,102
348,8.0,2.7410677647375765,1.0741752671168128,0.01524390243902439,8.0,0.8646816701021308,True,20.0,True,reset,1,102
349,12.0,2.680461704131516,1.0787515817521822,0.015151515151515152,8.0,0.8646816701021308,True,-20.0,True,reset,1,102
350,4.0,2.7407026679869375,1.0834730337017129,0.015060240963855423,8.0,0.8646816701021308,True,60.0,True,reset,1,102
351,14.0,2.6508823087055005,1.0879132866054064,0.014970059880239523,8.0,0.8646816701021308,True,-40.0,True,reset,1,102
352,6.0,2.680644213467405,1.0924125265117963,0.014880952380952382,8.0,0.8646816701021308,True,40.0,True,reset,1,102
353,6.0,2.710230012283973,1.096969758866084,0.014792899408284025,8.0,0.8646816701021308,True,40.0,True,reset,1,102
354,12.0,2.6514064828722086,1.1013361541582363,0.014705882352941178,8.0,0.8646816701021308,True,-20.0,True,reset,1,102
355,4.0,2.709886015035951,1.1058418960654568,0.014619883040935673,8.0,0.8646816701021308,True,60.0,True,reset,1,102
356,6.0,2.7389557824778117,1.1104036666978936,0.014534883720930234,8.0,0.8646816701021308,True,40.0,True,reset,1,102
357,8.0,2.7389557824778117,1.1149400235663613,0.014450867052023123,8.0,0.8646816701021308,True,20.0,True,reset,1,102
358,6.0,2.7676914146617198,1.1195309996527374,0.014367816091954025,8.0,0.8646816701021308,True,40.0,True,reset,1,102
359,6.0,2.796262843233148,1.1241756862000516,0.014285714285714287,8.0,0.8646816701021308,True,40.0,True,reset,1,102
360,6.0,2.824671934142239,1.1288731896474058,0.014204545454545456,8.0,0.8646816701021308,True,40.0,True,reset,1,102
361,12.0,2.768174759000996,1.1333891719321263,0.014124293785310734,8.0,0.8646816701021308,True,-20.0,True,reset,1,102
362,10.0,2.7400848713605463,1.13780317110638,0.01404494382022472,8.0,0.8646816701021308,True,0.0,True,reset,1,102
363,20.0,2.5724871059974177,1.1417338120238898,0.013966480446927375,8.0,0.8646816701021308,True,-100.0,True,reset,1,102
364,6.0,2.6002648837751954,1.1457188695969809,0.01388888888888889,8.0,0.8646816701021308,True,40.0,True,reset,1,102
365,6.0,2.6278891931674604,1.1497574808328677,0.013812154696132598,8.0,0.8646816701021308,True,40.0,True,reset,1,102
366,8.0,2.6278891931674604,1.1537741430946464,0.013736263736263736,8.0,0.8646816701021308,True,20.0,True,reset,1,102
367,4.0,2.68253400191063,1.1579171237418444,0.01366120218579235,8.0,0.8646816701021308,True,60.0,True,reset,1,102
368,4.0,2.7368818279975864,1.1621845959155086,0.01358695652173913,8.0,0.8646816701021308,True,60.0,True,reset,1,102
369,16.0,2.6287737198894785,1.1661376663305327,0.013513513513513514,8.0,0.8646816701021308,True,-60.0,True,reset,1,102
370,6.0,2.655655440319586,1.1701417463681376,0.013440860215053764,8.0,0.8646816701021308,True,40.0,True,reset,1,102
371,8.0,2.655655440319586,1.1741243568076858,0.013368983957219251,8.0,0.8646816701021308,True,20.0,True,reset,1,102
372,8.0,2.655655440319586,1.1780856698652042,0.013297872340425532,8.0,0.8646816701021308,True,20.0,True,reset,1,102
373,4.0,2.708565493229639,1.1821669493941762,0.013227513227513227,8.0,0.8646816701021308,True,-540.0,False,reset,1,102
374,8.0,2.708565493229639,1.1862265199894833,0.013157894736842105,8.0,0.8646816701021308,True,-580.0,False,reset,1,102
375,4.0,2.7609215141720473,1.1904034297883759,0.013089005235602096,8.0,0.8646816701021308,True,60.0,True,reset,1,102
376,10.0,2.734879847505381,1.1944893462373627,0.013020833333333334,8.0,0.8646816701021308,True,0.0,True,reset,1,102
377,14.0,2.657159640251495,1.1983486346120702,0.01295336787564767,8.0,0.8646816701021308,True,-40.0,True,reset,1,102
378,8.0,2.657159640251495,1.2021876109427003,0.012886597938144331,8.0,0.8646816701021308,True,20.0,True,reset,1,102
379,4.0,2.708441691533546,1.2061410337264034,0.012820512820512822,8.0,0.8646816701021308,True,60.0,True,reset,1,102
380,8.0,2.708441691533546,1.2100737579615006,0.012755102040816327,8.0,0.8646816701021308,True,20.0,True,reset,1,102
381,4.0,2.759203112853343,1.2141184821257092,0.01269035532994924,8.0,0.8646816701021308,True,60.0,True,reset,1,102
382,8.0,2.759203112853343,1.218142140018229,0.012626262626262628,8.0,0.8646816701021308,True,20.0,True,reset,1,102
383,8.0,2.759203112853343,1.2221448957918268,0.01256281407035176,8.0,0.8646816701021308,True,20.0,True,reset,1,102
384,8.0,2.759203112853343,1.2261269118982037,0.0125,8.0,0.8646816701021308,True,20.0,True,reset,1,102
385,8.0,2.759203112853343,1.230088349109974,0.012437810945273634,8.0,0.8646816701021308,True,20.0,True,reset,1,102
386,8.0,2.759203112853343,1.2340293665423026,0.012376237623762377,8.0,0.8646816701021308,True,20.0,True,reset,1,102
387,8.0,2.759203112853343,1.2379501216742075,0.01231527093596059,8.0,0.8646816701021308,True,20.0,True,reset,1,102
388,8.0,2.759203112853343,1.2418507703695387,0.012254901960784314,8.0,0.8646816701021308,True,20.0,True,reset,1,102
389,10.0,2.734812868950904,1.2456690877572147,0.012195121951219514,8.0,0.8646816701021308,True,0.0,True,reset,1,102
390,20.0,2.589181800989739,1.2490964161072977,0.012135922330097087,8.0,0.8646816701021308,True,-700.0,False,reset,1,102
391,4.0,2.6374909797337005,1.252629226701767,0.012077294685990338,8.0,0.8646816701021308,True,60.0,True,reset,1,102
392,4.0,2.6855679028106234,1.2562661268949367,0.01201923076923077,8.0,0.8646816701021308,True,60.0,True,reset,1,102
393,12.0,2.6377210128584703,1.2597634810366165,0.01196172248803828,8.0,0.8646816701021308,True,-20.0,True,reset,1,102
394,4.0,2.6853400604775177,1.2633634218937906,0.011904761904761904,8.0,0.8646816701021308,True,-540.0,False,reset,1,102
395,6.0,2.7090367429419726,1.267004916405247,0.011848341232227487,8.0,0.8646816701021308,True,40.0,True,reset,1,102
396,8.0,2.7090367429419726,1.270628111949309,0.01179245283018868,8.0,0.8646816701021308,True,20.0,True,reset,1,102
397,4.0,2.755985099749484,1.2743508111668533,0.011737089201877935,8.0,0.8646816701021308,True,60.0,True,reset,1,102
398,10.0,2.7326206137681757,1.2779964856733566,0.011682242990654205,8.0,0.8646816701021308,True,0.0,True,reset,1,102
399,12.0,2.686108985861199,1.2815079881675906,0.011627906976744184,8.0,0.8646816701021308,True,-20.0,True,reset,1,102
0,8.0,1.0,1.0,0.05,8.0,0.8646816701021308,False,2.0,True,reset,0,103
1,6.0,1.0980392156862746,1.0326797385620916,0.049019607843137254,8.0,0.8646816701021308,False,4.0,True,reset,0,103
2,12.0,0.9057315233785823,1.0009426847662142,0.04807692307692308,8.0,0.8646816701021308,False,-2.0,True,reset,0,103
3,6.0,1.0000711460200917,1.0007683770169897,0.04716981132075472,8.0,0.8646816701021308,False,-56.0,False,reset,0,103
4,16.0,0.6297007756497214,0.9389237767891117,0.046296296296296294,8.0,0.8646816701021308,False,-6.0,True,reset,0,103
5,12.0,0.44788259383153955,0.8687750363666014,0.045454545454545456,8.0,0.8646816701021308,False,-2.0,True,reset,0,103
6,6.0,0.5371683081172538,0.8273241953354329,0.044642857142857144,8.0,0.8646816701021308,False,4.0,True,reset,0,103
7,12.0,0.36172971162602574,0.7755914749232766,0.043859649122807015,8.0,0.8646816701021308,False,-2.0,True,reset,0,103
8,6.0,0.4479366081777499,0.7428259882487239,0.04310344827586207,8.0,0.8646816701021308,False,4.0,True,reset,0,103
9,8.0,0.4479366081777499,0.7160178627877264,0.04237288135593221,8.0,0.8646816701021308,False,2.0,True,reset,0,103
10,10.0,0.36460327484441657,0.6867333137924505,0.04166666666666667,8.0,0.8646816701021308,False,0.0,True,reset,0,103
11,8.0,0.36460327484441657,0.6619540800272171,0.04098360655737705,8.0,0.8646816701021308,False,2.0,True,reset,0,103
12,8.0,0.36460327484441657,0.6407147367998742,0.040322580645161296,8.0,0.8646816701021308,False,2.0,True,reset,0,103
13,6.0,0.44396835420949593,0.6275983112938489,0.03968253968253969,8.0,0.8646816701021308,False,4.0,True,reset,0,103
14,12.0,0.28771835420949593,0.6063558139760769,0.0390625,8.0,0.8646816701021308,False,-2.0,True,reset,0,103
15,6.0,0.36464143113257286,0.5921373208676354,0.038461538461538464,8.0,0.8646816701021308,False,4.0,True,reset,0,103
16,8.0,0.36464143113257286,0.5794986603267985,0.03787878787878788,8.0,0.8646816701021308,False,2.0,True,reset,0,103
17,6.0,0.43926829680421464,0.5721181148782415,0.03731343283582089,8.0,0.8646816701021308,False,4.0,True,reset,0,103
18,6.0,0.5127977085689206,0.5691520945627755,0.03676470588235295,8.0,0.8646816701021308,False,-56.0,False,reset,0,103
19,10.0,0.4403339404529786,0.5630178967480232,0.03623188405797102,8.0,0.8646816701021308,False,-60.0,False,reset,0,103
20,8.0,0.4403339404529786,0.5574413532800666,0.03571428571428572,8.0,0.8646816701021308,False,2.0,True,reset,0,103
21,10.0,0.36991140524171096,0.549287877278399,0.035211267605633804,8.0,0.8646816701021308,False,-60.0,False,reset,0,103
22,6.0,0.4393558496861554,0.5447073761287221,0.034722222222222224,8.0,0.8646816701021308,False,4.0,True,reset,0,103
23,10.0,0.37086269900122387,0.5377535890436222,0.03424657534246576,8.0,0.8646816701021308,False,0.0,True,reset,0,103
24,18.0,0.03302486116338604,0.5183409456636131,0.033783783783783786,8.0,0.8646816701021308,False,-8.0,True,reset,0,103
25,4.0,0.16635819449671937,0.5053045474722467,0.03333333333333333,8.0,0.8646816701021308,False,6.0,True,reset,0,103
26,4.0,0.2979371418651404,0.4978985687005643,0.03289473684210526,8.0,0.8646816701021308,False,6.0,True,reset,0,103
27,8.0,0.2979371418651404,0.49100334708554977,0.03246753246753247,8.0,0.8646816701021308,False,2.0,True,reset,0,103
28,8.0,0.2979371418651404,0.4845678069115361,0.032051282051282055,8.0,0.8646816701021308,False,2.0,True,reset,0,103
29,8.0,0.2979371418651404,0.47854746287778144,0.03164556962025317,8.0,0.8646816701021308,False,2.0,True,reset,0,103
30,8.0,0.2979371418651404,0.47290339034613643,0.03125,8.0,0.8646816701021308,False,2.0,True,reset,0,103
31,8.0,0.2979371418651404,0.4676013828164093,0.030864197530864196,8.0,0.8646816701021308,False,2.0,True,reset,0,103
32,10.0,0.23696153210904286,0.46081785779560436,0.03048780487804878,8.0,0.8646816701021308,False,0.0,True,reset,0,103
33,6.0,0.2972024959644646,0.4561431331718575,0.030120481927710843,8.0,0.8646816701021308,False,4.0,True,reset,0,103
34,14.0,0.11863106739303603,0.4467677980113347,0.02976190476190476,8.0,0.8646816701021308,False,-4.0,True,reset,0,103
35,6.0,0.17745459680480075,0.4394890628435905,0.029411764705882353,8.0,0.8646816701021308,False,4.0,True,reset,0,103
36,4.0,0.29373366657224265,0.4356533945206604,0.029069767441860468,8.0,0.8646816701021308,False,6.0,True,reset,0,103
37,12.0,0.17879113783661044,0.42906718281081296,0.02873563218390805,8.0,0.8646816701021308,False,-2.0,True,reset,0,103
38,4.0,0.2924275014729741,0.425651190777367,0.02840909090909091,8.0,0.8646816701021308,False,6.0,True,reset,0,103
39,8.0,0.2924275014729741,0.42240183250165014,0.02808988764044944,8.0,0.8646816701021308,False,2.0,True,reset,0,103
40,14.0,0.1257608348063074,0.41533895160414197,0.02777777777777778,8.0,0.8646816701021308,False,-4.0,True,reset,0,103
41,4.0,0.23565094469641729,0.4111601607458228,0.027472527472527472,8.0,0.8646816701021308,False,6.0,True,reset,0,103
42,4.0,0.3443465968703303,0.40964167065774343,0.027173913043478264,8.0,0.8646816701021308,False,6.0,True,reset,0,103
43,12.0,0.2368197151499002,0.4058011827575691,0.02688172043010753,8.0,0.8646816701021308,False,-2.0,True,reset,0,103
44,6.0,0.29001120451160234,0.4032840093174394,0.026595744680851068,8.0,0.8646816701021308,False,4.0,True,reset,0,103
45,12.0,0.1847480466168655,0.3986343079833846,0.026315789473684213,8.0,0.8646816701021308,False,-2.0,True,reset,0,103
46,4.0,0.2889147132835322,0.3963484830938044,0.026041666666666668,8.0,0.8646816701021308,False,6.0,True,reset,0,103
47,8.0,0.2889147132835322,0.394155957179309,0.025773195876288662,8.0,0.8646816701021308,False,2.0,True,reset,0,103
48,6.0,0.3399351214467975,0.39307154046465875,0.025510204081632654,8.0,0.8646816701021308,False,4.0,True,reset,0,103
49,6.0,0.390440171951848,0.39301994500362325,0.025252525252525256,8.0,0.8646816701021308,False,4.0,True,reset,0,103
50,10.0,0.340440171951848,0.39200879552185836,0.025,8.0,0.8646816701021308,False,0.0,True,reset,0,103
51,8.0,0.340440171951848,0.391035802624311,0.024752475247524754,8.0,0.8646816701021308,False,2.0,True,reset,0,103
52,8.0,0.340440171951848,0.39009884650074683,0.024509803921568627,8.0,0.8646816701021308,False,2.0,True,reset,0,103
53,6.0,0.38898386127223633,0.39007857404204666,0.024271844660194174,8.0,0.8646816701021308,False,4.0,True,reset,0,103
54,10.0,0.34090693819531326,0.3892005091162121,0.02403846153846154,8.0,0.8646816701021308,False,0.0,True,reset,0,103
55,6.0,0.3885259858143609,0.3891886753740744,0.023809523809523808,8.0,0.8646816701021308,False,4.0,True,reset,0,103
56,12.0,0.2941863631728514,0.3875507044740533,0.02358490566037736,8.0,0.8646816701021308,False,-2.0,True,reset,0,103
57,8.0,0.2941863631728514,0.38596825801132106,0.02336448598130841,8.0,0.8646816701021308,False,2.0,True,reset,0,103
58,14.0,0.1552974742839625,0.38212374494919843,0.023148148148148147,8.0,0.8646816701021308,False,-4.0,True,reset,0,103
59,8.0,0.1552974742839625,0.37840528149567,0.022935779816513766,8.0,0.8646816701021308,False,2.0,True,reset,0,103
60,6.0,0.20075201973850798,0.37553990630603834,0.022727272727272728,8.0,0.8646816701021308,False,4.0,True,reset,0,103
61,4.0,0.2908421098285981,0.3741954968381425,0.022522522522522525,8.0,0.8646816701021308,False,6.0,True,reset,0,103
62,8.0,0.2908421098285981,0.3728931001661184,0.022321428571428572,8.0,0.8646816701021308,False,2.0,True,reset,0,103
63,14.0,0.15809874699673968,0.3695885716558202,0.022123893805309738,8.0,0.8646816701021308,False,-4.0,True,reset,0,103
64,6.0,0.2019583961195467,0.36704872051133125,0.021929824561403508,8.0,0.8646816701021308,False,4.0,True,reset,0,103
65,4.0,0.2889149178586771,0.3658825443523364,0.02173913043478261,8.0,0.8646816701021308,False,6.0,True,reset,0,103
66,10.0,0.24581146958281505,0.3641167932527846,0.021551724137931032,8.0,0.8646816701021308,False,0.0,True,reset,0,103
67,4.0,0.3312815550529005,0.36364092023539496,0.02136752136752137,8.0,0.8646816701021308,False,6.0,True,reset,0,103
68,6.0,0.3736544364088327,0.36378397046644406,0.0211864406779661,8.0,0.8646816701021308,False,4.0,True,reset,0,103
69,10.0,0.33163762968614363,0.3633312051033412,0.02100840336134454,8.0,0.8646816701021308,False,0.0,True,reset,0,103
70,8.0,0.33163762968614363,0.36289101655588013,0.020833333333333332,8.0,0.8646816701021308,False,2.0,True,reset,0,103
71,14.0,0.2076706875373833,0.3607647106789144,0.02066115702479339,8.0,0.8646816701021308,False,-4.0,True,reset,0,103
72,12.0,0.1257034744226292,0.3575882074862619,0.020491803278688527,8.0,0.8646816701021308,False,-2.0,True,reset,0,103
73,8.0,0.1257034744226292,0.35449641104541346,0.020325203252032523,8.0,0.8646816701021308,False,2.0,True,reset,0,103
74,8.0,0.1257034744226292,0.3514859776687979,0.020161290322580648,8.0,0.8646816701021308,False,-58.0,False,reset,0,103
75,4.0,0.2057034744226292,0.34959269840586066,0.02,8.0,0.8646816701021308,False,6.0,True,reset,0,103
76,4.0,0.28506855378770857,0.348765465782551,0.019841269841269844,8.0,0.8646816701021308,False,6.0,True,reset,0,103
77,6.0,0.32443863252786603,0.34845753118439043,0.01968503937007874,8.0,0.8646816701021308,False,4.0,True,reset,0,103
78,14.0,0.20725113252786603,0.34669245120118386,0.01953125,8.0,0.8646816701021308,False,-4.0,True,reset,0,103
79,8.0,0.20725113252786603,0.3449709534397849,0.01937984496124031,8.0,0.8646816701021308,False,2.0,True,reset,0,103
80,4.0,0.28417420945094296,0.3442295297326039,0.019230769230769232,8.0,0.8646816701021308,False,6.0,True,reset,0,103
81,14.0,0.16967039265704983,0.34212640759916346,0.019083969465648856,8.0,0.8646816701021308,False,-4.0,True,reset,0,103
82,6.0,0.2075491805358377,0.3405242977531715,0.01893939393939394,8.0,0.8646816701021308,False,4.0,True,reset,0,103
83,4.0,0.28273715046064973,0.3398444489614948,0.018796992481203006,8.0,0.8646816701021308,False,6.0,True,reset,0,103
84,10.0,0.24542371762482884,0.3387465334808359,0.01865671641791045,8.0,0.8646816701021308,False,0.0,True,reset,0,103
85,4.0,0.3194977916989029,0.33852528357529643,0.018518518518518517,8.0,0.8646816701021308,False,6.0,True,reset,0,103
86,8.0,0.3194977916989029,0.3383090620767011,0.018382352941176475,8.0,0.8646816701021308,False,2.0,True,reset,0,103
87,10.0,0.2830014413339394,0.3376876281357712,0.01824817518248175,8.0,0.8646816701021308,False,0.0,True,reset,0,103
88,10.0,0.2467695572759684,0.33667742734844003,0.01811594202898551,8.0,0.8646816701021308,False,0.0,True,reset,0,103
89,4.0,0.31871200331913385,0.3364800051063597,0.017985611510791366,8.0,0.8646816701021308,False,6.0,True,reset,0,103
90,12.0,0.2472834318905624,0.3355104771366228,0.01785714285714286,8.0,0.8646816701021308,False,-2.0,True,reset,0,103
91,10.0,0.21182243898276099,0.33418049823174256,0.017730496453900707,8.0,0.8646816701021308,False,0.0,True,reset,0,103
92,4.0,0.2822449741940286,0.33362799265687326,0.017605633802816902,8.0,0.8646816701021308,False,6.0,True,reset,0,103
93,12.0,0.2123149042639587,0.33235101277905316,0.01748251748251748,8.0,0.8646816701021308,False,-2.0,True,reset,0,103
94,4.0,0.28175934870840313,0.3318240162783172,0.017361111111111112,8.0,0.8646816701021308,False,6.0,True,reset,0,103
95,8.0,0.28175934870840313,0.33130788568481295,0.017241379310344827,8.0,0.8646816701021308,False,2.0,True,reset,0,103
96,10.0,0.24751277336593738,0.33045283351829385,0.01712328767123288,8.0,0.8646816701021308,False,0.0,True,reset,0,103
97,6.0,0.28152637880811426,0.3299586269050597,0.017006802721088437,8.0,0.8646816701021308,False,4.0,True,reset,0,103
98,30.0,0.0,0.32665904063600915,0.016891891891891893,8.0,0.8646816701021308,False,-20.0,True,reset,0,103
99,8.0,0.0,0.32342479270891994,0.016778523489932886,8.0,0.8646816701021308,False,2.0,True,reset,0,103
100,8.0,0.0,0.32025396140785206,0.016666666666666666,8.0,0.8646816701021308,False,-58.0,False,reset,0,103
101,4.0,0.06622516556291391,0.31778766241906625,0.016556291390728478,8.0,0.8646816701021308,False,6.0,True,reset,0,103
102,4.0,0.13201463924712442,0.3160013833501053,0.01644736842105263,8.0,0.8646816701021308,False,6.0,True,reset,0,103
103,6.0,0.16469437780921592,0.3145603642497159,0.016339869281045753,8.0,0.8646816701021308,False,4.0,True,reset,0,103
104,4.0,0.22962944274428088,0.31375912914117404,0.016233766233766236,8.0,0.8646816701021308,False,6.0,True,reset,0,103
105,6.0,0.2618875072604099,0.3132743476282697,0.016129032258064516,8.0,0.8646816701021308,False,4.0,True,reset,0,103
106,6.0,0.29393878931169193,0.31309531468089397,0.016025641025641028,8.0,0.8646816701021308,False,4.0,True,reset,0,103
107,8.0,0.29393878931169193,0.312919566741727,0.01592356687898089,8.0,0.8646816701021308,False,2.0,True,reset,0,103
108,6.0,0.3255843589319451,0.31303470121618354,0.015822784810126583,8.0,0.8646816701021308,False,4.0,True,reset,0,103
109,10.0,0.29413781805144196,0.31286445902551013,0.015723270440251572,8.0,0.8646816701021308,False,0.0,True,reset,0,103
110,14.0,0.20038781805144196,0.3118602033025274,0.015625,8.0,0.8646816701021308,False,-4.0,True,reset,0,103
111,4.0,0.262499619293678,0.31142338397501546,0.015527950310559006,8.0,0.8646816701021308,False,6.0,True,reset,0,103
112,6.0,0.29336381682454216,0.31126496671930953,0.015432098765432098,8.0,0.8646816701021308,False,4.0,True,reset,0,103
113,12.0,0.2320141235730084,0.31057582895282,0.015337423312883436,8.0,0.8646816701021308,False,-2.0,True,reset,0,103
114,14.0,0.14055070893886207,0.3091100951595962,0.01524390243902439,8.0,0.8646816701021308,False,-64.0,False,reset,0,103
115,4.0,0.20115676954492268,0.3081874171628896,0.015151515151515152,8.0,0.8646816701021308,False,6.0,True,reset,0,103
116,8.0,0.20115676954492268,0.30728037777629663,0.015060240963855423,8.0,0.8646816701021308,False,2.0,True,reset,0,103
117,4.0,0.2610370090658808,0.30689177803923434,0.014970059880239523,8.0,0.8646816701021308,False,6.0,True,reset,0,103
118,4.0,0.3205608185896903,0.3070056867104881,0.014880952380952382,8.0,0.8646816701021308,False,6.0,True,reset,0,103
119,14.0,0.23180342213998617,0.3063841803917236,0.014792899408284025,8.0,0.8646816701021308,False,-4.0,True,reset,0,103
120,8.0,0.23180342213998617,0.3057728627011356,0.014705882352941178,8.0,0.8646816701021308,False,2.0,True,reset,0,103
121,8.0,0.23180342213998617,0.3051714851355978,0.014619883040935673,8.0,0.8646816701021308,False,2.0,True,reset,0,103
122,6.0,0.26087318958184663,0.30481424081661584,0.014534883720930234,8.0,0.8646816701021308,False,4.0,True,reset,0,103
123,6.0,0.28977492368589286,0.30469392627957004,0.014450867052023123,8.0,0.8646816701021308,False,4.0,True,reset,0,103
124,6.0,0.3185105558698009,0.3048035820699687,0.014367816091954025,8.0,0.8646816701021308,False,4.0,True,reset,0,103
125,10.0,0.28993912729837235,0.3046865391190113,0.014285714285714287,8.0,0.8646816701021308,False,0.0,True,reset,0,103
126,8.0,0.28993912729837235,0.30457132496416256,0.014204545454545456,8.0,0.8646816701021308,False,2.0,True,reset,0,103
127,14.0,0.20519336458650794,0.30380095317828926,0.014124293785310734,8.0,0.8646816701021308,False,-4.0,True,reset,0,103
128,10.0,0.1771034769460585,0.3028263572072721,0.01404494382022472,8.0,0.8646816701021308,False,0.0,True,reset,0,103
129,4.0,0.23296939873376799,0.3022930979822835,0.013966480446927375,8.0,0.8646816701021308,False,6.0,True,reset,0,103
130,12.0,0.17741384317821243,0.3013470430216466,0.01388888888888889,8.0,0.8646816701021308,False,-62.0,False,reset,0,103
131,6.0,0.20503815257047764,0.3006229160257732,0.013812154696132598,8.0,0.8646816701021308,False,4.0,True,reset,0,103
132,4.0,0.2599832075155326,0.3003196346189803,0.013736263736263736,8.0,0.8646816701021308,False,6.0,True,reset,0,103
133,4.0,0.314628016258702,0.30042562263112643,0.01366120218579235,8.0,0.8646816701021308,False,6.0,True,reset,0,103
134,16.0,0.205932364084789,0.29973081925946216,0.01358695652173913,8.0,0.8646816701021308,False,-6.0,True,reset,0,103
135,4.0,0.25998641813884305,0.2994407141417934,0.013513513513513514,8.0,0.8646816701021308,False,6.0,True,reset,0,103
136,4.0,0.3137498589990581,0.29954440359728085,0.013440860215053764,8.0,0.8646816701021308,False,-54.0,False,reset,0,103
137,12.0,0.2602739231701811,0.29926188215535926,0.013368983957219251,8.0,0.8646816701021308,False,-2.0,True,reset,0,103
138,8.0,0.2602739231701811,0.29898339673403657,0.013297872340425532,8.0,0.8646816701021308,False,2.0,True,reset,0,103
139,4.0,0.313183976080234,0.299084110062733,0.013227513227513227,8.0,0.8646816701021308,False,6.0,True,reset,0,103
140,12.0,0.2605523971328656,0.29881275997167756,0.013157894736842105,8.0,0.8646816701021308,False,-2.0,True,reset,0,103
141,6.0,0.2867304076040698,0.2987282679970789,0.013089005235602096,8.0,0.8646816701021308,False,4.0,True,reset,0,103
142,12.0,0.23464707427073647,0.2982832597073127,0.013020833333333334,8.0,0.8646816701021308,False,-2.0,True,reset,0,103
143,4.0,0.28646054577332714,0.2982017237491473,0.01295336787564767,8.0,0.8646816701021308,False,6.0,True,reset,0,103
144,10.0,0.26068734989703846,0.2979447759830369,0.012886597938144331,8.0,0.8646816701021308,False,0.0,True,reset,0,103
145,4.0,0.3119694011790897,0.29804018159661555,0.012820512820512822,8.0,0.8646816701021308,False,6.0,True,reset,0,103
146,10.0,0.28645919709745704,0.297961931701351,0.012755102040816327,8.0,0.8646816701021308,False,0.0,True,reset,0,103
147,6.0,0.31183990775735554,0.2980550724802503,0.01269035532994924,8.0,0.8646816701021308,False,4.0,True,reset,0,103
148,6.0,0.3370924330098808,0.2983153215504478,0.012626262626262628,8.0,0.8646816701021308,False,4.0,True,reset,0,103
149,20.0,0.18633866416565967,0.2975737542829989,0.01256281407035176,8.0,0.8646816701021308,False,-10.0,True,reset,0,103
150,6.0,0.21133866416565966,0.2970064181638059,0.0125,8.0,0.8646816701021308,False,4.0,True,reset,0,103
151,8.0,0.21133866416565966,0.2964464982030337,0.012437810945273634,8.0,0.8646816701021308,False,2.0,True,reset,0,103
152,4.0,0.26084361466070916,0.296215310647564,0.012376237623762377,8.0,0.8646816701021308,False,6.0,True,reset,0,103
153,4.0,0.3101046984045515,0.29630491960083494,0.01231527093596059,8.0,0.8646816701021308,False,6.0,True,reset,0,103
154,12.0,0.26108509056141427,0.29607915146596686,0.012254901960784314,8.0,0.8646816701021308,False,-2.0,True,reset,0,103
155,4.0,0.3098655783662923,0.29616696310227464,0.012195121951219514,8.0,0.8646816701021308,False,6.0,True,reset,0,103
156,10.0,0.28559373370609814,0.2961000439288811,0.012135922330097087,8.0,0.8646816701021308,False,0.0,True,reset,0,103
157,14.0,0.21312996559015612,0.2955782195368137,0.012077294685990338,8.0,0.8646816701021308,False,-4.0,True,reset,0,103
158,8.0,0.21312996559015612,0.29506291794964706,0.01201923076923077,8.0,0.8646816701021308,False,2.0,True,reset,0,103
159,10.0,0.18920652061407955,0.29440542479849446,0.01196172248803828,8.0,0.8646816701021308,False,0.0,True,reset,0,103
160,4.0,0.23682556823312717,0.294049993585128,0.011904761904761904,8.0,0.8646816701021308,False,6.0,True,reset,0,103
161,4.0,0.2842189331620371,0.29398968033099865,0.011848341232227487,8.0,0.8646816701021308,False,6.0,True,reset,0,103
162,14.0,0.21346421618090503,0.29349867140325414,0.01179245283018868,8.0,0.8646816701021308,False,-64.0,False,reset,0,103
163,14.0,0.14304168096963743,0.29258681085517163,0.011737089201877935,8.0,0.8646816701021308,False,-4.0,True,reset,0,103
164,6.0,0.16640616695094584,0.2918266864943028,0.011682242990654205,8.0,0.8646816701021308,False,4.0,True,reset,0,103
165,8.0,0.16640616695094584,0.29107566541919294,0.011627906976744184,8.0,0.8646816701021308,False,-58.0,False,reset,0,103
166,4.0,0.21270246324724212,0.2906091582634075,0.011574074074074073,8.0,0.8646816701021308,False,6.0,True,reset,0,103
167,8.0,0.21270246324724212,0.2901481719023651,0.01152073732718894,8.0,0.8646816701021308,False,2.0,True,reset,0,103
168,4.0,0.25857402288026965,0.2899624416139998,0.011467889908256883,8.0,0.8646816701021308,False,6.0,True,reset,0,103
169,4.0,0.30423612333689065,0.2900459134369407,0.011415525114155252,8.0,0.8646816701021308,False,6.0,True,reset,0,103
170,10.0,0.28150885060961794,0.2899962793507353,0.011363636363636364,8.0,0.8646816701021308,False,0.0,True,reset,0,103
171,6.0,0.30413328499875825,0.29007799614638863,0.011312217194570137,8.0,0.8646816701021308,False,4.0,True,reset,0,103
172,14.0,0.23656571743119068,0.28977045431469206,0.011261261261261262,8.0,0.8646816701021308,False,-4.0,True,reset,0,103
173,4.0,0.2814087667585449,0.28972267324294265,0.011210762331838566,8.0,0.8646816701021308,False,-54.0,False,reset,0,103
174,14.0,0.21444448104425923,0.2892949562418138,0.011160714285714286,8.0,0.8646816701021308,False,-4.0,True,reset,0,103
175,4.0,0.2588889254887037,0.28912317075733296,0.011111111111111112,8.0,0.8646816701021308,False,6.0,True,reset,0,103
176,4.0,0.30313671309932316,0.2892018985232992,0.011061946902654869,8.0,0.8646816701021308,False,6.0,True,reset,0,103
177,12.0,0.2590838496631998,0.2890336412670975,0.011013215859030838,8.0,0.8646816701021308,False,-2.0,True,reset,0,103
178,4.0,0.3029434987860068,0.28911091825331364,0.010964912280701754,8.0,0.8646816701021308,False,6.0,True,reset,0,103
179,16.0,0.21560725424452207,0.2887048206621049,0.01091703056768559,8.0,0.8646816701021308,False,-6.0,True,reset,0,103
180,6.0,0.2373463846793047,0.2884226314534082,0.010869565217391306,8.0,0.8646816701021308,False,4.0,True,reset,0,103
181,4.0,0.28063642796934796,0.288380083893386,0.010822510822510822,8.0,0.8646816701021308,False,6.0,True,reset,0,103
182,12.0,0.23753297969348589,0.28810374093577784,0.010775862068965516,8.0,0.8646816701021308,False,-2.0,True,reset,0,103
183,4.0,0.2804514346291082,0.28806237711790394,0.01072961373390558,8.0,0.8646816701021308,False,-54.0,False,reset,0,103
184,12.0,0.23771639189406546,0.28779169977799085,0.010683760683760686,8.0,0.8646816701021308,False,-2.0,True,reset,0,103
185,4.0,0.28026958338342717,0.2877514745566295,0.010638297872340425,8.0,0.8646816701021308,False,6.0,True,reset,0,103
186,8.0,0.28026958338342717,0.28771167726315505,0.01059322033898305,8.0,0.8646816701021308,False,2.0,True,reset,0,103
187,12.0,0.23807549055642296,0.2874490519366644,0.010548523206751054,8.0,0.8646816701021308,False,-2.0,True,reset,0,103
188,4.0,0.28009229727911206,0.2874103321753089,0.01050420168067227,8.0,0.8646816701021308,False,6.0,True,reset,0,103
189,6.0,0.30101279937116227,0.28748154928104636,0.010460251046025104,8.0,0.8646816701021308,False,4.0,True,reset,0,103
190,10.0,0.28017946603782895,0.28744351759748793,0.010416666666666666,8.0,0.8646816701021308,False,0.0,True,reset,0,103
191,12.0,0.238685690104219,0.2871908863669529,0.01037344398340249,8.0,0.8646816701021308,False,-62.0,False,reset,0,103
192,6.0,0.2593468471290124,0.2870473603914996,0.010330578512396695,8.0,0.8646816701021308,False,4.0,True,reset,0,103
193,6.0,0.2799229788162552,0.2870108251013701,0.010288065843621401,8.0,0.8646816701021308,False,4.0,True,reset,0,103
194,10.0,0.25943117553756667,0.2868701126035956,0.010245901639344263,8.0,0.8646816701021308,False,0.0,True,reset,0,103
195,6.0,0.2798393388028728,0.2868344233964853,0.01020408163265306,8.0,0.8646816701021308,False,4.0,True,reset,0,103
196,10.0,0.2595141355508403,0.2866964421447396,0.010162601626016262,8.0,0.8646816701021308,False,0.0,True,reset,0,103
197,8.0,0.2595141355508403,0.2865598476392426,0.010121457489878544,8.0,0.8646816701021308,False,2.0,True,reset,0,103
198,4.0,0.2998367161960016,0.2866262319820264,0.010080645161290324,8.0,0.8646816701021308,False,6.0,True,reset,0,103
199,6.0,0.3199170374811422,0.286791857880032,0.010040160642570281,8.0,0.8646816701021308,False,4.0,True,reset,0,103
200,4.0,0.3599170374811422,0.2871538637196414,0.01,8.0,0.8646816701021308,True,60.0,True,reset,0,103
201,4.0,0.3997576749313414,0.28770856229703895,0.0099601593625498,8.0,0.8646816701021308,True,60.0,True,reset,0,103
202,6.0,0.4195989447726112,0.2883550837797623,0.009920634920634922,8.0,0.8646816701021308,True,40.0,True,reset,0,103
203,4.0,0.45912463647221596,0.2891881059880182,0.009881422924901186,8.0,0.8646816701021308,True,60.0,True,reset,0,103
204,4.0,0.49849471521237343,0.29020415748910733,0.00984251968503937,8.0,0.8646816701021308,True,60.0,True,reset,0,103
205,4.0,0.5377104014868832,0.2913998398272608,0.009803921568627453,8.0,0.8646816701021308,True,-540.0,False,reset,0,103
206,4.0,0.5767729014868832,0.2927718257006244,0.009765625,8.0,0.8646816701021308,True,60.0,True,reset,0,103
207,6.0,0.6767729014868832,0.29460915142208977,0.05,8.0,0.8646816701021308,True,40.0,True,reset,1,103
208,8.0,0.6767729014868832,0.2964289788033507,0.049019607843137254,8.0,0.8646816701021308,True,20.0,True,reset,1,103
209,6.0,0.7729267476407293,0.29868726206798285,0.04807692307692308,8.0,0.8646816701021308,True,40.0,True,reset,1,103
210,6.0,0.8672663702822387,0.30136923899352175,0.04716981132075472,8.0,0.8646816701021308,True,40.0,True,reset,1,103
211,4.0,1.0524515554674239,0.3048954470520847,0.046296296296296294,8.0,0.8646816701021308,True,60.0,True,reset,1,103
212,6.0,1.1433606463765147,0.30881350873117086,0.045454545454545456,8.0,0.8646816701021308,True,40.0,True,reset,1,103
213,4.0,1.3219320749479433,0.3135256881089233,0.044642857142857144,8.0,0.8646816701021308,True,60.0,True,reset,1,103
214,8.0,1.3219320749479433,0.3181942361961409,0.043859649122807015,8.0,0.8646816701021308,True,20.0,True,reset,1,103
215,6.0,1.4081389714996675,0.32321702299477467,0.04310344827586207,8.0,0.8646816701021308,True,40.0,True,reset,1,103
216,4.0,1.5776304969233963,0.32897121324215367,0.04237288135593221,8.0,0.8646816701021308,True,60.0,True,reset,1,103
217,6.0,1.6609638302567296,0.3350533713107134,0.04166666666666667,8.0,0.8646816701021308,True,40.0,True,reset,1,103
218,8.0,1.6609638302567296,0.3410802370331953,0.04098360655737705,8.0,0.8646816701021308,True,-580.0,False,reset,1,103
219,4.0,1.8222541528373748,0.3477823814485988,0.040322580645161296,8.0,0.8646816701021308,True,60.0,True,reset,1,103
220,8.0,1.8222541528373748,0.3544241461845843,0.03968253968253969,8.0,0.8646816701021308,True,20.0,True,reset,1,103
221,6.0,1.9003791528373748,0.36135667984670444,0.0390625,8.0,0.8646816701021308,True,40.0,True,reset,1,103
222,8.0,1.9003791528373748,0.3682273158868413,0.038461538461538464,8.0,0.8646816701021308,True,20.0,True,reset,1,103
223,4.0,2.051894304352526,0.3757102802800222,0.03787878787878788,8.0,0.8646816701021308,True,60.0,True,reset,1,103
224,6.0,2.126521170024168,0.383457231119598,0.03731343283582089,8.0,0.8646816701021308,True,40.0,True,reset,1,103
225,6.0,2.200050581788874,0.39145984499919834,0.03676470588235295,8.0,0.8646816701021308,True,40.0,True,reset,1,103
226,8.0,2.200050581788874,0.3993922605114337,0.03623188405797102,8.0,0.8646816701021308,True,20.0,True,reset,1,103
227,4.0,2.342907724646017,0.40787922760372447,0.03571428571428572,8.0,0.8646816701021308,True,60.0,True,reset,1,103
228,6.0,2.4133302598572843,0.4165985799178704,0.035211267605633804,8.0,0.8646816701021308,True,40.0,True,reset,1,103
229,4.0,2.552219148746173,0.42584369060543886,0.034722222222222224,8.0,0.8646816701021308,True,60.0,True,reset,1,103
230,4.0,2.6892054501160363,0.4355995602585018,0.03424657534246576,8.0,0.8646816701021308,True,60.0,True,reset,1,103
231,6.0,2.756773017683604,0.4455616781015279,0.033783783783783786,8.0,0.8646816701021308,True,-560.0,False,reset,1,103
232,8.0,2.756773017683604,0.45543864963820346,0.03333333333333333,8.0,0.8646816701021308,True,20.0,True,reset,1,103
233,10.0,2.690983543999393,0.4649516066354851,0.03289473684210526,8.0,0.8646816701021308,True,0.0,True,reset,1,103
234,6.0,2.7559186089344583,0.47465909393336214,0.03246753246753247,8.0,0.8646816701021308,True,40.0,True,reset,1,103
235,16.0,2.499508352524202,0.4832027616911294,0.032051282051282055,8.0,0.8646816701021308,True,-60.0,True,reset,1,103
236,6.0,2.562799491764708,0.49194056307799316,0.03164556962025317,8.0,0.8646816701021308,True,-560.0,False,reset,1,103
237,4.0,2.687799491764708,0.5011282573402807,0.03125,8.0,0.8646816701021308,True,-540.0,False,reset,1,103
238,10.0,2.62607109670298,0.5099821858376253,0.030864197530864196,8.0,0.8646816701021308,True,-600.0,False,reset,1,103
239,8.0,2.62607109670298,0.5187626377499297,0.03048780487804878,8.0,0.8646816701021308,True,20.0,True,reset,1,103
240,4.0,2.7465530244138234,0.5279683831493673,0.030120481927710843,8.0,0.8646816701021308,True,60.0,True,reset,1,103
241,6.0,2.8060768339376327,0.5373433150456153,0.02976190476190476,8.0,0.8646816701021308,True,40.0,True,reset,1,103
242,12.0,2.6884297751141033,0.5461592431606501,0.029411764705882353,8.0,0.8646816701021308,True,-20.0,True,reset,1,103
243,8.0,2.6884297751141033,0.5549032045155623,0.029069767441860468,8.0,0.8646816701021308,True,20.0,True,reset,1,103
244,4.0,2.8033723038497356,0.5640433228055385,0.02873563218390805,8.0,0.8646816701021308,True,60.0,True,reset,1,103
245,12.0,2.689735940213372,0.5726493657909953,0.02840909090909091,8.0,0.8646816701021308,True,-20.0,True,reset,1,103
246,4.0,2.8020954907751694,0.5816390679078671,0.02808988764044944,8.0,0.8646816701021308,True,60.0,True,reset,1,103
247,6.0,2.8576510463307248,0.590779678262979,0.02777777777777778,8.0,0.8646816701021308,True,40.0,True,reset,1,103
248,8.0,2.8576510463307248,0.5998471637352498,0.027472527472527472,8.0,0.8646816701021308,True,20.0,True,reset,1,103
249,10.0,2.803303220243768,0.6086258731237301,0.027173913043478264,8.0,0.8646816701021308,True,0.0,True,reset,1,103
250,10.0,2.749539779383553,0.6171215632279357,0.02688172043010753,8.0,0.8646816701021308,True,0.0,True,reset,1,103
251,10.0,2.696348290021851,0.6253398506856191,0.026595744680851068,8.0,0.8646816701021308,True,0.0,True,reset,1,103
252,6.0,2.7489798689692195,0.6337006381591768,0.026315789473684213,8.0,0.8646816701021308,True,40.0,True,reset,1,103
253,6.0,2.801063202302553,0.6422000991950331,0.026041666666666668,8.0,0.8646816701021308,True,40.0,True,reset,1,103
254,6.0,2.85260959405513,0.6508345112843303,0.025773195876288662,8.0,0.8646816701021308,True,40.0,True,reset,1,103
255,8.0,2.85260959405513,0.6594017295052285,0.025510204081632654,8.0,0.8646816701021308,True,20.0,True,reset,1,103
256,6.0,2.9031146445601808,0.668098291191488,0.025252525252525256,8.0,0.8646816701021308,True,40.0,True,reset,1,103
257,6.0,2.9531146445601806,0.6769207481543015,0.025,8.0,0.8646816701021308,True,40.0,True,reset,1,103
258,8.0,2.9531146445601806,0.6856753400635548,0.024752475247524754,8.0,0.8646816701021308,True,20.0,True,reset,1,103
259,8.0,2.9531146445601806,0.694362846977335,0.024509803921568627,8.0,0.8646816701021308,True,20.0,True,reset,1,103
260,8.0,2.9531146445601806,0.702984037044445,0.024271844660194174,8.0,0.8646816701021308,True,20.0,True,reset,1,103
261,6.0,3.0011915676371035,0.7117224687197022,0.02403846153846154,8.0,0.8646816701021308,True,40.0,True,reset,1,103
262,12.0,2.905953472399008,0.7200339497942451,0.023809523809523808,8.0,0.8646816701021308,True,-20.0,True,reset,1,103
263,10.0,2.8587836610782533,0.728104703421732,0.02358490566037736,8.0,0.8646816701021308,True,0.0,True,reset,1,103
264,6.0,2.9055126330408703,0.7362904475180445,0.02336448598130841,8.0,0.8646816701021308,True,40.0,True,reset,1,103
265,10.0,2.859216336744574,0.7442414808110277,0.023148148148148147,8.0,0.8646816701021308,True,0.0,True,reset,1,103
266,10.0,2.8133447771115465,0.7519620154987162,0.022935779816513766,8.0,0.8646816701021308,True,0.0,True,reset,1,103
267,6.0,2.858799322566092,0.7597941244469221,0.022727272727272728,8.0,0.8646816701021308,True,40.0,True,reset,1,103
268,12.0,2.768709232476002,0.7672345507729557,0.022522522522522525,8.0,0.8646816701021308,True,-20.0,True,reset,1,103
269,14.0,2.6347806610474303,0.7741258648330092,0.022321428571428572,8.0,0.8646816701021308,True,-40.0,True,reset,1,103
270,6.0,2.6790284486580496,0.7811291831558953,0.022123893805309738,8.0,0.8646816701021308,True,40.0,True,reset,1,103
271,6.0,2.7228880977808565,0.7882418531728366,0.021929824561403508,8.0,0.8646816701021308,True,40.0,True,reset,1,103
272,8.0,2.7228880977808565,0.7953026058903842,0.02173913043478261,8.0,0.8646816701021308,True,20.0,True,reset,1,103
273,12.0,2.6366812012291323,0.8019985280552523,0.021551724137931032,8.0,0.8646816701021308,True,-20.0,True,reset,1,103
274,4.0,2.722151286699218,0.8089556032677304,0.02136752136752137,8.0,0.8646816701021308,True,60.0,True,reset,1,103
275,8.0,2.722151286699218,0.8158624468902268,0.0211864406779661,8.0,0.8646816701021308,True,20.0,True,reset,1,103
276,8.0,2.722151286699218,0.8227196009902591,0.02100840336134454,8.0,0.8646816701021308,True,20.0,True,reset,1,103
277,18.0,2.5138179533658844,0.828780885407376,0.020833333333333332,8.0,0.8646816701021308,True,-80.0,True,reset,1,103
278,10.0,2.4724956393162976,0.834651295242765,0.02066115702479339,8.0,0.8646816701021308,True,-600.0,False,reset,1,103
279,8.0,2.4724956393162976,0.8404799228017455,0.020491803278688527,8.0,0.8646816701021308,True,-580.0,False,reset,1,103
280,10.0,2.4318452328122326,0.8461230621989458,0.020325203252032523,8.0,0.8646816701021308,True,0.0,True,reset,1,103
281,4.0,2.512490394102555,0.852011285986591,0.020161290322580648,8.0,0.8646816701021308,True,60.0,True,reset,1,103
282,4.0,2.592490394102555,0.8581397335503796,0.02,8.0,0.8646816701021308,True,60.0,True,reset,1,103
283,8.0,2.592490394102555,0.8642251744645978,0.019841269841269844,8.0,0.8646816701021308,True,20.0,True,reset,1,103
284,6.0,2.6318604728427126,0.8704057174659199,0.01968503937007874,8.0,0.8646816701021308,True,40.0,True,reset,1,103
285,6.0,2.6709229728427126,0.876679296752947,0.01953125,8.0,0.8646816701021308,True,40.0,True,reset,1,103
286,4.0,2.748442352687674,0.8831784740304981,0.01937984496124031,8.0,0.8646816701021308,True,60.0,True,reset,1,103
287,6.0,2.7869038911492123,0.8897657592108398,0.019230769230769232,8.0,0.8646816701021308,True,40.0,True,reset,1,103
288,10.0,2.7487359522179147,0.8961760012556919,0.019083969465648856,8.0,0.8646816701021308,True,0.0,True,reset,1,103
289,14.0,2.635099588581551,0.9021516836863649,0.01893939393939394,8.0,0.8646816701021308,True,-40.0,True,reset,1,103
290,6.0,2.672693573543957,0.9082151833091648,0.018796992481203006,8.0,0.8646816701021308,True,40.0,True,reset,1,103
291,6.0,2.710007006379778,0.9143646434561635,0.01865671641791045,8.0,0.8646816701021308,True,40.0,True,reset,1,103
292,8.0,2.710007006379778,0.9204722705409377,0.018518518518518517,8.0,0.8646816701021308,True,20.0,True,reset,1,103
293,4.0,2.783536418144484,0.9267877422277294,0.018382352941176475,8.0,0.8646816701021308,True,-540.0,False,reset,1,103
294,14.0,2.6740473670495937,0.932690646365641,0.01824817518248175,8.0,0.8646816701021308,True,-40.0,True,reset,1,103
295,6.0,2.710279251107565,0.938675793182954,0.01811594202898551,8.0,0.8646816701021308,True,40.0,True,reset,1,103
296,6.0,2.7462504741291474,0.9447414800317668,0.017985611510791366,8.0,0.8646816701021308,True,40.0,True,reset,1,103
297,6.0,2.781964759843433,0.9508860394960199,0.01785714285714286,8.0,0.8646816701021308,True,40.0,True,reset,1,103
298,12.0,2.7110427740278302,0.9567532286111259,0.017730496453900707,8.0,0.8646816701021308,True,-20.0,True,reset,1,103
299,10.0,2.6758315064221962,0.9624644521254484,0.017605633802816902,8.0,0.8646816701021308,True,0.0,True,reset,1,103
300,4.0,2.7457615763522663,0.9683694094904378,0.01748251748251748,8.0,0.8646816701021308,True,-540.0,False,reset,1,103
301,6.0,2.7804837985744886,0.9743499850319693,0.017361111111111112,8.0,0.8646816701021308,True,40.0,True,reset,1,103
302,12.0,2.711518281333109,0.9800643544276968,0.017241379310344827,8.0,0.8646816701021308,True,-20.0,True,reset,1,103
303,4.0,2.7800114320180405,0.9859658202558619,0.01712328767123288,8.0,0.8646816701021308,True,60.0,True,reset,1,103
304,6.0,2.814025037460217,0.9919398699852879,0.017006802721088437,8.0,0.8646816701021308,True,40.0,True,reset,1,103
305,6.0,2.847808821244001,0.9979850457222869,0.016891891891891893,8.0,0.8646816701021308,True,40.0,True,reset,1,103
306,6.0,2.8813658682238668,1.0040999185226165,0.016778523489932886,8.0,0.8646816701021308,True,40.0,True,reset,1,103
307,10.0,2.8480325348905335,1.010067337993063,0.016666666666666666,8.0,0.8646816701021308,True,0.0,True,reset,1,103
308,12.0,2.7818073693276197,1.0157826284167228,0.016556291390728478,8.0,0.8646816701021308,True,-20.0,True,reset,1,103
309,6.0,2.814702106169725,1.021566935419144,0.01644736842105263,8.0,0.8646816701021308,True,40.0,True,reset,1,103
310,12.0,2.749342629045542,1.0271046780269208,0.016339869281045753,8.0,0.8646816701021308,True,-20.0,True,reset,1,103
311,12.0,2.6844075641104768,1.032399575426549,0.016233766233766236,8.0,0.8646816701021308,True,-20.0,True,reset,1,103
312,8.0,2.6844075641104768,1.0376607473650328,0.016129032258064516,8.0,0.8646816701021308,True,20.0,True,reset,1,103
313,4.0,2.748510128213041,1.0430920152407406,0.016025641025641028,8.0,0.8646816701021308,True,-540.0,False,reset,1,103
314,8.0,2.748510128213041,1.048488908003311,0.01592356687898089,8.0,0.8646816701021308,True,20.0,True,reset,1,103
315,6.0,2.7801556978332944,1.0539515792646044,0.015822784810126583,8.0,0.8646816701021308,True,40.0,True,reset,1,103
316,8.0,2.7801556978332944,1.059379894102871,0.015723270440251572,8.0,0.8646816701021308,True,20.0,True,reset,1,103
317,6.0,2.8114056978332944,1.0648721380017123,0.015625,8.0,0.8646816701021308,True,40.0,True,reset,1,103
318,14.0,2.7182379959699405,1.0700389063078632,0.015527950310559006,8.0,0.8646816701021308,True,-40.0,True,reset,1,103
319,10.0,2.687373798439076,1.0750773327631005,0.015432098765432098,8.0,0.8646816701021308,True,0.0,True,reset,1,103
320,4.0,2.74872349169061,1.0802749916417573,0.015337423312883436,8.0,0.8646816701021308,True,60.0,True,reset,1,103
321,14.0,2.657260077056464,1.0851572984077473,0.01524390243902439,8.0,0.8646816701021308,True,-40.0,True,reset,1,103
322,6.0,2.687563107359494,1.0901029953489565,0.015151515151515152,8.0,0.8646816701021308,True,40.0,True,reset,1,103
323,4.0,2.7478040712149157,1.0952036140439287,0.015060240963855423,8.0,0.8646816701021308,True,60.0,True,reset,1,103
324,8.0,2.7478040712149157,1.100272940599668,0.014970059880239523,8.0,0.8646816701021308,True,20.0,True,reset,1,103
325,10.0,2.718042166453011,1.1052202471007486,0.014880952380952382,8.0,0.8646816701021308,True,0.0,True,reset,1,103
326,6.0,2.747627965269579,1.110227587704922,0.014792899408284025,8.0,0.8646816701021308,True,40.0,True,reset,1,103
327,6.0,2.7770397299754612,1.1152938860096955,0.014705882352941178,8.0,0.8646816701021308,True,40.0,True,reset,1,103
328,10.0,2.74779996389359,1.1202408741244954,0.014619883040935673,8.0,0.8646816701021308,True,0.0,True,reset,1,103
329,22.0,2.5443115918005668,1.1245432025766888,0.014534883720930234,8.0,0.8646816701021308,True,-120.0,True,reset,1,103
330,6.0,2.573213325904613,1.12890666680358,0.014450867052023123,8.0,0.8646816701021308,True,40.0,True,reset,1,103
331,6.0,2.601948958088521,1.1333302172278594,0.014367816091954025,8.0,0.8646816701021308,True,40.0,True,reset,1,103
332,4.0,2.659091815231378,1.1378983657248758,0.014285714285714287,8.0,0.8646816701021308,True,60.0,True,reset,1,103
333,6.0,2.687500906140469,1.1425240449499972,0.014204545454545456,8.0,0.8646816701021308,True,40.0,True,reset,1,103
334,4.0,2.743998081281712,1.1472903367247937,0.014124293785310734,8.0,0.8646816701021308,True,-540.0,False,reset,1,103
335,22.0,2.547368867798566,1.1514448724253095,0.01404494382022472,8.0,0.8646816701021308,True,-120.0,True,reset,1,103
336,4.0,2.6032347895862755,1.1557401088666142,0.013966480446927375,8.0,0.8646816701021308,True,60.0,True,reset,1,103
337,4.0,2.658790345141831,1.1601738853748005,0.01388888888888889,8.0,0.8646816701021308,True,60.0,True,reset,1,103
338,6.0,2.686414654534096,1.1646628288135044,0.013812154696132598,8.0,0.8646816701021308,True,40.0,True,reset,1,103
339,4.0,2.7413597094791506,1.1692865733315854,0.013736263736263736,8.0,0.8646816701021308,True,60.0,True,reset,1,103
340,8.0,2.7413597094791506,1.1738832784080402,0.01366120218579235,8.0,0.8646816701021308,True,20.0,True,reset,1,103
341,10.0,2.7141857964356726,1.1783739563031645,0.01358695652173913,8.0,0.8646816701021308,True,0.0,True,reset,1,103
342,12.0,2.6601317423816186,1.1826813917278112,0.013513513513513514,8.0,0.8646816701021308,True,-20.0,True,reset,1,103
343,4.0,2.7138951832418337,1.1871196925727794,0.013440860215053764,8.0,0.8646816701021308,True,60.0,True,reset,1,103
344,8.0,2.7138951832418337,1.1915323384995686,0.013368983957219251,8.0,0.8646816701021308,True,-580.0,False,reset,1,103
345,8.0,2.7138951832418337,1.195919551308624,0.013297872340425532,8.0,0.8646816701021308,True,20.0,True,reset,1,103
346,6.0,2.74035020969686,1.2003575704419236,0.013227513227513227,8.0,0.8646816701021308,True,40.0,True,reset,1,103
347,12.0,2.6877186307494916,1.2046193499843523,0.013157894736842105,8.0,0.8646816701021308,True,-20.0,True,reset,1,103
348,4.0,2.7400746516919,1.2090063651320881,0.013089005235602096,8.0,0.8646816701021308,True,60.0,True,reset,1,103
349,6.0,2.7661163183585664,1.213442575825041,0.013020833333333334,8.0,0.8646816701021308,True,40.0,True,reset,1,103
350,8.0,2.7661163183585664,1.2178535807754203,0.01295336787564767,8.0,0.8646816701021308,True,20.0,True,reset,1,103
351,14.0,2.6887967307297003,1.2220205585373305,0.012886597938144331,8.0,0.8646816701021308,True,-40.0,True,reset,1,103
352,6.0,2.714437756370726,1.2262364263278203,0.012820512820512822,8.0,0.8646816701021308,True,40.0,True,reset,1,103
353,10.0,2.688927552289093,1.230356683020669,0.012755102040816327,8.0,0.8646816701021308,True,0.0,True,reset,1,103
354,4.0,2.73968897360889,1.2345963804661415,0.01269035532994924,8.0,0.8646816701021308,True,60.0,True,reset,1,103
355,12.0,2.6891839231038395,1.2386708553754908,0.012626262626262628,8.0,0.8646816701021308,True,-20.0,True,reset,1,103
356,4.0,2.7394351793852465,1.2428629344928364,0.01256281407035176,8.0,0.8646816701021308,True,60.0,True,reset,1,103
357,8.0,2.7394351793852465,1.2470316594089712,0.0125,8.0,0.8646816701021308,True,20.0,True,reset,1,103
358,8.0,2.7394351793852465,1.2511772247422386,0.012437810945273634,8.0,0.8646816701021308,True,20.0,True,reset,1,103
359,8.0,2.7394351793852465,1.255299822954546,0.012376237623762377,8.0,0.8646816701021308,True,20.0,True,reset,1,103
360,6.0,2.7640657212571678,1.259467684552067,0.01231527093596059,8.0,0.8646816701021308,True,40.0,True,reset,1,103
361,12.0,2.7150461134140307,1.2634775424828162,0.012254901960784314,8.0,0.8646816701021308,True,-620.0,False,reset,1,103
362,8.0,2.7150461134140307,1.2674653682271326,0.012195121951219514,8.0,0.8646816701021308,True,20.0,True,reset,1,103
363,8.0,2.7150461134140307,1.2714313428714803,0.012135922330097087,8.0,0.8646816701021308,True,20.0,True,reset,1,103
364,8.0,2.7150461134140307,1.275375645523236,0.012077294685990338,8.0,0.8646816701021308,True,20.0,True,reset,1,103
365,10.0,2.691007651875569,1.279232953442452,0.01201923076923077,8.0,0.8646816701021308,True,0.0,True,reset,1,103
366,6.0,2.7149310968516454,1.2831343070930206,0.01196172248803828,8.0,0.8646816701021308,True,40.0,True,reset,1,103
367,6.0,2.738740620661169,1.287079039650116,0.011904761904761904,8.0,0.8646816701021308,True,40.0,True,reset,1,103
368,6.0,2.762437303125624,1.291066494416266,0.011848341232227487,8.0,0.8646816701021308,True,40.0,True,reset,1,103
369,6.0,2.7860222087860014,1.2950960246436776,0.01179245283018868,8.0,0.8646816701021308,True,40.0,True,reset,1,103
370,8.0,2.7860222087860014,1.2991038907300818,0.011737089201877935,8.0,0.8646816701021308,True,20.0,True,reset,1,103
371,16.0,2.692564264860768,1.302839709427483,0.011682242990654205,8.0,0.8646816701021308,True,-60.0,True,reset,1,103
372,4.0,2.7390758927677448,1.3066799131262539,0.011627906976744184,8.0,0.8646816701021308,True,60.0,True,reset,1,103
373,12.0,2.6927795964714485,1.3103761789485076,0.011574074074074073,8.0,0.8646816701021308,True,-20.0,True,reset,1,103
374,6.0,2.715821071125826,1.314114064300043,0.01152073732718894,8.0,0.8646816701021308,True,40.0,True,reset,1,103
375,10.0,2.692885291309312,1.317771282408821,0.011467889908256883,8.0,0.8646816701021308,True,0.0,True,reset,1,103
376,8.0,2.692885291309312,1.3214091501572351,0.011415525114155252,8.0,0.8646816701021308,True,20.0,True,reset,1,103
377,4.0,2.7383398367638576,1.3251477535519756,0.011363636363636364,8.0,0.8646816701021308,True,60.0,True,reset,1,103
378,6.0,2.760964271152998,1.3289262180719783,0.011312217194570137,8.0,0.8646816701021308,True,40.0,True,reset,1,103
379,6.0,2.7834867936755203,1.332743962364901,0.011261261261261262,8.0,0.8646816701021308,True,40.0,True,reset,1,103
380,12.0,2.738643744348166,1.336424328286323,0.011210762331838566,8.0,0.8646816701021308,True,-620.0,False,reset,1,103
381,10.0,2.7163223157767376,1.3400271950943923,0.011160714285714286,8.0,0.8646816701021308,True,0.0,True,reset,1,103
382,6.0,2.7385445379989597,1.3436691673415393,0.011111111111111112,8.0,0.8646816701021308,True,40.0,True,reset,1,103
383,6.0,2.7606684318042696,1.3473496849115723,0.011061946902654869,8.0,0.8646816701021308,True,40.0,True,reset,1,103
384,10.0,2.738642000086208,1.350954069147776,0.011013215859030838,8.0,0.8646816701021308,True,0.0,True,reset,1,103
385,8.0,2.738642000086208,1.3545398260752655,0.010964912280701754,8.0,0.8646816701021308,True,20.0,True,reset,1,103
386,6.0,2.760476061221579,1.3581633730730651,0.01091703056768559,8.0,0.8646816701021308,True,40.0,True,reset,1,103
387,10.0,2.7387369307867964,1.3617124053551055,0.010869565217391306,8.0,0.8646816701021308,True,0.0,True,reset,1,103
388,14.0,2.6738018658517313,1.365076737305097,0.010822510822510822,8.0,0.8646816701021308,True,-40.0,True,reset,1,103
389,4.0,2.7169053141275934,1.368534099394157,0.010775862068965516,8.0,0.8646816701021308,True,60.0,True,reset,1,103
390,10.0,2.695446086659782,1.3719190789535083,0.01072961373390558,8.0,0.8646816701021308,True,0.0,True,reset,1,103
391,10.0,2.6740785652922607,1.3752324618704006,0.010683760683760686,8.0,0.8646816701021308,True,0.0,True,reset,1,103
392,6.0,2.6953551610369417,1.3785830270967114,0.010638297872340425,8.0,0.8646816701021308,True,40.0,True,reset,1,103
393,8.0,2.6953551610369417,1.3819166274358006,0.01059322033898305,8.0,0.8646816701021308,True,20.0,True,reset,1,103
394,6.0,2.716452207450444,1.3852866667792718,0.010548523206751054,8.0,0.8646816701021308,True,40.0,True,reset,1,103
395,6.0,2.7374606108117883,1.3886926464871623,0.01050420168067227,8.0,0.8646816701021308,True,40.0,True,reset,1,103
396,6.0,2.7583811129038383,1.392134074794742,0.010460251046025104,8.0,0.8646816701021308,True,40.0,True,reset,1,103
397,6.0,2.7792144462371717,1.3956104667031188,0.010416666666666666,8.0,0.8646816701021308,True,40.0,True,reset,1,103
398,10.0,2.758467558270367,1.399017609432037,0.01037344398340249,8.0,0.8646816701021308,True,0.0,True,reset,1,103
399,18.0,2.6551617731464,1.4021501385186064,0.010330578512396695,8.0,0.8646816701021308,True,-80.0,True,reset,1,103
0,18.0,0.5,0.75,0.05,8.0,0.8646816701021308,False,-8.0,True,reset,0,104
1,16.0,0.10784313725490197,0.5359477124183006,0.049019607843137254,8.0,0.8646816701021308,False,-6.0,True,reset,0,104
2,4.0,0.3001508295625943,0.4769984917043741,0.04807692307692308,8.0,0.8646816701021308,False,-54.0,False,reset,0,104
3,8.0,0.3001508295625943,0.44162895927601814,0.04716981132075472,8.0,0.8646816701021308,False,2.0,True,reset,0,104
4,8.0,0.3001508295625943,0.4180492709904475,0.046296296296296294,8.0,0.8646816701021308,False,2.0,True,reset,0,104
5,14.0,0.027423556835321605,0.3622455975397152,0.045454545454545456,8.0,0.8646816701021308,False,-4.0,True,reset,0,104
6,6.0,0.11670927112103589,0.3315535567373803,0.044642857142857144,8.0,0.8646816701021308,False,4.0,True,reset,0,104
7,8.0,0.11670927112103589,0.30768196944667536,0.043859649122807015,8.0,0.8646816701021308,False,2.0,True,reset,0,104
8,4.0,0.2891230642244842,0.3058260789244563,0.04310344827586207,8.0,0.8646816701021308,False,6.0,True,reset,0,104
9,6.0,0.3738688269363486,0.3120117832891738,0.04237288135593221,8.0,0.8646816701021308,False,4.0,True,reset,0,104
10,12.0,0.2072021602696819,0.3032776480375495,0.04166666666666667,8.0,0.8646816701021308,False,-2.0,True,reset,0,104
11,6.0,0.28916937338443605,0.3021923961411561,0.04098360655737705,8.0,0.8646816701021308,False,4.0,True,reset,0,104
12,6.0,0.36981453467475867,0.3070225488935563,0.040322580645161296,8.0,0.8646816701021308,False,4.0,True,reset,0,104
13,6.0,0.449179614039838,0.31649968656997507,0.03968253968253969,8.0,0.8646816701021308,False,4.0,True,reset,0,104
14,6.0,0.5273046140398381,0.32967499453684146,0.0390625,8.0,0.8646816701021308,False,4.0,True,reset,0,104
15,6.0,0.604227690962915,0.3458251531501399,0.038461538461538464,8.0,0.8646816701021308,False,4.0,True,reset,0,104
16,12.0,0.45271253944776346,0.3517633412777857,0.03787878787878788,8.0,0.8646816701021308,False,-2.0,True,reset,0,104
17,14.0,0.2288319424328381,0.3452932676543674,0.03731343283582089,8.0,0.8646816701021308,False,-4.0,True,reset,0,104
18,8.0,0.2288319424328381,0.3394702013932909,0.03676470588235295,8.0,0.8646816701021308,False,2.0,True,reset,0,104
19,4.0,0.3737594786647222,0.3411030241205019,0.03623188405797102,8.0,0.8646816701021308,False,6.0,True,reset,0,104
20,6.0,0.44518805009329365,0.34583416166471975,0.03571428571428572,8.0,0.8646816701021308,False,4.0,True,reset,0,104
21,6.0,0.5156105853045613,0.35321574530123456,0.035211267605633804,8.0,0.8646816701021308,False,4.0,True,reset,0,104
22,12.0,0.3767216964156724,0.35419515993100276,0.034722222222222224,8.0,0.8646816701021308,False,-2.0,True,reset,0,104
23,8.0,0.3767216964156724,0.35509622139038954,0.03424657534246576,8.0,0.8646816701021308,False,2.0,True,reset,0,104
24,18.0,0.03888385857783455,0.3429342074360605,0.033783783783783786,8.0,0.8646816701021308,False,-8.0,True,reset,0,104
25,4.0,0.17221719191116788,0.33661135500921263,0.03333333333333333,8.0,0.8646816701021308,False,6.0,True,reset,0,104
26,8.0,0.17221719191116788,0.3307401348985682,0.03289473684210526,8.0,0.8646816701021308,False,2.0,True,reset,0,104
27,4.0,0.30208732178129777,0.3297521068600416,0.03246753246753247,8.0,0.8646816701021308,False,6.0,True,reset,0,104
28,8.0,0.30208732178129777,0.3288299473574167,0.032051282051282055,8.0,0.8646816701021308,False,2.0,True,reset,0,104
29,16.0,0.048922764819272435,0.31980068340457335,0.03164556962025317,8.0,0.8646816701021308,False,-6.0,True,reset,0,104
30,10.0,0.0,0.30980691204818045,0.03125,8.0,0.8646816701021308,False,0.0,True,reset,0,104
31,6.0,0.06172839506172839,0.30228938123040916,0.030864197530864196,8.0,0.8646816701021308,False,4.0,True,reset,0,104
32,6.0,0.12270400481782595,0.29700745839474496,0.03048780487804878,8.0,0.8646816701021308,False,4.0,True,reset,0,104
33,6.0,0.18294496867324764,0.29374853011698787,0.030120481927710843,8.0,0.8646816701021308,False,4.0,True,reset,0,104
34,4.0,0.3019925877208667,0.2939775317170956,0.02976190476190476,8.0,0.8646816701021308,False,6.0,True,reset,0,104
35,6.0,0.3608161171326314,0.2957839799715695,0.029411764705882353,8.0,0.8646816701021308,False,4.0,True,reset,0,104
36,12.0,0.24453704736518952,0.29443537648192797,0.029069767441860468,8.0,0.8646816701021308,False,-2.0,True,reset,0,104
37,6.0,0.30200831173300563,0.2946295543088787,0.02873563218390805,8.0,0.8646816701021308,False,4.0,True,reset,0,104
38,6.0,0.35882649355118745,0.29623447778993645,0.02840909090909091,8.0,0.8646816701021308,False,4.0,True,reset,0,104
39,8.0,0.35882649355118745,0.2977611123206987,0.02808988764044944,8.0,0.8646816701021308,False,2.0,True,reset,0,104
40,14.0,0.19215982688452077,0.2952467960007897,0.02777777777777778,8.0,0.8646816701021308,False,-4.0,True,reset,0,104
41,4.0,0.30204993677463066,0.29540500857692553,0.027472527472527472,8.0,0.8646816701021308,False,6.0,True,reset,0,104
42,12.0,0.1933542846007176,0.2930856739411026,0.027173913043478264,8.0,0.8646816701021308,False,-2.0,True,reset,0,104
43,4.0,0.3008811663211477,0.2932589071051036,0.02688172043010753,8.0,0.8646816701021308,False,6.0,True,reset,0,104
44,10.0,0.24768967695944555,0.2922682716671545,0.026595744680851068,8.0,0.8646816701021308,False,0.0,True,reset,0,104
45,6.0,0.30032125590681397,0.29243961175736005,0.026315789473684213,8.0,0.8646816701021308,False,4.0,True,reset,0,104
46,20.0,0.0,0.2863471198457484,0.026041666666666668,8.0,0.8646816701021308,False,-10.0,True,reset,0,104
47,8.0,0.0,0.28050330107338617,0.025773195876288662,8.0,0.8646816701021308,False,2.0,True,reset,0,104
48,4.0,0.10204081632653061,0.27693405137844906,0.025510204081632654,8.0,0.8646816701021308,False,6.0,True,reset,0,104
49,10.0,0.0515357658214801,0.27251447715184185,0.025252525252525256,8.0,0.8646816701021308,False,0.0,True,reset,0,104
50,8.0,0.0515357658214801,0.2682648865493349,0.025,8.0,0.8646816701021308,False,2.0,True,reset,0,104
51,4.0,0.1505456668115791,0.2660437691957923,0.024752475247524754,8.0,0.8646816701021308,False,6.0,True,reset,0,104
52,4.0,0.2485848824978536,0.2657204564791638,0.024509803921568627,8.0,0.8646816701021308,False,6.0,True,reset,0,104
53,4.0,0.3456722611386303,0.2671741256547905,0.024271844660194174,8.0,0.8646816701021308,False,6.0,True,reset,0,104
54,12.0,0.24951841498478416,0.26685884510711183,0.02403846153846154,8.0,0.8646816701021308,False,-2.0,True,reset,0,104
55,8.0,0.24951841498478416,0.26655462703479027,0.023809523809523808,8.0,0.8646816701021308,False,2.0,True,reset,0,104
56,8.0,0.24951841498478416,0.2662608992408247,0.02358490566037736,8.0,0.8646816701021308,False,-58.0,False,reset,0,104
57,6.0,0.296247386947401,0.26676914479517344,0.02336448598130841,8.0,0.8646816701021308,False,-56.0,False,reset,0,104
58,8.0,0.296247386947401,0.2672604488310439,0.023148148148148147,8.0,0.8646816701021308,False,2.0,True,reset,0,104
59,12.0,0.20450426768134594,0.2662316589761308,0.022935779816513766,8.0,0.8646816701021308,False,-2.0,True,reset,0,104
60,4.0,0.2954133585904368,0.2667023315505551,0.022727272727272728,8.0,0.8646816701021308,False,6.0,True,reset,0,104
61,6.0,0.34045840363548185,0.26787306285349044,0.022522522522522525,8.0,0.8646816701021308,False,4.0,True,reset,0,104
62,6.0,0.385101260778339,0.2697047534460662,0.022321428571428572,8.0,0.8646816701021308,False,4.0,True,reset,0,104
63,6.0,0.4293490483889585,0.2721608195221107,0.022123893805309738,8.0,0.8646816701021308,False,4.0,True,reset,0,104
64,18.0,0.2100508027749234,0.2712197586623048,0.021929824561403508,8.0,0.8646816701021308,False,-8.0,True,reset,0,104
65,10.0,0.1665725419053582,0.2696578599047384,0.02173913043478261,8.0,0.8646816701021308,False,0.0,True,reset,0,104
66,4.0,0.25277943845708234,0.26940964782462584,0.021551724137931032,8.0,0.8646816701021308,False,6.0,True,reset,0,104
67,6.0,0.2955144811921251,0.26978797874299537,0.02136752136752137,8.0,0.8646816701021308,False,4.0,True,reset,0,104
68,16.0,0.12602295576839628,0.2677341927005011,0.0211864406779661,8.0,0.8646816701021308,False,-6.0,True,reset,0,104
69,8.0,0.12602295576839628,0.2657382597859644,0.02100840336134454,8.0,0.8646816701021308,False,2.0,True,reset,0,104
70,6.0,0.16768962243506294,0.26437647315609075,0.020833333333333332,8.0,0.8646816701021308,False,4.0,True,reset,0,104
71,14.0,0.043722680286302607,0.2613538184592443,0.02066115702479339,8.0,0.8646816701021308,False,-4.0,True,reset,0,104
72,10.0,0.0027390737289255535,0.2578590246115373,0.020491803278688527,8.0,0.8646816701021308,False,0.0,True,reset,0,104
73,4.0,0.08403988673705565,0.25554143610654423,0.020325203252032523,8.0,0.8646816701021308,False,6.0,True,reset,0,104
74,4.0,0.16468504802737824,0.2543459573160289,0.020161290322580648,8.0,0.8646816701021308,False,-54.0,False,reset,0,104
75,6.0,0.20468504802737825,0.2537010104421503,0.02,8.0,0.8646816701021308,False,-56.0,False,reset,0,104
76,6.0,0.24436758770991793,0.25358135117635244,0.019841269841269844,8.0,0.8646816701021308,False,4.0,True,reset,0,104
77,4.0,0.3231077451902329,0.254461432113237,0.01968503937007874,8.0,0.8646816701021308,False,6.0,True,reset,0,104
78,8.0,0.3231077451902329,0.2553195110266994,0.01953125,8.0,0.8646816701021308,False,2.0,True,reset,0,104
79,18.0,0.12930929557782977,0.25376382935449115,0.01937984496124031,8.0,0.8646816701021308,False,-8.0,True,reset,0,104
80,4.0,0.2062323725009067,0.25318417744164257,0.019230769230769232,8.0,0.8646816701021308,False,-54.0,False,reset,0,104
81,4.0,0.28256825036350214,0.25353820241660474,0.019083969465648856,8.0,0.8646816701021308,False,6.0,True,reset,0,104
82,8.0,0.28256825036350214,0.2538837982254964,0.01893939393939394,8.0,0.8646816701021308,False,2.0,True,reset,0,104
83,6.0,0.32016223532590815,0.25466354454432477,0.018796992481203006,8.0,0.8646816701021308,False,4.0,True,reset,0,104
84,8.0,0.32016223532590815,0.2554251572278316,0.01865671641791045,8.0,0.8646816701021308,False,2.0,True,reset,0,104
85,12.0,0.24608816125183408,0.255317835435004,0.018518518518518517,8.0,0.8646816701021308,False,-2.0,True,reset,0,104
86,4.0,0.31961757301654,0.2560485142711579,0.018382352941176475,8.0,0.8646816701021308,False,6.0,True,reset,0,104
87,10.0,0.28312122265157647,0.2563527020057693,0.01824817518248175,8.0,0.8646816701021308,False,0.0,True,reset,0,104
88,8.0,0.28312122265157647,0.25665013001294495,0.01811594202898551,8.0,0.8646816701021308,False,2.0,True,reset,0,104
89,6.0,0.3190924456731592,0.25733630930591433,0.017985611510791366,8.0,0.8646816701021308,False,4.0,True,reset,0,104
90,18.0,0.1405210171017306,0.25606657786891235,0.01785714285714286,8.0,0.8646816701021308,False,-8.0,True,reset,0,104
91,4.0,0.21144300291733342,0.2555867544823362,0.017730496453900707,8.0,0.8646816701021308,False,6.0,True,reset,0,104
92,4.0,0.28186553812860105,0.255866316010488,0.017605633802816902,8.0,0.8646816701021308,False,-54.0,False,reset,0,104
93,8.0,0.28186553812860105,0.25613999203278387,0.01748251748251748,8.0,0.8646816701021308,False,2.0,True,reset,0,104
94,12.0,0.2124210936841566,0.25568458684165235,0.017361111111111112,8.0,0.8646816701021308,False,-2.0,True,reset,0,104
95,8.0,0.2124210936841566,0.2552385714482761,0.017241379310344827,8.0,0.8646816701021308,False,2.0,True,reset,0,104
96,8.0,0.2124210936841566,0.2548016584098667,0.01712328767123288,8.0,0.8646816701021308,False,2.0,True,reset,0,104
97,8.0,0.2124210936841566,0.2543735718974858,0.017006802721088437,8.0,0.8646816701021308,False,2.0,True,reset,0,104
98,4.0,0.27998866125172417,0.2546297227910282,0.016891891891891893,8.0,0.8646816701021308,False,-54.0,False,reset,0,104
99,6.0,0.31354570823158995,0.2552130493795486,0.016778523489932886,8.0,0.8646816701021308,False,4.0,True,reset,0,104
100,12.0,0.2468790415649233,0.2551313434205817,0.016666666666666666,8.0,0.8646816701021308,False,-2.0,True,reset,0,104
101,4.0,0.3131042071278372,0.2556941867575453,0.016556291390728478,8.0,0.8646816701021308,False,6.0,True,reset,0,104
102,10.0,0.28020947028573195,0.25592991063762405,0.01644736842105263,8.0,0.8646816701021308,False,0.0,True,reset,0,104
103,8.0,0.28020947028573195,0.2561611445390346,0.016339869281045753,8.0,0.8646816701021308,False,2.0,True,reset,0,104
104,6.0,0.31267700275326443,0.25669431301275375,0.016233766233766236,8.0,0.8646816701021308,False,4.0,True,reset,0,104
105,8.0,0.31267700275326443,0.257217515720609,0.016129032258064516,8.0,0.8646816701021308,False,2.0,True,reset,0,104
106,8.0,0.31267700275326443,0.2577310294894299,0.016025641025641028,8.0,0.8646816701021308,False,2.0,True,reset,0,104
107,10.0,0.28082986899530266,0.25794294544819935,0.01592356687898089,8.0,0.8646816701021308,False,0.0,True,reset,0,104
108,12.0,0.21753872975479632,0.25757563439644116,0.015822784810126583,8.0,0.8646816701021308,False,-2.0,True,reset,0,104
109,4.0,0.2804318115158026,0.257781545902021,0.015723270440251572,8.0,0.8646816701021308,False,6.0,True,reset,0,104
110,12.0,0.2179318115158026,0.2574257447021441,0.015625,8.0,0.8646816701021308,False,-2.0,True,reset,0,104
111,4.0,0.28004361275803863,0.2576259028265325,0.015527950310559006,8.0,0.8646816701021308,False,6.0,True,reset,0,104
112,18.0,0.12572262510371765,0.2564688565307183,0.015432098765432098,8.0,0.8646816701021308,False,-8.0,True,reset,0,104
113,8.0,0.12572262510371765,0.2553319327791792,0.015337423312883436,8.0,0.8646816701021308,False,2.0,True,reset,0,104
114,6.0,0.15621042998176643,0.2544774370654084,0.01524390243902439,8.0,0.8646816701021308,False,4.0,True,reset,0,104
115,8.0,0.15621042998176643,0.25363754811597555,0.015151515151515152,8.0,0.8646816701021308,False,2.0,True,reset,0,104
116,4.0,0.21645139383718812,0.25332241121530785,0.015060240963855423,8.0,0.8646816701021308,False,6.0,True,reset,0,104
117,4.0,0.2763316333581462,0.2535157660232309,0.014970059880239523,8.0,0.8646816701021308,False,6.0,True,reset,0,104
118,10.0,0.24656972859624143,0.253457882378006,0.014880952380952382,8.0,0.8646816701021308,False,0.0,True,reset,0,104
119,8.0,0.24656972859624143,0.25340095548724756,0.014792899408284025,8.0,0.8646816701021308,False,2.0,True,reset,0,104
120,4.0,0.30539325800800615,0.25382712190135215,0.014705882352941178,8.0,0.8646816701021308,False,6.0,True,reset,0,104
121,6.0,0.3346330240898775,0.25448408045573045,0.014619883040935673,8.0,0.8646816701021308,False,4.0,True,reset,0,104
122,12.0,0.2764934892061566,0.2546615756875887,0.014534883720930234,8.0,0.8646816701021308,False,-2.0,True,reset,0,104
123,8.0,0.2764934892061566,0.25483623099573727,0.014450867052023123,8.0,0.8646816701021308,False,2.0,True,reset,0,104
124,10.0,0.24775785702224853,0.2547800534245191,0.014367816091954025,8.0,0.8646816701021308,False,0.0,True,reset,0,104
125,4.0,0.30490071416510567,0.25517470429649225,0.014285714285714287,8.0,0.8646816701021308,False,6.0,True,reset,0,104
126,6.0,0.3333098050741966,0.25578513477131803,0.014204545454545456,8.0,0.8646816701021308,False,4.0,True,reset,0,104
127,6.0,0.3615583926448181,0.2566050825067715,0.014124293785310734,8.0,0.8646816701021308,False,4.0,True,reset,0,104
128,14.0,0.27728872972346974,0.2567641874853615,0.01404494382022472,8.0,0.8646816701021308,False,-4.0,True,reset,0,104
129,12.0,0.22142280793576025,0.2564944059620821,0.013966480446927375,8.0,0.8646816701021308,False,-2.0,True,reset,0,104
130,10.0,0.19364503015798246,0.2560182743272026,0.01388888888888889,8.0,0.8646816701021308,False,0.0,True,reset,0,104
131,4.0,0.24889364894251284,0.2559647057152876,0.013812154696132598,8.0,0.8646816701021308,False,6.0,True,reset,0,104
132,4.0,0.3038387038875678,0.25632197435836435,0.013736263736263736,8.0,0.8646816701021308,False,6.0,True,reset,0,104
133,6.0,0.33116110825915246,0.256876338313185,0.01366120218579235,8.0,0.8646816701021308,False,4.0,True,reset,0,104
134,14.0,0.24963936912871768,0.25682312530447565,0.01358695652173913,8.0,0.8646816701021308,False,-4.0,True,reset,0,104
135,4.0,0.3036934231827717,0.257165244267091,0.013513513513513514,8.0,0.8646816701021308,False,6.0,True,reset,0,104
136,6.0,0.3305751436128792,0.25769720005945174,0.013440860215053764,8.0,0.8646816701021308,False,4.0,True,reset,0,104
137,8.0,0.3305751436128792,0.2582215018116346,0.013368983957219251,8.0,0.8646816701021308,False,2.0,True,reset,0,104
138,8.0,0.3305751436128792,0.25873831353878635,0.013297872340425532,8.0,0.8646816701021308,False,2.0,True,reset,0,104
139,10.0,0.30412011715785275,0.25906017030204215,0.013227513227513227,8.0,0.8646816701021308,False,0.0,True,reset,0,104
140,12.0,0.25148853821048434,0.2590068489492847,0.013157894736842105,8.0,0.8646816701021308,False,-2.0,True,reset,0,104
141,10.0,0.22531052773928015,0.2587712103394246,0.013089005235602096,8.0,0.8646816701021308,False,0.0,True,reset,0,104
142,10.0,0.1992688610726135,0.2583579995806272,0.013020833333333334,8.0,0.8646816701021308,False,0.0,True,reset,0,104
143,6.0,0.22517559682390884,0.25812915542368436,0.01295336787564767,8.0,0.8646816701021308,False,-56.0,False,reset,0,104
144,8.0,0.22517559682390884,0.2579034461182064,0.012886597938144331,8.0,0.8646816701021308,False,2.0,True,reset,0,104
145,10.0,0.1995345711828832,0.25750637894177564,0.012820512820512822,8.0,0.8646816701021308,False,0.0,True,reset,0,104
146,4.0,0.2505549793461485,0.257459410025589,0.012755102040816327,8.0,0.8646816701021308,False,-54.0,False,reset,0,104
147,6.0,0.275935690006047,0.25758341190465245,0.01269035532994924,8.0,0.8646816701021308,False,4.0,True,reset,0,104
148,6.0,0.30118821525857226,0.25787411059367854,0.012626262626262628,8.0,0.8646816701021308,False,4.0,True,reset,0,104
149,6.0,0.32631384339927577,0.2583273538572918,0.01256281407035176,8.0,0.8646816701021308,False,4.0,True,reset,0,104
150,6.0,0.3513138433992758,0.25893910707796275,0.0125,8.0,0.8646816701021308,False,4.0,True,reset,0,104
151,8.0,0.3513138433992758,0.25954286352450723,0.012437810945273634,8.0,0.8646816701021308,False,2.0,True,reset,0,104
152,6.0,0.37606631864680057,0.26029950933698964,0.012376237623762377,8.0,0.8646816701021308,False,4.0,True,reset,0,104
153,6.0,0.4006968605187218,0.26120529869945247,0.01231527093596059,8.0,0.8646816701021308,False,4.0,True,reset,0,104
154,6.0,0.4252066644402904,0.2622565895054835,0.012254901960784314,8.0,0.8646816701021308,False,4.0,True,reset,0,104
155,10.0,0.4008164205378514,0.2631391361999571,0.012195121951219514,8.0,0.8646816701021308,False,0.0,True,reset,0,104
156,14.0,0.3280008865572689,0.2635496536072819,0.012135922330097087,8.0,0.8646816701021308,False,-4.0,True,reset,0,104
157,8.0,0.3280008865572689,0.263955007273634,0.012077294685990338,8.0,0.8646816701021308,False,2.0,True,reset,0,104
158,12.0,0.2799239634803458,0.26405481324992597,0.01201923076923077,8.0,0.8646816701021308,False,-2.0,True,reset,0,104
159,6.0,0.3038474084564224,0.2643019722263638,0.01196172248803828,8.0,0.8646816701021308,False,4.0,True,reset,0,104
160,6.0,0.32765693226594617,0.2646930522266081,0.011904761904761904,8.0,0.8646816701021308,False,4.0,True,reset,0,104
161,14.0,0.2565668848725812,0.2646431984391601,0.011848341232227487,8.0,0.8646816701021308,False,-4.0,True,reset,0,104
162,8.0,0.2565668848725812,0.2645939526247298,0.01179245283018868,8.0,0.8646816701021308,False,2.0,True,reset,0,104
163,6.0,0.2800410632763371,0.26468757147716376,0.011737089201877935,8.0,0.8646816701021308,False,4.0,True,reset,0,104
164,10.0,0.2566765772950287,0.2646393124760666,0.011682242990654205,8.0,0.8646816701021308,False,0.0,True,reset,0,104
165,6.0,0.27993239124851704,0.2647308877980573,0.011627906976744184,8.0,0.8646816701021308,False,4.0,True,reset,0,104
166,6.0,0.3030805393966652,0.2649591595337633,0.011574074074074073,8.0,0.8646816701021308,False,4.0,True,reset,0,104
167,12.0,0.2569975900879094,0.2649120496553855,0.01152073732718894,8.0,0.8646816701021308,False,-2.0,True,reset,0,104
168,6.0,0.2799333699044232,0.26500041036273275,0.011467889908256883,8.0,0.8646816701021308,False,4.0,True,reset,0,104
169,6.0,0.3027644201327337,0.2652212525251304,0.011415525114155252,8.0,0.8646816701021308,False,4.0,True,reset,0,104
170,14.0,0.23458260195091551,0.26504312083574544,0.011363636363636364,8.0,0.8646816701021308,False,-64.0,False,reset,0,104
171,6.0,0.2572070363400558,0.2649978255496432,0.011312217194570137,8.0,0.8646816701021308,False,4.0,True,reset,0,104
172,4.0,0.30225208138510085,0.26521193046823777,0.011261261261261262,8.0,0.8646816701021308,False,6.0,True,reset,0,104
173,8.0,0.30225208138510085,0.26542358847347697,0.011210762331838566,8.0,0.8646816701021308,False,2.0,True,reset,0,104
174,20.0,0.16832350995652942,0.26487188348190344,0.011160714285714286,8.0,0.8646816701021308,False,-10.0,True,reset,0,104
175,4.0,0.21276795440097387,0.2645775110012202,0.011111111111111112,8.0,0.8646816701021308,False,6.0,True,reset,0,104
176,4.0,0.25701574201159333,0.2645350291529639,0.011061946902654869,8.0,0.8646816701021308,False,6.0,True,reset,0,104
177,4.0,0.3010686054477167,0.2647391273445547,0.011013215859030838,8.0,0.8646816701021308,False,6.0,True,reset,0,104
178,8.0,0.3010686054477167,0.26494095777846116,0.010964912280701754,8.0,0.8646816701021308,False,2.0,True,reset,0,104
179,6.0,0.32290266658308786,0.2652611882138458,0.01091703056768559,8.0,0.8646816701021308,False,4.0,True,reset,0,104
180,16.0,0.23594614484395743,0.2651001165469783,0.010869565217391306,8.0,0.8646816701021308,False,-6.0,True,reset,0,104
181,10.0,0.2143011231989358,0.2648225264193934,0.010822510822510822,8.0,0.8646816701021308,False,0.0,True,reset,0,104
182,4.0,0.25740457147479784,0.2647822114468684,0.010775862068965516,8.0,0.8646816701021308,False,6.0,True,reset,0,104
183,10.0,0.2359453440069867,0.2646263364877339,0.01072961373390558,8.0,0.8646816701021308,False,0.0,True,reset,0,104
184,4.0,0.27868038674202944,0.26470189589770327,0.010683760683760686,8.0,0.8646816701021308,False,6.0,True,reset,0,104
185,12.0,0.23612719525266773,0.26454909001190097,0.010638297872340425,8.0,0.8646816701021308,False,-2.0,True,reset,0,104
186,6.0,0.25731363593063383,0.2645106035540219,0.01059322033898305,8.0,0.8646816701021308,False,4.0,True,reset,0,104
187,8.0,0.25731363593063383,0.2644725243602474,0.010548523206751054,8.0,0.8646816701021308,False,2.0,True,reset,0,104
188,4.0,0.2993304426533229,0.2646559870881056,0.01050420168067227,8.0,0.8646816701021308,False,6.0,True,reset,0,104
189,6.0,0.32025094474537313,0.26494706016484526,0.010460251046025104,8.0,0.8646816701021308,False,4.0,True,reset,0,104
190,12.0,0.27858427807870645,0.26501808734147997,0.010416666666666666,8.0,0.8646816701021308,False,-62.0,False,reset,0,104
191,12.0,0.2370905021450965,0.26487338482750905,0.01037344398340249,8.0,0.8646816701021308,False,-2.0,True,reset,0,104
192,4.0,0.2784128161946833,0.26494317571084497,0.010330578512396695,8.0,0.8646816701021308,False,6.0,True,reset,0,104
193,8.0,0.2784128161946833,0.26501225079024926,0.010288065843621401,8.0,0.8646816701021308,False,2.0,True,reset,0,104
194,16.0,0.19644560307992917,0.26466242095499254,0.010245901639344263,8.0,0.8646816701021308,False,-6.0,True,reset,0,104
195,8.0,0.19644560307992917,0.26431614269166737,0.01020408163265306,8.0,0.8646816701021308,False,2.0,True,reset,0,104
196,10.0,0.17612039982789665,0.2638707096469008,0.010162601626016262,8.0,0.8646816701021308,False,0.0,True,reset,0,104
197,4.0,0.21660622978741084,0.26363319969785814,0.010121457489878544,8.0,0.8646816701021308,False,6.0,True,reset,0,104
198,4.0,0.25692881043257215,0.2635996777515317,0.010080645161290324,8.0,0.8646816701021308,False,6.0,True,reset,0,104
199,4.0,0.2970894530028533,0.26376629354880193,0.010040160642570281,8.0,0.8646816701021308,False,6.0,True,reset,0,104
200,6.0,0.3170894530028533,0.2640302695857032,0.01,8.0,0.8646816701021308,True,-560.0,False,reset,0,104
201,6.0,0.3370097717279529,0.2643897745223645,0.0099601593625498,8.0,0.8646816701021308,True,40.0,True,reset,0,104
202,4.0,0.3766923114104926,0.26494027715416907,0.009920634920634922,8.0,0.8646816701021308,True,60.0,True,reset,0,104
203,4.0,0.4162180031100973,0.2656782172807834,0.009881422924901186,8.0,0.8646816701021308,True,60.0,True,reset,0,104
204,4.0,0.4555880818502548,0.2666001098272371,0.00984251968503937,8.0,0.8646816701021308,True,60.0,True,reset,0,104
205,4.0,0.4948037681247646,0.26770254295910917,0.009803921568627453,8.0,0.8646816701021308,True,60.0,True,reset,0,104
206,4.0,0.5338662681247646,0.26898217625317483,0.009765625,8.0,0.8646816701021308,True,60.0,True,reset,0,104
207,6.0,0.5533215210430525,0.2703426515870977,0.00972762645914397,8.0,0.8646816701021308,True,40.0,True,reset,0,104
208,4.0,0.5920812109655331,0.2718747399650902,0.009689922480620155,8.0,0.8646816701021308,True,60.0,True,reset,0,104
209,4.0,0.6306912495755718,0.2735752921433389,0.009652509652509654,8.0,0.8646816701021308,True,-540.0,False,reset,0,104
210,6.0,0.649922018806341,0.2753505125521267,0.009615384615384616,8.0,0.8646816701021308,True,40.0,True,reset,0,104
211,6.0,0.749922018806341,0.2775785477927568,0.05,8.0,0.8646816701021308,True,40.0,True,reset,1,104
212,4.0,0.94600045017889,0.28070201462633687,0.049019607843137254,8.0,0.8646816701021308,True,60.0,True,reset,1,104
213,6.0,1.0421542963327362,0.28424365314590155,0.04807692307692308,8.0,0.8646816701021308,True,40.0,True,reset,1,104
214,6.0,1.1364939189742456,0.28818925622844016,0.04716981132075472,8.0,0.8646816701021308,True,40.0,True,reset,1,104
215,4.0,1.3216791041594307,0.2929518822557719,0.046296296296296294,8.0,0.8646816701021308,True,-540.0,False,reset,1,104
216,6.0,1.4125881950685215,0.2980878286448212,0.045454545454545456,8.0,0.8646816701021308,True,40.0,True,reset,1,104
217,10.0,1.3233024807828073,0.3027691740883736,0.044642857142857144,8.0,0.8646816701021308,True,0.0,True,reset,1,104
218,4.0,1.4987410772740355,0.3082054100119448,0.043859649122807015,8.0,0.8646816701021308,True,60.0,True,reset,1,104
219,4.0,1.671154870377484,0.3143726021402956,0.04310344827586207,8.0,0.8646816701021308,True,60.0,True,reset,1,104
220,4.0,1.8406463958012127,0.3212477093189484,0.04237288135593221,8.0,0.8646816701021308,True,60.0,True,reset,1,104
221,6.0,1.923979729134546,0.32843484842126053,0.04166666666666667,8.0,0.8646816701021308,True,40.0,True,reset,1,104
222,6.0,2.0059469422493,0.3359237416972785,0.04098360655737705,8.0,0.8646816701021308,True,40.0,True,reset,1,104
223,4.0,2.167237264829945,0.3440629129112015,0.040322580645161296,8.0,0.8646816701021308,True,60.0,True,reset,1,104
224,4.0,2.3259674235601038,0.3528324018963736,0.03968253968253969,8.0,0.8646816701021308,True,60.0,True,reset,1,104
225,4.0,2.4822174235601038,0.3622129526526015,0.0390625,8.0,0.8646816701021308,True,60.0,True,reset,1,104
226,6.0,2.559140500483181,0.3718485997922093,0.038461538461538464,8.0,0.8646816701021308,True,40.0,True,reset,1,104
227,10.0,2.483382924725605,0.38106927370021537,0.03787878787878788,8.0,0.8646816701021308,True,0.0,True,reset,1,104
228,4.0,2.6326366560688887,0.3908586971018183,0.03731343283582089,8.0,0.8646816701021308,True,60.0,True,reset,1,104
229,10.0,2.5591072443041827,0.4002450544490147,0.03676470588235295,8.0,0.8646816701021308,True,0.0,True,reset,1,104
230,8.0,2.5591072443041827,0.4095504949225284,0.03623188405797102,8.0,0.8646816701021308,True,20.0,True,reset,1,104
231,6.0,2.6305358157327543,0.41908262076291564,0.03571428571428572,8.0,0.8646816701021308,True,-560.0,False,reset,1,104
232,4.0,2.7713808861552893,0.4291351774526266,0.035211267605633804,8.0,0.8646816701021308,True,60.0,True,reset,1,104
233,8.0,2.7713808861552893,0.43910218046838256,0.034722222222222224,8.0,0.8646816701021308,True,20.0,True,reset,1,104
234,8.0,2.7713808861552893,0.4489847173568864,0.03424657534246576,8.0,0.8646816701021308,True,20.0,True,reset,1,104
235,12.0,2.6362457510201542,0.4582136668660141,0.033783783783783786,8.0,0.8646816701021308,True,-20.0,True,reset,1,104
236,4.0,2.7695790843534875,0.46792528626722196,0.03333333333333333,8.0,0.8646816701021308,True,60.0,True,reset,1,104
237,8.0,2.7695790843534875,0.4775556368868297,0.03289473684210526,8.0,0.8646816701021308,True,20.0,True,reset,1,104
238,16.0,2.5098388246132277,0.4860234835023564,0.03246753246753247,8.0,0.8646816701021308,True,-60.0,True,reset,1,104
239,4.0,2.638043952818356,0.4949530290181904,0.032051282051282055,8.0,0.8646816701021308,True,60.0,True,reset,1,104
240,6.0,2.701335092058862,0.5040703102704246,0.03164556962025317,8.0,0.8646816701021308,True,40.0,True,reset,1,104
241,12.0,2.576335092058862,0.5125981488786074,0.03125,8.0,0.8646816701021308,True,-20.0,True,reset,1,104
242,10.0,2.514606696997134,0.520803101944667,0.030864197530864196,8.0,0.8646816701021308,True,0.0,True,reset,1,104
243,4.0,2.636557916509329,0.5294388358816655,0.03048780487804878,8.0,0.8646816701021308,True,60.0,True,reset,1,104
244,4.0,2.7570398442201727,0.5384941245334481,0.030120481927710843,8.0,0.8646816701021308,True,60.0,True,reset,1,104
245,10.0,2.6975160346963634,0.5472351039268203,0.02976190476190476,8.0,0.8646816701021308,True,0.0,True,reset,1,104
246,6.0,2.756339564108128,0.5561427832017449,0.029411764705882353,8.0,0.8646816701021308,True,40.0,True,reset,1,104
247,16.0,2.523781424573244,0.5640449464201044,0.029069767441860468,8.0,0.8646816701021308,True,-60.0,True,reset,1,104
248,6.0,2.5812526889410603,0.5721137773901881,0.02873563218390805,8.0,0.8646816701021308,True,40.0,True,reset,1,104
249,8.0,2.5812526889410603,0.5801183148864067,0.02840909090909091,8.0,0.8646816701021308,True,20.0,True,reset,1,104
250,4.0,2.693612239502858,0.5885051955396466,0.02808988764044944,8.0,0.8646816701021308,True,60.0,True,reset,1,104
251,4.0,2.804723350613969,0.5972649510933001,0.02777777777777778,8.0,0.8646816701021308,True,60.0,True,reset,1,104
252,6.0,2.859668405559024,0.6061720513077322,0.027472527472527472,8.0,0.8646816701021308,True,-560.0,False,reset,1,104
253,16.0,2.6422771012111976,0.6141567769936281,0.027173913043478264,8.0,0.8646816701021308,True,-60.0,True,reset,1,104
254,8.0,2.6422771012111976,0.622079122010103,0.02688172043010753,8.0,0.8646816701021308,True,20.0,True,reset,1,104
255,4.0,2.7486600799346017,0.6303537560876302,0.026595744680851068,8.0,0.8646816701021308,True,60.0,True,reset,1,104
256,18.0,2.4855021851977597,0.6375442538748788,0.026315789473684213,8.0,0.8646816701021308,True,-80.0,True,reset,1,104
257,6.0,2.537585518531093,0.6448803205337831,0.026041666666666668,8.0,0.8646816701021308,True,40.0,True,reset,1,104
258,10.0,2.486039126778516,0.6519617005578013,0.025773195876288662,8.0,0.8646816701021308,True,0.0,True,reset,1,104
259,4.0,2.5880799431050465,0.6593797781154536,0.025510204081632654,8.0,0.8646816701021308,True,-540.0,False,reset,1,104
260,6.0,2.638584993610097,0.6669339964952041,0.025252525252525256,8.0,0.8646816701021308,True,40.0,True,reset,1,104
261,4.0,2.738584993610097,0.674810996484234,0.025,8.0,0.8646816701021308,True,60.0,True,reset,1,104
262,14.0,2.5900701421249486,0.6820657659752973,0.024752475247524754,8.0,0.8646816701021308,True,-40.0,True,reset,1,104
263,10.0,2.5410505342818115,0.6890808028368315,0.024509803921568627,8.0,0.8646816701021308,True,0.0,True,reset,1,104
264,4.0,2.638137912922588,0.6964080852055748,0.024271844660194174,8.0,0.8646816701021308,True,-540.0,False,reset,1,104
265,4.0,2.7342917590764344,0.7040406083286866,0.02403846153846154,8.0,0.8646816701021308,True,60.0,True,reset,1,104
266,10.0,2.686672711457387,0.7114384893105102,0.023809523809523808,8.0,0.8646816701021308,True,0.0,True,reset,1,104
267,4.0,2.7810123340988966,0.7191320723766381,0.02358490566037736,8.0,0.8646816701021308,True,-540.0,False,reset,1,104
268,8.0,2.7810123340988966,0.7267686659385724,0.02336448598130841,8.0,0.8646816701021308,True,20.0,True,reset,1,104
269,8.0,2.7810123340988966,0.7343489008764333,0.023148148148148147,8.0,0.8646816701021308,True,-580.0,False,reset,1,104
270,18.0,2.551654535933759,0.7410301715935559,0.022935779816513766,8.0,0.8646816701021308,True,-80.0,True,reset,1,104
271,6.0,2.597109081388304,0.7478289954389579,0.022727272727272728,8.0,0.8646816701021308,True,40.0,True,reset,1,104
272,4.0,2.6871991714783943,0.7549069887821676,0.022522522522522525,8.0,0.8646816701021308,True,60.0,True,reset,1,104
273,6.0,2.7318420286212515,0.7620958434724915,0.022321428571428572,8.0,0.8646816701021308,True,40.0,True,reset,1,104
274,12.0,2.6433464534000124,0.7689119688707796,0.022123893805309738,8.0,0.8646816701021308,True,-20.0,True,reset,1,104
275,4.0,2.7310657516456263,0.7759955565342267,0.021929824561403508,8.0,0.8646816701021308,True,60.0,True,reset,1,104
276,12.0,2.644109229906496,0.7827153898916809,0.02173913043478261,8.0,0.8646816701021308,True,-20.0,True,reset,1,104
277,8.0,2.644109229906496,0.7893870524006945,0.021551724137931032,8.0,0.8646816701021308,True,20.0,True,reset,1,104
278,4.0,2.7295793153765815,0.7963163104827512,0.02136752136752137,8.0,0.8646816701021308,True,-540.0,False,reset,1,104
279,8.0,2.7295793153765815,0.8031962500019464,0.0211864406779661,8.0,0.8646816701021308,True,20.0,True,reset,1,104
280,14.0,2.6035288952085143,0.8095804083182817,0.02100840336134454,8.0,0.8646816701021308,True,-40.0,True,reset,1,104
281,6.0,2.645195561875181,0.8160666809456912,0.020833333333333332,8.0,0.8646816701021308,True,40.0,True,reset,1,104
282,4.0,2.7278401899743545,0.8227982778084681,0.02066115702479339,8.0,0.8646816701021308,True,60.0,True,reset,1,104
283,6.0,2.7688237965317315,0.8296264375232867,0.020491803278688527,8.0,0.8646816701021308,True,40.0,True,reset,1,104
284,8.0,2.7688237965317315,0.8364068478694701,0.020325203252032523,8.0,0.8646816701021308,True,20.0,True,reset,1,104
285,12.0,2.688178635241409,0.8428590143759924,0.020161290322580648,8.0,0.8646816701021308,True,-20.0,True,reset,1,104
286,6.0,2.728178635241409,0.849405263059553,0.02,8.0,0.8646816701021308,True,40.0,True,reset,1,104
287,8.0,2.728178635241409,0.8559062089840577,0.019841269841269844,8.0,0.8646816701021308,True,20.0,True,reset,1,104
288,8.0,2.728178635241409,0.8623623207987383,0.01968503937007874,8.0,0.8646816701021308,True,20.0,True,reset,1,104
289,14.0,2.610991135241409,0.8683713545253454,0.01953125,8.0,0.8646816701021308,True,-40.0,True,reset,1,104
290,6.0,2.6497508251638897,0.8744719691508199,0.01937984496124031,8.0,0.8646816701021308,True,40.0,True,reset,1,104
291,4.0,2.726673902086967,0.8807934774543562,0.019230769230769232,8.0,0.8646816701021308,True,60.0,True,reset,1,104
292,12.0,2.6503380242243715,0.8868123364569753,0.019083969465648856,8.0,0.8646816701021308,True,-20.0,True,reset,1,104
293,8.0,2.6503380242243715,0.8927903896358478,0.01893939393939394,8.0,0.8646816701021308,True,20.0,True,reset,1,104
294,8.0,2.6503380242243715,0.8987280505635117,0.018796992481203006,8.0,0.8646816701021308,True,20.0,True,reset,1,104
295,4.0,2.7249648898960133,0.9048769961504898,0.01865671641791045,8.0,0.8646816701021308,True,60.0,True,reset,1,104
296,10.0,2.687927852858976,0.9108603882870955,0.018518518518518517,8.0,0.8646816701021308,True,0.0,True,reset,1,104
297,4.0,2.761457264623682,0.9170496754989236,0.018382352941176475,8.0,0.8646816701021308,True,60.0,True,reset,1,104
298,6.0,2.7979536149886455,0.9233193552972228,0.01824817518248175,8.0,0.8646816701021308,True,40.0,True,reset,1,104
299,6.0,2.8341854990466167,0.9296677478013735,0.01811594202898551,8.0,0.8646816701021308,True,40.0,True,reset,1,104
300,20.0,2.6183581609171203,0.9352594379110283,0.017985611510791366,8.0,0.8646816701021308,True,-100.0,True,reset,1,104
301,4.0,2.689786732345692,0.9410499570345751,0.01785714285714286,8.0,0.8646816701021308,True,60.0,True,reset,1,104
302,4.0,2.7607087181612946,0.9470356766435446,0.017730496453900707,8.0,0.8646816701021308,True,60.0,True,reset,1,104
303,10.0,2.7254974505556606,0.9528666988530925,0.017605633802816902,8.0,0.8646816701021308,True,0.0,True,reset,1,104
304,8.0,2.7254974505556606,0.958659609806369,0.01748251748251748,8.0,0.8646816701021308,True,20.0,True,reset,1,104
305,12.0,2.656053006111216,0.9641885785239743,0.017361111111111112,8.0,0.8646816701021308,True,-20.0,True,reset,1,104
306,6.0,2.6905357647319055,0.9697936018558183,0.017241379310344827,8.0,0.8646816701021308,True,40.0,True,reset,1,104
307,6.0,2.724782340074371,0.9754731770604093,0.01712328767123288,8.0,0.8646816701021308,True,40.0,True,reset,1,104
308,10.0,2.6907687346321945,0.9810063885364472,0.017006802721088437,8.0,0.8646816701021308,True,0.0,True,reset,1,104
309,6.0,2.7245525184159782,0.9866126461887929,0.016891891891891893,8.0,0.8646816701021308,True,40.0,True,reset,1,104
310,10.0,2.6909954714361124,0.9920754116543292,0.016778523489932886,8.0,0.8646816701021308,True,-600.0,False,reset,1,104
311,6.0,2.7243288047694456,0.997609767542876,0.016666666666666666,8.0,0.8646816701021308,True,40.0,True,reset,1,104
312,10.0,2.6912162219879887,1.003003418671682,0.016556291390728478,8.0,0.8646816701021308,True,0.0,True,reset,1,104
313,4.0,2.7570056956721993,1.0085716798685092,0.01644736842105263,8.0,0.8646816701021308,True,60.0,True,reset,1,104
314,8.0,2.7570056956721993,1.0141046989058626,0.016339869281045753,8.0,0.8646816701021308,True,20.0,True,reset,1,104
315,12.0,2.6920706307371343,1.0193979668296205,0.016233766233766236,8.0,0.8646816701021308,True,-620.0,False,reset,1,104
316,8.0,2.6920706307371343,1.0246579437601473,0.016129032258064516,8.0,0.8646816701021308,True,20.0,True,reset,1,104
317,4.0,2.7561731948396986,1.0300858912556945,0.016025641025641028,8.0,0.8646816701021308,True,60.0,True,reset,1,104
318,10.0,2.7243260610817366,1.0353803917864008,0.01592356687898089,8.0,0.8646816701021308,True,0.0,True,reset,1,104
319,6.0,2.75597163070199,1.040740489103895,0.015822784810126583,8.0,0.8646816701021308,True,40.0,True,reset,1,104
320,20.0,2.567292385418971,1.045481333502389,0.015723270440251572,8.0,0.8646816701021308,True,-100.0,True,reset,1,104
321,4.0,2.629792385418971,1.0503863212792204,0.015625,8.0,0.8646816701021308,True,60.0,True,reset,1,104
322,4.0,2.691904186661207,1.0554527344439795,0.015527950310559006,8.0,0.8646816701021308,True,60.0,True,reset,1,104
323,4.0,2.7536325817229352,1.060677903204838,0.015432098765432098,8.0,0.8646816701021308,True,60.0,True,reset,1,104
324,12.0,2.6922828884714014,1.0656828264725267,0.015337423312883436,8.0,0.8646816701021308,True,-20.0,True,reset,1,104
325,6.0,2.72277069334945,1.0707503734660342,0.01524390243902439,8.0,0.8646816701021308,True,40.0,True,reset,1,104
326,6.0,2.7530737236524803,1.0758794080702612,0.015151515151515152,8.0,0.8646816701021308,True,40.0,True,reset,1,104
327,8.0,2.7530737236524803,1.0809772631328212,0.015060240963855423,8.0,0.8646816701021308,True,20.0,True,reset,1,104
328,8.0,2.7530737236524803,1.086044222104093,0.014970059880239523,8.0,0.8646816701021308,True,20.0,True,reset,1,104
329,8.0,2.7530737236524803,1.0910805650090731,0.014880952380952382,8.0,0.8646816701021308,True,20.0,True,reset,1,104
330,8.0,2.7530737236524803,1.096086568498963,0.014792899408284025,8.0,0.8646816701021308,True,20.0,True,reset,1,104
331,14.0,2.664838429534833,1.10079753504862,0.014705882352941178,8.0,0.8646816701021308,True,-40.0,True,reset,1,104
332,6.0,2.6940781956167044,1.1055678364275665,0.014619883040935673,8.0,0.8646816701021308,True,40.0,True,reset,1,104
333,8.0,2.6940781956167044,1.1103096583952954,0.014534883720930234,8.0,0.8646816701021308,True,20.0,True,reset,1,104
334,8.0,2.6940781956167044,1.1150232552322639,0.014450867052023123,8.0,0.8646816701021308,True,20.0,True,reset,1,104
335,4.0,2.7515494599845205,1.119879416077226,0.014367816091954025,8.0,0.8646816701021308,True,60.0,True,reset,1,104
336,10.0,2.722978031413092,1.1246223113888707,0.014285714285714287,8.0,0.8646816701021308,True,0.0,True,reset,1,104
337,6.0,2.751387122322183,1.1294210276453112,0.014204545454545456,8.0,0.8646816701021308,True,40.0,True,reset,1,104
338,34.0,2.3841554839041037,1.133111423104896,0.014124293785310734,8.0,0.8646816701021308,True,-240.0,True,reset,1,104
339,4.0,2.4403352591850025,1.136944924090468,0.01404494382022472,8.0,0.8646816701021308,True,60.0,True,reset,1,104
340,6.0,2.468268220078857,1.1408376822658728,0.013966480446927375,8.0,0.8646816701021308,True,40.0,True,reset,1,104
341,4.0,2.5238237756344124,1.1448697116926032,0.01388888888888889,8.0,0.8646816701021308,True,60.0,True,reset,1,104
342,6.0,2.5514480850266774,1.1489586023127603,0.013812154696132598,8.0,0.8646816701021308,True,40.0,True,reset,1,104
343,4.0,2.606393139971732,1.1531830502480036,0.013736263736263736,8.0,0.8646816701021308,True,60.0,True,reset,1,104
344,4.0,2.6610379487149016,1.1575410123823011,0.01366120218579235,8.0,0.8646816701021308,True,-540.0,False,reset,1,104
345,4.0,2.715385774801858,1.1620304785564208,0.01358695652173913,8.0,0.8646816701021308,True,-540.0,False,reset,1,104
346,6.0,2.7424128018288854,1.1665718070715716,0.013513513513513514,8.0,0.8646816701021308,True,40.0,True,reset,1,104
347,8.0,2.7424128018288854,1.171087110781478,0.013440860215053764,8.0,0.8646816701021308,True,20.0,True,reset,1,104
348,6.0,2.769150769743324,1.1756530069499405,0.013368983957219251,8.0,0.8646816701021308,True,40.0,True,reset,1,104
349,10.0,2.742555025062473,1.1801171152636514,0.013297872340425532,8.0,0.8646816701021308,True,0.0,True,reset,1,104
350,8.0,2.742555025062473,1.1845558593255798,0.013227513227513227,8.0,0.8646816701021308,True,20.0,True,reset,1,104
351,10.0,2.7162392355887888,1.1888949057172602,0.013157894736842105,8.0,0.8646816701021308,True,0.0,True,reset,1,104
352,8.0,2.7162392355887888,1.193209437722547,0.013089005235602096,8.0,0.8646816701021308,True,20.0,True,reset,1,104
353,6.0,2.7422809022554553,1.1975730193127805,0.013020833333333334,8.0,0.8646816701021308,True,40.0,True,reset,1,104
354,16.0,2.638653959250274,1.2016209994811444,0.01295336787564767,8.0,0.8646816701021308,True,-60.0,True,reset,1,104
355,6.0,2.6644271551265626,1.2057184957154454,0.012886597938144331,8.0,0.8646816701021308,True,40.0,True,reset,1,104
356,4.0,2.7157092064086137,1.209936346862633,0.012820512820512822,8.0,0.8646816701021308,True,60.0,True,reset,1,104
357,8.0,2.7157092064086137,1.214130700231842,0.012755102040816327,8.0,0.8646816701021308,True,20.0,True,reset,1,104
358,8.0,2.7157092064086137,1.2183017516378885,0.01269035532994924,8.0,0.8646816701021308,True,20.0,True,reset,1,104
359,16.0,2.6146991053985125,1.222169888351907,0.012626262626262628,8.0,0.8646816701021308,True,-60.0,True,reset,1,104
360,8.0,2.6146991053985125,1.2260166541448534,0.01256281407035176,8.0,0.8646816701021308,True,-580.0,False,reset,1,104
361,4.0,2.6646991053985123,1.2299799666827425,0.0125,8.0,0.8646816701021308,True,60.0,True,reset,1,104
362,8.0,2.6646991053985123,1.2339215027781154,0.012437810945273634,8.0,0.8646816701021308,True,20.0,True,reset,1,104
363,8.0,2.6646991053985123,1.2378414414154317,0.012376237623762377,8.0,0.8646816701021308,True,20.0,True,reset,1,104
364,4.0,2.713960189142355,1.2418745527480188,0.01231527093596059,8.0,0.8646816701021308,True,60.0,True,reset,1,104
365,6.0,2.7384699930639234,1.2459524694791249,0.012254901960784314,8.0,0.8646816701021308,True,40.0,True,reset,1,104
366,10.0,2.7140797491614843,1.2499419457826095,0.012195121951219514,8.0,0.8646816701021308,True,0.0,True,reset,1,104
367,10.0,2.68980790450129,1.2538440215514948,0.012135922330097087,8.0,0.8646816701021308,True,0.0,True,reset,1,104
368,4.0,2.7381170832452515,1.2578555703668834,0.012077294685990338,8.0,0.8646816701021308,True,60.0,True,reset,1,104
369,6.0,2.762155544783713,1.261910287279058,0.01201923076923077,8.0,0.8646816701021308,True,40.0,True,reset,1,104
370,6.0,2.7860789897597895,1.2660075149738987,0.01196172248803828,8.0,0.8646816701021308,True,40.0,True,reset,1,104
371,8.0,2.7860789897597895,1.2700827736194373,0.011904761904761904,8.0,0.8646816701021308,True,20.0,True,reset,1,104
372,8.0,2.7860789897597895,1.2741362394379945,0.011848341232227487,8.0,0.8646816701021308,True,20.0,True,reset,1,104
373,10.0,2.762494084099412,1.2781051936904249,0.01179245283018868,8.0,0.8646816701021308,True,0.0,True,reset,1,104
374,6.0,2.785968262503168,1.2821154678096076,0.011737089201877935,8.0,0.8646816701021308,True,40.0,True,reset,1,104
375,10.0,2.7626037765218596,1.2860424925011522,0.011682242990654205,8.0,0.8646816701021308,True,0.0,True,reset,1,104
376,6.0,2.785859590475348,1.290010262601613,0.011627906976744184,8.0,0.8646816701021308,True,40.0,True,reset,1,104
377,14.0,2.7164151460309034,1.293773863877152,0.011574074074074073,8.0,0.8646816701021308,True,-40.0,True,reset,1,104
378,6.0,2.739456620685281,1.2975782921845418,0.01152073732718894,8.0,0.8646816701021308,True,40.0,True,reset,1,104
379,8.0,2.739456620685281,1.301362749739662,0.011467889908256883,8.0,0.8646816701021308,True,20.0,True,reset,1,104
380,14.0,2.6709634700003497,1.3049480919392973,0.011415525114155252,8.0,0.8646816701021308,True,-40.0,True,reset,1,104
381,4.0,2.716418015454895,1.3086333920006958,0.011363636363636364,8.0,0.8646816701021308,True,60.0,True,reset,1,104
382,8.0,2.716418015454895,1.312299497790941,0.011312217194570137,8.0,0.8646816701021308,True,20.0,True,reset,1,104
383,14.0,2.6488504478873276,1.3157710587002824,0.011261261261261262,8.0,0.8646816701021308,True,-40.0,True,reset,1,104
384,4.0,2.693693497214682,1.3193408059503198,0.011210762331838566,8.0,0.8646816701021308,True,60.0,True,reset,1,104
385,8.0,2.693693497214682,1.3228921048941553,0.011160714285714286,8.0,0.8646816701021308,True,20.0,True,reset,1,104
386,6.0,2.715915719436904,1.3264823719419458,0.011111111111111112,8.0,0.8646816701021308,True,40.0,True,reset,1,104
387,12.0,2.671667931826285,1.329940432507201,0.011061946902654869,8.0,0.8646816701021308,True,-20.0,True,reset,1,104
388,4.0,2.715720795262408,1.3334937154886248,0.011013215859030838,8.0,0.8646816701021308,True,60.0,True,reset,1,104
389,14.0,2.6499313215781974,1.3368605635860404,0.010964912280701754,8.0,0.8646816701021308,True,-40.0,True,reset,1,104
390,4.0,2.6935994438489397,1.3403216321581397,0.01091703056768559,8.0,0.8646816701021308,True,60.0,True,reset,1,104
391,4.0,2.737077704718505,1.3438757188567667,0.010869565217391306,8.0,0.8646816701021308,True,60.0,True,reset,1,104
392,6.0,2.758722726363527,1.347466701109322,0.010822510822510822,8.0,0.8646816701021308,True,-560.0,False,reset,1,104
393,10.0,2.7371710022255957,1.3509849398463254,0.010775862068965516,8.0,0.8646816701021308,True,0.0,True,reset,1,104
394,6.0,2.758630229693407,1.3545395996691714,0.01072961373390558,8.0,0.8646816701021308,True,40.0,True,reset,1,104
395,12.0,2.7158951869583645,1.3579687069419402,0.010683760683760686,8.0,0.8646816701021308,True,-20.0,True,reset,1,104
396,14.0,2.652065399724322,1.3612202061700367,0.010638297872340425,8.0,0.8646816701021308,True,-40.0,True,reset,1,104
397,8.0,2.652065399724322,1.3644554071563881,0.01059322033898305,8.0,0.8646816701021308,True,20.0,True,reset,1,104
398,4.0,2.694259492551326,1.3677799173698753,0.010548523206751054,8.0,0.8646816701021308,True,60.0,True,reset,1,104
399,6.0,2.7152678959126706,1.3711402365183611,0.01050420168067227,8.0,0.8646816701021308,True,40.0,True,reset,1,104
0,12.0,0.8,0.9,0.05,8.0,0.8646816701021308,False,-2.0,True,reset,0,105
1,8.0,0.8,0.8666666666666667,0.049019607843137254,8.0,0.8646816701021308,False,2.0,True,reset,0,105
2,10.0,0.7038461538461539,0.8259615384615385,0.04807692307692308,8.0,0.8646816701021308,False,0.0,True,reset,0,105
3,16.0,0.32648766328011614,0.726066763425254,0.04716981132075472,8.0,0.8646816701021308,False,-6.0,True,reset,0,105
4,6.0,0.4190802558727087,0.6749023454998299,0.046296296296296294,8.0,0.8646816701021308,False,4.0,True,reset,0,105
5,10.0,0.32817116496361776,0.6253693197089424,0.045454545454545456,8.0,0.8646816701021308,False,0.0,True,reset,0,105
6,10.0,0.23888545067790345,0.5770588360800626,0.044642857142857144,8.0,0.8646816701021308,False,0.0,True,reset,0,105
7,4.0,0.4143240471691315,0.558977192867737,0.043859649122807015,8.0,0.8646816701021308,False,6.0,True,reset,0,105
8,6.0,0.5005309437208556,0.5531325679530488,0.04310344827586207,8.0,0.8646816701021308,False,4.0,True,reset,0,105
9,10.0,0.4157851810089912,0.5406464418672253,0.04237288135593221,8.0,0.8646816701021308,False,-60.0,False,reset,0,105
10,16.0,0.08245184767565783,0.502463559017928,0.04166666666666667,8.0,0.8646816701021308,False,-6.0,True,reset,0,105
11,8.0,0.08245184767565783,0.4701549658377534,0.04098360655737705,8.0,0.8646816701021308,False,2.0,True,reset,0,105
12,6.0,0.16309700896598042,0.44822225463262677,0.040322580645161296,8.0,0.8646816701021308,False,-56.0,False,reset,0,105
13,18.0,0.0,0.41834077099045164,0.03968253968253969,8.0,0.8646816701021308,False,-8.0,True,reset,0,105
14,4.0,0.15625,0.4019600978035484,0.0390625,8.0,0.8646816701021308,False,6.0,True,reset,0,105
15,6.0,0.23317307692307693,0.39203144951646185,0.038461538461538464,8.0,0.8646816701021308,False,4.0,True,reset,0,105
16,4.0,0.3846882284382285,0.3916234927898933,0.03787878787878788,8.0,0.8646816701021308,False,6.0,True,reset,0,105
17,6.0,0.45931509410987026,0.39518620864883947,0.03731343283582089,8.0,0.8646816701021308,False,4.0,True,reset,0,105
18,12.0,0.31225627058045846,0.3910397117454204,0.03676470588235295,8.0,0.8646816701021308,False,-2.0,True,reset,0,105
19,8.0,0.31225627058045846,0.3872881193089936,0.03623188405797102,8.0,0.8646816701021308,False,2.0,True,reset,0,105
20,8.0,0.31225627058045846,0.38387758073042383,0.03571428571428572,8.0,0.8646816701021308,False,2.0,True,reset,0,105
21,14.0,0.10098866494665565,0.3715780626528687,0.035211267605633804,8.0,0.8646816701021308,False,-4.0,True,reset,0,105
22,8.0,0.10098866494665565,0.3603035044151098,0.034722222222222224,8.0,0.8646816701021308,False,2.0,True,reset,0,105
23,4.0,0.23797496631651868,0.3554103628911661,0.03424657534246576,8.0,0.8646816701021308,False,6.0,True,reset,0,105
24,4.0,0.3731101014516538,0.35609112206656945,0.033783783783783786,8.0,0.8646816701021308,False,6.0,True,reset,0,105
25,8.0,0.3731101014516538,0.35672145463638744,0.03333333333333333,8.0,0.8646816701021308,False,2.0,True,reset,0,105
26,6.0,0.4388995751358643,0.3596563875113687,0.03289473684210526,8.0,0.8646816701021308,False,4.0,True,reset,0,105
27,8.0,0.4388995751358643,0.3623889112225582,0.03246753246753247,8.0,0.8646816701021308,False,2.0,True,reset,0,105
28,8.0,0.4388995751358643,0.36493926668633503,0.032051282051282055,8.0,0.8646816701021308,False,2.0,True,reset,0,105
29,10.0,0.375608435895358,0.36528343343501324,0.03164556962025317,8.0,0.8646816701021308,False,0.0,True,reset,0,105
30,6.0,0.438108435895358,0.367559214761899,0.03125,8.0,0.8646816701021308,False,4.0,True,reset,0,105
31,10.0,0.3763800408336296,0.3678265125216484,0.030864197530864196,8.0,0.8646816701021308,False,0.0,True,reset,0,105
32,8.0,0.3763800408336296,0.3680780868837655,0.03048780487804878,8.0,0.8646816701021308,False,2.0,True,reset,0,105
33,8.0,0.3763800408336296,0.3683152855680473,0.030120481927710843,8.0,0.8646816701021308,False,2.0,True,reset,0,105
34,8.0,0.3763800408336296,0.36853930654764677,0.02976190476190476,8.0,0.8646816701021308,False,2.0,True,reset,0,105
35,6.0,0.4352035702453943,0.37034104340434265,0.029411764705882353,8.0,0.8646816701021308,False,4.0,True,reset,0,105
36,6.0,0.4933431051291152,0.3735779397655209,0.029069767441860468,8.0,0.8646816701021308,False,4.0,True,reset,0,105
37,12.0,0.378400576393483,0.3737015971149558,0.02873563218390805,8.0,0.8646816701021308,False,-2.0,True,reset,0,105
38,12.0,0.26476421275711937,0.3709781625060099,0.02840909090909091,8.0,0.8646816701021308,False,-2.0,True,reset,0,105
39,8.0,0.26476421275711937,0.3683875783657931,0.02808988764044944,8.0,0.8646816701021308,False,-58.0,False,reset,0,105
40,4.0,0.37587532386823047,0.36856585802061304,0.02777777777777778,8.0,0.8646816701021308,False,6.0,True,reset,0,105
41,14.0,0.21104015903306564,0.36490246967206547,0.027472527472527472,8.0,0.8646816701021308,False,-4.0,True,reset,0,105
42,4.0,0.3197358112069787,0.3638759547069499,0.027173913043478264,8.0,0.8646816701021308,False,6.0,True,reset,0,105
43,8.0,0.3197358112069787,0.3628950626291727,0.02688172043010753,8.0,0.8646816701021308,False,2.0,True,reset,0,105
44,6.0,0.37292730056868084,0.3631131547582925,0.026595744680851068,8.0,0.8646816701021308,False,4.0,True,reset,0,105
45,8.0,0.37292730056868084,0.3633219663712794,0.026315789473684213,8.0,0.8646816701021308,False,2.0,True,reset,0,105
46,8.0,0.37292730056868084,0.36352207750039195,0.026041666666666668,8.0,0.8646816701021308,False,2.0,True,reset,0,105
47,6.0,0.42447369232125814,0.3647659880069402,0.025773195876288662,8.0,0.8646816701021308,False,4.0,True,reset,0,105
48,16.0,0.22039205966819692,0.3618785094401653,0.025510204081632654,8.0,0.8646816701021308,False,-6.0,True,reset,0,105
49,4.0,0.32140216067829797,0.3610848555428738,0.025252525252525256,8.0,0.8646816701021308,False,6.0,True,reset,0,105
50,8.0,0.32140216067829797,0.360321726795478,0.025,8.0,0.8646816701021308,False,2.0,True,reset,0,105
51,8.0,0.32140216067829797,0.35958739535930484,0.024752475247524754,8.0,0.8646816701021308,False,2.0,True,reset,0,105
52,6.0,0.3704217685214352,0.3597880318993443,0.024509803921568627,8.0,0.8646816701021308,False,4.0,True,reset,0,105
53,6.0,0.41896545784182354,0.3608639850982985,0.024271844660194174,8.0,0.8646816701021308,False,4.0,True,reset,0,105
54,8.0,0.41896545784182354,0.36190151139729,0.02403846153846154,8.0,0.8646816701021308,False,2.0,True,reset,0,105
55,8.0,0.41896545784182354,0.362902633264738,0.023809523809523808,8.0,0.8646816701021308,False,2.0,True,reset,0,105
56,8.0,0.41896545784182354,0.36386923368848084,0.02358490566037736,8.0,0.8646816701021308,False,2.0,True,reset,0,105
57,8.0,0.41896545784182354,0.3648030679961647,0.02336448598130841,8.0,0.8646816701021308,False,2.0,True,reset,0,105
58,8.0,0.41896545784182354,0.3657057744935923,0.023148148148148147,8.0,0.8646816701021308,False,2.0,True,reset,0,105
59,12.0,0.3272223385757685,0.3650748984949395,0.022935779816513766,8.0,0.8646816701021308,False,-2.0,True,reset,0,105
60,10.0,0.281767793121223,0.36373123550504083,0.022727272727272728,8.0,0.8646816701021308,False,0.0,True,reset,0,105
61,6.0,0.32681283816626805,0.3631452291980762,0.022522522522522525,8.0,0.8646816701021308,False,4.0,True,reset,0,105
62,10.0,0.2821699810234109,0.36187999094534706,0.022321428571428572,8.0,0.8646816701021308,False,0.0,True,reset,0,105
63,10.0,0.23792219341279142,0.3599729479063847,0.022123893805309738,8.0,0.8646816701021308,False,0.0,True,reset,0,105
64,4.0,0.32564149165840545,0.35945277432686984,0.021929824561403508,8.0,0.8646816701021308,False,6.0,True,reset,0,105
65,14.0,0.19520670904970977,0.35700134051676297,0.02173913043478261,8.0,0.8646816701021308,False,-4.0,True,reset,0,105
66,8.0,0.19520670904970977,0.35462200770107105,0.021551724137931032,8.0,0.8646816701021308,False,2.0,True,reset,0,105
67,4.0,0.28067679451979527,0.35355033794482066,0.02136752136752137,8.0,0.8646816701021308,False,6.0,True,reset,0,105
68,8.0,0.28067679451979527,0.3525092873244632,0.0211864406779661,8.0,0.8646816701021308,False,2.0,True,reset,0,105
69,6.0,0.32269360124248436,0.35208934808387193,0.02100840336134454,8.0,0.8646816701021308,False,4.0,True,reset,0,105
70,8.0,0.32269360124248436,0.351681073822186,0.020833333333333332,8.0,0.8646816701021308,False,2.0,True,reset,0,105
71,8.0,0.32269360124248436,0.3512839851567106,0.02066115702479339,8.0,0.8646816701021308,False,2.0,True,reset,0,105
72,18.0,0.11777556845559911,0.348128466012101,0.020491803278688527,8.0,0.8646816701021308,False,-8.0,True,reset,0,105
73,8.0,0.11777556845559911,0.345057094044681,0.020325203252032523,8.0,0.8646816701021308,False,2.0,True,reset,0,105
74,4.0,0.1984207297459217,0.34312766819864465,0.020161290322580648,8.0,0.8646816701021308,False,6.0,True,reset,0,105
75,6.0,0.2384207297459217,0.3417678378291288,0.02,8.0,0.8646816701021308,False,4.0,True,reset,0,105
76,8.0,0.2384207297459217,0.34044287490498515,0.019841269841269844,8.0,0.8646816701021308,False,2.0,True,reset,0,105
77,4.0,0.3171608872262367,0.34014816620019084,0.01968503937007874,8.0,0.8646816701021308,False,6.0,True,reset,0,105
78,18.0,0.1218483872262367,0.3374194189630164,0.01953125,8.0,0.8646816701021308,False,-8.0,True,reset,0,105
79,6.0,0.16060807714871733,0.33523656289123493,0.01937984496124031,8.0,0.8646816701021308,False,4.0,True,reset,0,105
80,4.0,0.23753115407179426,0.3340450335153881,0.019230769230769232,8.0,0.8646816701021308,False,6.0,True,reset,0,105
81,4.0,0.3138670319343897,0.333801925062605,0.019083969465648856,8.0,0.8646816701021308,False,6.0,True,reset,0,105
82,8.0,0.3138670319343897,0.33356460490631673,0.01893939393939394,8.0,0.8646816701021308,False,2.0,True,reset,0,105
83,8.0,0.3138670319343897,0.3333328687537058,0.018796992481203006,8.0,0.8646816701021308,False,2.0,True,reset,0,105
84,6.0,0.3511804647702106,0.3335403989399442,0.01865671641791045,8.0,0.8646816701021308,False,4.0,True,reset,0,105
85,22.0,0.09192120551095134,0.330763166831565,0.018518518518518517,8.0,0.8646816701021308,False,-12.0,True,reset,0,105
86,4.0,0.16545061727565724,0.328884615132066,0.018382352941176475,8.0,0.8646816701021308,False,6.0,True,reset,0,105
87,8.0,0.16545061727565724,0.3270482780774996,0.01824817518248175,8.0,0.8646816701021308,False,2.0,True,reset,0,105
88,4.0,0.2379143853915993,0.3260579014921007,0.01811594202898551,8.0,0.8646816701021308,False,6.0,True,reset,0,105
89,4.0,0.3098568314347647,0.3258798677552069,0.017985611510791366,8.0,0.8646816701021308,False,6.0,True,reset,0,105
90,6.0,0.3455711171490504,0.32609390307470515,0.01785714285714286,8.0,0.8646816701021308,False,4.0,True,reset,0,105
91,14.0,0.23918813842564618,0.3251594324870809,0.017730496453900707,8.0,0.8646816701021308,False,-4.0,True,reset,0,105
92,4.0,0.3096106736369138,0.3249940201588876,0.017605633802816902,8.0,0.8646816701021308,False,6.0,True,reset,0,105
93,6.0,0.34457570860194875,0.32520014319513035,0.01748251748251748,8.0,0.8646816701021308,False,4.0,True,reset,0,105
94,8.0,0.34457570860194875,0.3254019720014514,0.017361111111111112,8.0,0.8646816701021308,False,2.0,True,reset,0,105
95,8.0,0.34457570860194875,0.32559963938908537,0.017241379310344827,8.0,0.8646816701021308,False,2.0,True,reset,0,105
96,16.0,0.20758940723208572,0.324395453346667,0.01712328767123288,8.0,0.8646816701021308,False,-6.0,True,reset,0,105
97,12.0,0.13956219634773198,0.3225284507507182,0.017006802721088437,8.0,0.8646816701021308,False,-62.0,False,reset,0,105
98,8.0,0.13956219634773198,0.3206987882066883,0.016891891891891893,8.0,0.8646816701021308,False,2.0,True,reset,0,105
99,4.0,0.20667629030746354,0.3195698525839237,0.016778523489932886,8.0,0.8646816701021308,False,6.0,True,reset,0,105
100,4.0,0.2733429569741302,0.31911664772500414,0.016666666666666666,8.0,0.8646816701021308,False,6.0,True,reset,0,105
101,6.0,0.30645553975558715,0.3189937243466603,0.016556291390728478,8.0,0.8646816701021308,False,4.0,True,reset,0,105
102,8.0,0.30645553975558715,0.31887316487943845,0.01644736842105263,8.0,0.8646816701021308,False,2.0,True,reset,0,105
103,12.0,0.24109606263140415,0.3181324305723144,0.016339869281045753,8.0,0.8646816701021308,False,-2.0,True,reset,0,105
104,6.0,0.27356359509893663,0.31771196986030137,0.016233766233766236,8.0,0.8646816701021308,False,4.0,True,reset,0,105
105,8.0,0.27356359509893663,0.31729936822701754,0.016129032258064516,8.0,0.8646816701021308,False,2.0,True,reset,0,105
106,10.0,0.24151231304765458,0.31659763623461606,0.016025641025641028,8.0,0.8646816701021308,False,0.0,True,reset,0,105
107,8.0,0.24151231304765458,0.3159087800585889,0.01592356687898089,8.0,0.8646816701021308,False,2.0,True,reset,0,105
108,6.0,0.27315788266790775,0.3155201355368555,0.015822784810126583,8.0,0.8646816701021308,False,4.0,True,reset,0,105
109,8.0,0.27315788266790775,0.3151384936191172,0.015723270440251572,8.0,0.8646816701021308,False,2.0,True,reset,0,105
110,10.0,0.24190788266790775,0.31448464887848143,0.015625,8.0,0.8646816701021308,False,0.0,True,reset,0,105
111,4.0,0.3040196839101438,0.3143920385690271,0.015527950310559006,8.0,0.8646816701021308,False,6.0,True,reset,0,105
112,12.0,0.2422912888484154,0.3137595758521796,0.015432098765432098,8.0,0.8646816701021308,False,-2.0,True,reset,0,105
113,4.0,0.3036409820999491,0.3136715880804211,0.015337423312883436,8.0,0.8646816701021308,False,6.0,True,reset,0,105
114,10.0,0.27315317722190036,0.313322291435089,0.01524390243902439,8.0,0.8646816701021308,False,0.0,True,reset,0,105
115,8.0,0.27315317722190036,0.3129789656725831,0.015151515151515152,8.0,0.8646816701021308,False,2.0,True,reset,0,105
116,8.0,0.27315317722190036,0.31264145899079765,0.015060240963855423,8.0,0.8646816701021308,False,2.0,True,reset,0,105
117,8.0,0.27315317722190036,0.3123096246902187,0.014970059880239523,8.0,0.8646816701021308,False,2.0,True,reset,0,105
118,10.0,0.2433912724599956,0.31173530508830016,0.014880952380952382,8.0,0.8646816701021308,False,-60.0,False,reset,0,105
119,4.0,0.3025628700931317,0.31165949984040625,0.014792899408284025,8.0,0.8646816701021308,False,6.0,True,reset,0,105
120,6.0,0.33197463479901407,0.311826017340067,0.014705882352941178,8.0,0.8646816701021308,False,4.0,True,reset,0,105
121,14.0,0.24425533655340004,0.3112766622117201,0.014619883040935673,8.0,0.8646816701021308,False,-4.0,True,reset,0,105
122,4.0,0.30239487143712096,0.31120503486676365,0.014534883720930234,8.0,0.8646816701021308,False,6.0,True,reset,0,105
123,6.0,0.3312966055411672,0.31136576743215894,0.014450867052023123,8.0,0.8646816701021308,False,4.0,True,reset,0,105
124,14.0,0.24508970898944304,0.3108397669683278,0.014367816091954025,8.0,0.8646816701021308,False,-4.0,True,reset,0,105
125,4.0,0.3022325661323002,0.3107719937333985,0.014285714285714287,8.0,0.8646816701021308,False,6.0,True,reset,0,105
126,12.0,0.24541438431411838,0.31026138740981035,0.014204545454545456,8.0,0.8646816701021308,False,-2.0,True,reset,0,105
127,8.0,0.24541438431411838,0.3097586974633321,0.014124293785310734,8.0,0.8646816701021308,False,2.0,True,reset,0,105
128,8.0,0.24541438431411838,0.30926374120833816,0.01404494382022472,8.0,0.8646816701021308,False,2.0,True,reset,0,105
129,6.0,0.27334734520797316,0.3089895702465033,0.013966480446927375,8.0,0.8646816701021308,False,4.0,True,reset,0,105
130,10.0,0.24556956743019537,0.30850911567971306,0.01388888888888889,8.0,0.8646816701021308,False,0.0,True,reset,0,105
131,10.0,0.21794525803793016,0.30782818441924853,0.013812154696132598,8.0,0.8646816701021308,False,0.0,True,reset,0,105
132,6.0,0.24541778551045762,0.3073624351736605,0.013736263736263736,8.0,0.8646816701021308,False,4.0,True,reset,0,105
133,4.0,0.300062594253627,0.30730836227795655,0.01366120218579235,8.0,0.8646816701021308,False,6.0,True,reset,0,105
134,14.0,0.21854085512319224,0.30665566001946565,0.01358695652173913,8.0,0.8646816701021308,False,-4.0,True,reset,0,105
135,4.0,0.27259490917724627,0.3064070414001794,0.013513513513513514,8.0,0.8646816701021308,False,6.0,True,reset,0,105
136,12.0,0.2188314683170312,0.3057724357981276,0.013440860215053764,8.0,0.8646816701021308,False,-2.0,True,reset,0,105
137,6.0,0.2455694362314697,0.3053393206933315,0.013368983957219251,8.0,0.8646816701021308,False,-56.0,False,reset,0,105
138,4.0,0.29876092559317186,0.30529233215690177,0.013297872340425532,8.0,0.8646816701021308,False,6.0,True,reset,0,105
139,8.0,0.29876092559317186,0.3052460101245349,0.013227513227513227,8.0,0.8646816701021308,False,2.0,True,reset,0,105
140,6.0,0.3250767150668561,0.30538566297624137,0.013157894736842105,8.0,0.8646816701021308,False,4.0,True,reset,0,105
141,6.0,0.3512547255380603,0.30570642565149886,0.013089005235602096,8.0,0.8646816701021308,False,4.0,True,reset,0,105
142,8.0,0.3512547255380603,0.3060227332896,0.013020833333333334,8.0,0.8646816701021308,False,2.0,True,reset,0,105
143,6.0,0.3771614612893556,0.3065133452068397,0.01295336787564767,8.0,0.8646816701021308,False,4.0,True,reset,0,105
144,14.0,0.29984187366048964,0.3064676501962483,0.012886597938144331,8.0,0.8646816701021308,False,-4.0,True,reset,0,105
145,10.0,0.274200848019464,0.30624814814062384,0.012820512820512822,8.0,0.8646816701021308,False,0.0,True,reset,0,105
146,14.0,0.19767023577456602,0.30551451359760995,0.012755102040816327,8.0,0.8646816701021308,False,-4.0,True,reset,0,105
147,6.0,0.2230509464344645,0.30496106683812574,0.01269035532994924,8.0,0.8646816701021308,False,4.0,True,reset,0,105
148,6.0,0.24830347168698974,0.3045833495371182,0.012626262626262628,8.0,0.8646816701021308,False,-56.0,False,reset,0,105
149,6.0,0.27342909982769326,0.3043770300026187,0.01256281407035176,8.0,0.8646816701021308,False,4.0,True,reset,0,105
150,6.0,0.2984290998276933,0.3043378988830468,0.0125,8.0,0.8646816701021308,False,4.0,True,reset,0,105
151,10.0,0.273553477937146,0.3041366935173873,0.012437810945273634,8.0,0.8646816701021308,False,0.0,True,reset,0,105
152,12.0,0.22404852744209652,0.3036166404909244,0.012376237623762377,8.0,0.8646816701021308,False,-2.0,True,reset,0,105
153,4.0,0.2733096111859389,0.3034211112696019,0.01231527093596059,8.0,0.8646816701021308,False,6.0,True,reset,0,105
154,6.0,0.29781941510750753,0.3033852029608705,0.012254901960784314,8.0,0.8646816701021308,False,4.0,True,reset,0,105
155,6.0,0.3222096590099466,0.30350510395481367,0.012195121951219514,8.0,0.8646816701021308,False,4.0,True,reset,0,105
156,6.0,0.34648150367014074,0.3037771064846575,0.012135922330097087,8.0,0.8646816701021308,False,4.0,True,reset,0,105
157,10.0,0.32232691429816007,0.3038937719426041,0.012077294685990338,8.0,0.8646816701021308,False,0.0,True,reset,0,105
158,6.0,0.34636537583662164,0.3041592194669417,0.01201923076923077,8.0,0.8646816701021308,False,4.0,True,reset,0,105
159,6.0,0.3702888208126982,0.30456996233244327,0.01196172248803828,8.0,0.8646816701021308,False,4.0,True,reset,0,105
160,8.0,0.3702888208126982,0.3049756342983707,0.011904761904761904,8.0,0.8646816701021308,False,2.0,True,reset,0,105
161,10.0,0.3465921383482432,0.3052309502741368,0.011848341232227487,8.0,0.8646816701021308,False,0.0,True,reset,0,105
162,14.0,0.2758374213671111,0.30505172143933784,0.01179245283018868,8.0,0.8646816701021308,False,-4.0,True,reset,0,105
163,6.0,0.29931159977086697,0.30501693282316533,0.011737089201877935,8.0,0.8646816701021308,False,4.0,True,reset,0,105
164,10.0,0.27594711378955855,0.3048418134313966,0.011682242990654205,8.0,0.8646816701021308,False,0.0,True,reset,0,105
165,12.0,0.2294354858825818,0.3043902785358947,0.011627906976744184,8.0,0.8646816701021308,False,-2.0,True,reset,0,105
166,6.0,0.25258363403073,0.3040819056519354,0.011574074074074073,8.0,0.8646816701021308,False,4.0,True,reset,0,105
167,4.0,0.29866658333948576,0.30404986232464276,0.01152073732718894,8.0,0.8646816701021308,False,6.0,True,reset,0,105
168,14.0,0.22985924388994444,0.30361344692208575,0.011467889908256883,8.0,0.8646816701021308,False,-4.0,True,reset,0,105
169,4.0,0.27552134434656544,0.30344916562047447,0.011415525114155252,8.0,0.8646816701021308,False,-54.0,False,reset,0,105
170,8.0,0.27552134434656544,0.30328679456655644,0.011363636363636364,8.0,0.8646816701021308,False,2.0,True,reset,0,105
171,8.0,0.27552134434656544,0.30312630063464896,0.011312217194570137,8.0,0.8646816701021308,False,2.0,True,reset,0,105
172,8.0,0.27552134434656544,0.3029676514605795,0.011261261261261262,8.0,0.8646816701021308,False,2.0,True,reset,0,105
173,8.0,0.27552134434656544,0.302810815419928,0.011210762331838566,8.0,0.8646816701021308,False,2.0,True,reset,0,105
174,14.0,0.20855705863227975,0.30227528271090726,0.011160714285714286,8.0,0.8646816701021308,False,-4.0,True,reset,0,105
175,6.0,0.23077928085450197,0.30187135049702923,0.011111111111111112,8.0,0.8646816701021308,False,4.0,True,reset,0,105
176,14.0,0.16440759943857275,0.3010990822326559,0.011061946902654869,8.0,0.8646816701021308,False,-4.0,True,reset,0,105
177,8.0,0.16440759943857275,0.3003354426639739,0.011013215859030838,8.0,0.8646816701021308,False,2.0,True,reset,0,105
178,10.0,0.14247777487716923,0.2994584556207139,0.010964912280701754,8.0,0.8646816701021308,False,0.0,True,reset,0,105
179,4.0,0.18614589714791158,0.29883241938605754,0.01091703056768559,8.0,0.8646816701021308,False,6.0,True,reset,0,105
180,6.0,0.2078850275826942,0.298332708442083,0.010869565217391306,8.0,0.8646816701021308,False,4.0,True,reset,0,105
181,6.0,0.22953004922771583,0.29795673762670394,0.010822510822510822,8.0,0.8646816701021308,False,4.0,True,reset,0,105
182,6.0,0.25108177336564685,0.2977019823861547,0.010775862068965516,8.0,0.8646816701021308,False,4.0,True,reset,0,105
183,4.0,0.29400022830126915,0.2976819729046148,0.01072961373390558,8.0,0.8646816701021308,False,6.0,True,reset,0,105
184,14.0,0.22989766419870505,0.29731754113737874,0.010683760683760686,8.0,0.8646816701021308,False,-4.0,True,reset,0,105
185,4.0,0.27245085568806676,0.2971845642098423,0.010638297872340425,8.0,0.8646816701021308,False,-54.0,False,reset,0,105
186,10.0,0.25126441501010066,0.29694030809707767,0.01059322033898305,8.0,0.8646816701021308,False,0.0,True,reset,0,105
187,12.0,0.20907032218309646,0.29647538753668623,0.010548523206751054,8.0,0.8646816701021308,False,-2.0,True,reset,0,105
188,6.0,0.230078725544441,0.29612593142093757,0.01050420168067227,8.0,0.8646816701021308,False,4.0,True,reset,0,105
189,10.0,0.2091582234523908,0.29567060310696613,0.010460251046025104,8.0,0.8646816701021308,False,-60.0,False,reset,0,105
190,6.0,0.22999155678572414,0.29532852474070964,0.010416666666666666,8.0,0.8646816701021308,False,4.0,True,reset,0,105
191,4.0,0.2714853327193341,0.29520498488567665,0.01037344398340249,8.0,0.8646816701021308,False,-54.0,False,reset,0,105
192,8.0,0.2714853327193341,0.29508271863739655,0.010330578512396695,8.0,0.8646816701021308,False,2.0,True,reset,0,105
193,6.0,0.29206146440657693,0.29506722502595645,0.010288065843621401,8.0,0.8646816701021308,False,4.0,True,reset,0,105
194,8.0,0.29206146440657693,0.29505188951259226,0.010245901639344263,8.0,0.8646816701021308,False,2.0,True,reset,0,105
195,8.0,0.29206146440657693,0.2950367096897191,0.01020408163265306,8.0,0.8646816701021308,False,2.0,True,reset,0,105
196,6.0,0.31238666765860945,0.295124335740067,0.010162601626016262,8.0,0.8646816701021308,False,4.0,True,reset,0,105
197,8.0,0.31238666765860945,0.2952110811265924,0.010121457489878544,8.0,0.8646816701021308,False,2.0,True,reset,0,105
198,12.0,0.27206408701344814,0.2950953461560266,0.010080645161290324,8.0,0.8646816701021308,False,-2.0,True,reset,0,105
199,10.0,0.2519837657283076,0.29488086068126185,0.010040160642570281,8.0,0.8646816701021308,False,0.0,True,reset,0,105
200,6.0,0.2719837657283076,0.29476750872604923,0.01,8.0,0.8646816701021308,True,40.0,True,reset,0,105
201,6.0,0.2919040844534072,0.29475340318776033,0.0099601593625498,8.0,0.8646816701021308,True,40.0,True,reset,0,105
202,6.0,0.31174535429467704,0.29483669706573545,0.009920634920634922,8.0,0.8646816701021308,True,-560.0,False,reset,0,105
203,12.0,0.2722196625950723,0.29472637006831753,0.009881422924901186,8.0,0.8646816701021308,True,-620.0,False,reset,0,105
204,8.0,0.2722196625950723,0.2946171142067969,0.00984251968503937,8.0,0.8646816701021308,True,20.0,True,reset,0,105
205,4.0,0.31143534886958213,0.29469836171724517,0.009803921568627453,8.0,0.8646816701021308,True,60.0,True,reset,0,105
206,4.0,0.35049784886958213,0.29496662848240063,0.009765625,8.0,0.8646816701021308,True,60.0,True,reset,0,105
207,4.0,0.38940835470615803,0.29541850277055254,0.00972762645914397,8.0,0.8646816701021308,True,60.0,True,reset,0,105
208,10.0,0.37002850974491774,0.29577378851804953,0.009689922480620155,8.0,0.8646816701021308,True,0.0,True,reset,0,105
209,10.0,0.3507234904398984,0.29603421364564125,0.009652509652509654,8.0,0.8646816701021308,True,0.0,True,reset,0,105
210,8.0,0.3507234904398984,0.2962921819324066,0.009615384615384616,8.0,0.8646816701021308,True,20.0,True,reset,0,105
211,6.0,0.3698805785625038,0.29663766736259484,0.009578544061302683,8.0,0.8646816701021308,True,40.0,True,reset,0,105
212,4.0,0.4080485174938015,0.29715827881180606,0.009541984732824428,8.0,0.8646816701021308,True,60.0,True,reset,0,105
213,6.0,0.42705992433790796,0.2977624725119275,0.009505703422053233,8.0,0.8646816701021308,True,40.0,True,reset,0,105
214,4.0,0.46493871221669586,0.29853643658463475,0.00946969696969697,8.0,0.8646816701021308,True,60.0,True,reset,0,105
215,6.0,0.48380663674499774,0.2993902163088761,0.009433962264150945,8.0,0.8646816701021308,True,40.0,True,reset,0,105
216,6.0,0.5026036292262007,0.3003223879277629,0.009398496240601503,8.0,0.8646816701021308,True,40.0,True,reset,0,105
217,10.0,0.4838770374659011,0.3011605370124119,0.009363295880149813,8.0,0.8646816701021308,True,0.0,True,reset,0,105
218,10.0,0.46522032104799066,0.30190626330348275,0.009328358208955223,8.0,0.8646816701021308,True,0.0,True,reset,0,105
219,10.0,0.4466329604531951,0.3025611352362869,0.00929368029739777,8.0,0.8646816701021308,True,0.0,True,reset,0,105
220,12.0,0.4095959234161581,0.3030432739217818,0.009259259259259259,8.0,0.8646816701021308,True,-20.0,True,reset,0,105
221,4.0,0.4464962924198481,0.3036865610002485,0.00922509225092251,8.0,0.8646816701021308,True,60.0,True,reset,0,105
222,8.0,0.4464962924198481,0.30432410444408603,0.009191176470588236,8.0,0.8646816701021308,True,-580.0,False,reset,0,105
223,6.0,0.4648113107348664,0.3050373809164895,0.009157509157509158,8.0,0.8646816701021308,True,40.0,True,reset,0,105
224,4.0,0.5013076610998299,0.30590583348367245,0.009124087591240875,8.0,0.8646816701021308,True,60.0,True,reset,0,105
225,4.0,0.5376712974634663,0.30692682671706356,0.009090909090909092,8.0,0.8646816701021308,True,60.0,True,reset,0,105
226,6.0,0.5557872394924518,0.3080183197555521,0.009057971014492754,8.0,0.8646816701021308,True,40.0,True,reset,0,105
227,6.0,0.5738377810086973,0.3091791034291466,0.009025270758122744,8.0,0.8646816701021308,True,40.0,True,reset,0,105
228,8.0,0.5738377810086973,0.3103297933316664,0.008992805755395683,8.0,0.8646816701021308,True,20.0,True,reset,0,105
229,4.0,0.6096800749155074,0.31162568199653146,0.008960573476702509,8.0,0.8646816701021308,True,60.0,True,reset,0,105
230,8.0,0.6096800749155074,0.31291039920738906,0.008928571428571428,8.0,0.8646816701021308,True,-580.0,False,reset,0,105
231,8.0,0.6096800749155074,0.3141840888027029,0.008896797153024912,8.0,0.8646816701021308,True,20.0,True,reset,0,105
232,6.0,0.627410571369408,0.3155226635145264,0.008865248226950355,8.0,0.8646816701021308,True,40.0,True,reset,0,105
233,4.0,0.6627462604153445,0.317000210735381,0.0088339222614841,8.0,0.8646816701021308,True,60.0,True,reset,0,105
234,6.0,0.6803518942181613,0.3185398365128504,0.008802816901408451,8.0,0.8646816701021308,True,40.0,True,reset,0,105
235,4.0,0.715439613516407,0.32021451911624094,0.008771929824561403,8.0,0.8646816701021308,True,60.0,True,reset,0,105
236,6.0,0.7329221309989244,0.3219485847123867,0.008741258741258742,8.0,0.8646816701021308,True,40.0,True,reset,0,105
237,4.0,0.7677653365738374,0.32381392677038434,0.008710801393728223,8.0,0.8646816701021308,True,-540.0,False,reset,0,105
238,8.0,0.7677653365738374,0.32566372431123203,0.05,8.0,0.8646816701021308,True,20.0,True,reset,1,105
239,6.0,0.8658045522601119,0.3279049725599826,0.049019607843137254,8.0,0.8646816701021308,True,40.0,True,reset,1,105
240,6.0,0.961958398413958,0.330525028038718,0.04807692307692308,8.0,0.8646816701021308,True,40.0,True,reset,1,105
241,4.0,1.150637643696977,0.3338999770743487,0.04716981132075472,8.0,0.8646816701021308,True,60.0,True,reset,1,105
242,4.0,1.335822828882162,0.3380062182702824,0.046296296296296294,8.0,0.8646816701021308,True,60.0,True,reset,1,105
243,4.0,1.517641010700344,0.342821054157752,0.045454545454545456,8.0,0.8646816701021308,True,60.0,True,reset,1,105
244,8.0,1.517641010700344,0.34759674503800647,0.044642857142857144,8.0,0.8646816701021308,True,20.0,True,reset,1,105
245,4.0,1.6930796071915721,0.35304404407506546,0.043859649122807015,8.0,0.8646816701021308,True,60.0,True,reset,1,105
246,4.0,1.8654934002950205,0.3591426301888556,0.04310344827586207,8.0,0.8646816701021308,True,60.0,True,reset,1,105
247,4.0,2.0349849257187493,0.36587292053234916,0.04237288135593221,8.0,0.8646816701021308,True,-540.0,False,reset,1,105
248,8.0,2.0349849257187493,0.37254936855309473,0.04166666666666667,8.0,0.8646816701021308,True,20.0,True,reset,1,105
249,6.0,2.1169521388335033,0.3794991803868812,0.04098360655737705,8.0,0.8646816701021308,True,40.0,True,reset,1,105
250,4.0,2.2782424614141483,0.38703387594651323,0.040322580645161296,8.0,0.8646816701021308,True,60.0,True,reset,1,105
251,6.0,2.357607540779228,0.394822704661267,0.03968253968253969,8.0,0.8646816701021308,True,40.0,True,reset,1,105
252,6.0,2.435732540779228,0.40285778275621964,0.0390625,8.0,0.8646816701021308,True,40.0,True,reset,1,105
253,4.0,2.5895786946253816,0.41143315888119675,0.038461538461538464,8.0,0.8646816701021308,True,60.0,True,reset,1,105
254,4.0,2.741093846140533,0.4205333959408035,0.03787878787878788,8.0,0.8646816701021308,True,60.0,True,reset,1,105
255,12.0,2.5918401147972494,0.42898206021650953,0.03731343283582089,8.0,0.8646816701021308,True,-20.0,True,reset,1,105
256,6.0,2.6653695265619555,0.43765022869071674,0.03676470588235295,8.0,0.8646816701021308,True,40.0,True,reset,1,105
257,14.0,2.4479782222141293,0.4454121128355948,0.03623188405797102,8.0,0.8646816701021308,True,-40.0,True,reset,1,105
258,10.0,2.3765496507855577,0.4528395649046331,0.03571428571428572,8.0,0.8646816701021308,True,0.0,True,reset,1,105
259,6.0,2.446972185996825,0.46047991977471814,0.035211267605633804,8.0,0.8646816701021308,True,40.0,True,reset,1,105
260,6.0,2.51641663044127,0.46832700645665154,0.034722222222222224,8.0,0.8646816701021308,True,40.0,True,reset,1,105
261,8.0,2.51641663044127,0.47611441947560446,0.03424657534246576,8.0,0.8646816701021308,True,20.0,True,reset,1,105
262,6.0,2.5839841980088374,0.48409877469732127,0.033783783783783786,8.0,0.8646816701021308,True,40.0,True,reset,1,105
263,4.0,2.7173175313421707,0.49252601528843387,0.03333333333333333,8.0,0.8646816701021308,True,60.0,True,reset,1,105
264,28.0,2.0594227945000654,0.49841660468396626,0.03289473684210526,8.0,0.8646816701021308,True,-180.0,True,reset,1,105
265,6.0,2.1243578594351304,0.5045062723047571,0.03246753246753247,8.0,0.8646816701021308,True,40.0,True,reset,1,105
266,4.0,2.2525629876402586,0.5110288719888448,0.032051282051282055,8.0,0.8646816701021308,True,60.0,True,reset,1,105
267,14.0,2.0626895699187395,0.5167971273714839,0.03164556962025317,8.0,0.8646816701021308,True,-640.0,False,reset,1,105
268,10.0,2.0001895699187395,0.5222911734549922,0.03125,8.0,0.8646816701021308,True,0.0,True,reset,1,105
269,4.0,2.1236463600421964,0.5282002331840963,0.030864197530864196,8.0,0.8646816701021308,True,60.0,True,reset,1,105
270,8.0,2.1236463600421964,0.534065843944604,0.03048780487804878,8.0,0.8646816701021308,True,20.0,True,reset,1,105
271,4.0,2.24412828775304,0.5403298089402392,0.030120481927710843,8.0,0.8646816701021308,True,60.0,True,reset,1,105
272,4.0,2.363175906800659,0.5469825319251312,0.02976190476190476,8.0,0.8646816701021308,True,60.0,True,reset,1,105
273,4.0,2.4808229656241885,0.5540146789567642,0.029411764705882353,8.0,0.8646816701021308,True,60.0,True,reset,1,105
274,4.0,2.5971020353916305,0.5614171693786296,0.029069767441860468,8.0,0.8646816701021308,True,60.0,True,reset,1,105
275,6.0,2.6545732997594467,0.5689736897049141,0.02873563218390805,8.0,0.8646816701021308,True,40.0,True,reset,1,105
276,4.0,2.7682096633958104,0.5768846104735864,0.02840909090909091,8.0,0.8646816701021308,True,60.0,True,reset,1,105
277,8.0,2.7682096633958104,0.5847388221328059,0.02808988764044944,8.0,0.8646816701021308,True,20.0,True,reset,1,105
278,12.0,2.6570985522846993,0.5921401068833484,0.02777777777777778,8.0,0.8646816701021308,True,-20.0,True,reset,1,105
279,4.0,2.766988662174809,0.5998797814573394,0.027472527472527472,8.0,0.8646816701021308,True,-540.0,False,reset,1,105
280,6.0,2.8213364882617658,0.6077572875098374,0.027173913043478264,8.0,0.8646816701021308,True,40.0,True,reset,1,105
281,12.0,2.7138096065413357,0.6151991684958145,0.02688172043010753,8.0,0.8646816701021308,True,-20.0,True,reset,1,105
282,6.0,2.767001095903038,0.6227759358458398,0.026595744680851068,8.0,0.8646816701021308,True,40.0,True,reset,1,105
283,6.0,2.8196326748504066,0.630484205105505,0.026315789473684213,8.0,0.8646816701021308,True,40.0,True,reset,1,105
284,10.0,2.767549341517073,0.6379564608272238,0.026041666666666668,8.0,0.8646816701021308,True,0.0,True,reset,1,105
285,6.0,2.8190957332696502,0.6455562492329465,0.025773195876288662,8.0,0.8646816701021308,True,40.0,True,reset,1,105
286,6.0,2.8701161414329155,0.6532804155253075,0.025510204081632654,8.0,0.8646816701021308,True,40.0,True,reset,1,105
287,18.0,2.617590888907663,0.6600773375785336,0.025252525252525256,8.0,0.8646816701021308,True,-80.0,True,reset,1,105
288,12.0,2.517590888907663,0.6664825567210478,0.025,8.0,0.8646816701021308,True,-20.0,True,reset,1,105
289,4.0,2.616600789897762,0.6731839939484593,0.024752475247524754,8.0,0.8646816701021308,True,60.0,True,reset,1,105
290,8.0,2.616600789897762,0.6798395309208884,0.024509803921568627,8.0,0.8646816701021308,True,20.0,True,reset,1,105
291,6.0,2.6651444792181502,0.6866153157273638,0.024271844660194174,8.0,0.8646816701021308,True,40.0,True,reset,1,105
292,6.0,2.713221402295073,0.6935085337088865,0.02403846153846154,8.0,0.8646816701021308,True,40.0,True,reset,1,105
293,6.0,2.7608404499141206,0.7005164385095823,0.023809523809523808,8.0,0.8646816701021308,True,40.0,True,reset,1,105
294,12.0,2.666500827272611,0.7071582776608087,0.02358490566037736,8.0,0.8646816701021308,True,-20.0,True,reset,1,105
295,6.0,2.713229799235228,0.7139127272283994,0.02336448598130841,8.0,0.8646816701021308,True,40.0,True,reset,1,105
296,8.0,2.713229799235228,0.7206218449196975,0.023148148148148147,8.0,0.8646816701021308,True,20.0,True,reset,1,105
297,12.0,2.621486679969173,0.7269792523947792,0.022935779816513766,8.0,0.8646816701021308,True,-20.0,True,reset,1,105
298,4.0,2.712395770878264,0.7335973074563908,0.022727272727272728,8.0,0.8646816701021308,True,60.0,True,reset,1,105
299,8.0,2.712395770878264,0.7401713887302177,0.022522522522522525,8.0,0.8646816701021308,True,20.0,True,reset,1,105
300,4.0,2.801681485163978,0.7469975811025149,0.022321428571428572,8.0,0.8646816701021308,True,60.0,True,reset,1,105
301,8.0,2.801681485163978,0.7537787160994175,0.022123893805309738,8.0,0.8646816701021308,True,20.0,True,reset,1,105
302,8.0,2.801681485163978,0.7605152383660773,0.021929824561403508,8.0,0.8646816701021308,True,20.0,True,reset,1,105
303,14.0,2.6712467025552824,0.7667799316912878,0.02173913043478261,8.0,0.8646816701021308,True,-40.0,True,reset,1,105
304,6.0,2.7143501508311445,0.7731445402505683,0.021551724137931032,8.0,0.8646816701021308,True,40.0,True,reset,1,105
305,10.0,2.671615108096102,0.7793284834683062,0.02136752136752137,8.0,0.8646816701021308,True,0.0,True,reset,1,105
306,6.0,2.713987989452034,0.7856098455007209,0.0211864406779661,8.0,0.8646816701021308,True,40.0,True,reset,1,105
307,6.0,2.756004796174723,0.7919865281889862,0.02100840336134454,8.0,0.8646816701021308,True,40.0,True,reset,1,105
308,18.0,2.5476714628413895,0.7976500279781875,0.020833333333333332,8.0,0.8646816701021308,True,-80.0,True,reset,1,105
309,4.0,2.630316090940563,0.8035428449008961,0.02066115702479339,8.0,0.8646816701021308,True,60.0,True,reset,1,105
310,4.0,2.712283304055317,0.8096606027828013,0.020491803278688527,8.0,0.8646816701021308,True,60.0,True,reset,1,105
311,4.0,2.7935841170634474,0.8159990165664456,0.020325203252032523,8.0,0.8646816701021308,True,60.0,True,reset,1,105
312,12.0,2.712938955773125,0.8220402265639191,0.020161290322580648,8.0,0.8646816701021308,True,-20.0,True,reset,1,105
313,8.0,2.712938955773125,0.8280430796725197,0.02,8.0,0.8646816701021308,True,20.0,True,reset,1,105
314,6.0,2.7526214954556645,0.8341335176971499,0.019841269841269844,8.0,0.8646816701021308,True,40.0,True,reset,1,105
315,8.0,2.7526214954556645,0.8401855302452841,0.01968503937007874,8.0,0.8646816701021308,True,20.0,True,reset,1,105
316,8.0,2.7526214954556645,0.8461994798214174,0.01953125,8.0,0.8646816701021308,True,20.0,True,reset,1,105
317,6.0,2.791381185378145,0.8522972281146988,0.01937984496124031,8.0,0.8646816701021308,True,40.0,True,reset,1,105
318,6.0,2.8298427238396835,0.8584770577888394,0.019230769230769232,8.0,0.8646816701021308,True,40.0,True,reset,1,105
319,8.0,2.8298427238396835,0.8646183838513032,0.019083969465648856,8.0,0.8646816701021308,True,20.0,True,reset,1,105
320,6.0,2.8677215117184716,0.8708392010185925,0.01893939393939394,8.0,0.8646816701021308,True,40.0,True,reset,1,105
321,8.0,2.8677215117184716,0.8770214991941339,0.018796992481203006,8.0,0.8646816701021308,True,20.0,True,reset,1,105
322,6.0,2.9050349445542927,0.8832807999514183,0.01865671641791045,8.0,0.8646816701021308,True,40.0,True,reset,1,105
323,10.0,2.8679979075172555,0.8893876218208515,0.018518518518518517,8.0,0.8646816701021308,True,0.0,True,reset,1,105
324,12.0,2.7944684957525494,0.8952314281826053,0.018382352941176475,8.0,0.8646816701021308,True,-20.0,True,reset,1,105
325,10.0,2.757972145387586,0.900927882975281,0.01824817518248175,8.0,0.8646816701021308,True,0.0,True,reset,1,105
326,10.0,2.721740261329615,0.9064791402263613,0.01811594202898551,8.0,0.8646816701021308,True,0.0,True,reset,1,105
327,12.0,2.6497978152864494,0.9117779811839908,0.017985611510791366,8.0,0.8646816701021308,True,-20.0,True,reset,1,105
328,4.0,2.721226386715021,0.9172611581704485,0.01785714285714286,8.0,0.8646816701021308,True,60.0,True,reset,1,105
329,10.0,2.6857653938072197,0.9226040712690491,0.017730496453900707,8.0,0.8646816701021308,True,0.0,True,reset,1,105
330,6.0,2.7209766614128537,0.9280208561791208,0.017605633802816902,8.0,0.8646816701021308,True,40.0,True,reset,1,105
331,10.0,2.6860116264478187,0.9333001077414892,0.01748251748251748,8.0,0.8646816701021308,True,-600.0,False,reset,1,105
332,4.0,2.7554560708922633,0.9387556645173897,0.017361111111111112,8.0,0.8646816701021308,True,60.0,True,reset,1,105
333,12.0,2.686490553650884,0.9439727835894298,0.017241379310344827,8.0,0.8646816701021308,True,-20.0,True,reset,1,105
334,8.0,2.686490553650884,0.9491588483812793,0.01712328767123288,8.0,0.8646816701021308,True,20.0,True,reset,1,105
335,10.0,2.652476948208707,0.9542132047605891,0.017006802721088437,8.0,0.8646816701021308,True,0.0,True,reset,1,105
336,8.0,2.652476948208707,0.9592376537057018,0.016891891891891893,8.0,0.8646816701021308,True,20.0,True,reset,1,105
337,8.0,2.652476948208707,0.9642324598841767,0.016778523489932886,8.0,0.8646816701021308,True,20.0,True,reset,1,105
338,10.0,2.619143614875374,0.9690998456341509,0.016666666666666666,8.0,0.8646816701021308,True,0.0,True,reset,1,105
339,12.0,2.55291844931246,0.9737444749704509,0.016556291390728478,8.0,0.8646816701021308,True,-620.0,False,reset,1,105
340,8.0,2.55291844931246,0.9783619427316849,0.01644736842105263,8.0,0.8646816701021308,True,20.0,True,reset,1,105
341,8.0,2.55291844931246,0.9829524864826493,0.016339869281045753,8.0,0.8646816701021308,True,-580.0,False,reset,1,105
342,4.0,2.617853514247525,0.9877051057494077,0.016233766233766236,8.0,0.8646816701021308,True,60.0,True,reset,1,105
343,4.0,2.6823696432797832,0.9926171768726842,0.016129032258064516,8.0,0.8646816701021308,True,60.0,True,reset,1,105
344,4.0,2.7464722073823475,0.9976861220475676,0.016025641025641028,8.0,0.8646816701021308,True,60.0,True,reset,1,105
345,10.0,2.7146250736243855,1.0026340729166652,0.01592356687898089,8.0,0.8646816701021308,True,0.0,True,reset,1,105
346,10.0,2.682979504004132,1.0074626517416292,0.015822784810126583,8.0,0.8646816701021308,True,0.0,True,reset,1,105
347,6.0,2.7144260448846356,1.0123536643294315,0.015723270440251572,8.0,0.8646816701021308,True,40.0,True,reset,1,105
348,14.0,2.6206760448846356,1.0169488711310177,0.015625,8.0,0.8646816701021308,True,-40.0,True,reset,1,105
349,4.0,2.6827878461268715,1.021694851116761,0.015527950310559006,8.0,0.8646816701021308,True,-540.0,False,reset,1,105
350,4.0,2.7445162411885997,1.0265892300658288,0.015432098765432098,8.0,0.8646816701021308,True,-540.0,False,reset,1,105
351,10.0,2.713841394562833,1.0313689812400413,0.015337423312883436,8.0,0.8646816701021308,True,0.0,True,reset,1,105
352,16.0,2.591890175050638,1.0357772331999582,0.01524390243902439,8.0,0.8646816701021308,True,-60.0,True,reset,1,105
353,6.0,2.622193205353668,1.0402460105863067,0.015151515151515152,8.0,0.8646816701021308,True,40.0,True,reset,1,105
354,4.0,2.6824341692090896,1.0448588986723257,0.015060240963855423,8.0,0.8646816701021308,True,60.0,True,reset,1,105
355,6.0,2.712374288969569,1.049529810129741,0.014970059880239523,8.0,0.8646816701021308,True,40.0,True,reset,1,105
356,4.0,2.771898098493378,1.0543408947341086,0.014880952380952382,8.0,0.8646816701021308,True,60.0,True,reset,1,105
357,10.0,2.74231229967681,1.0590427649428626,0.014792899408284025,8.0,0.8646816701021308,True,0.0,True,reset,1,105
358,10.0,2.712900534970928,1.0636368143040518,0.014705882352941178,8.0,0.8646816701021308,True,0.0,True,reset,1,105
359,4.0,2.7713800671346704,1.0683674050321144,0.014619883040935673,8.0,0.8646816701021308,True,60.0,True,reset,1,105
360,16.0,2.6551009973672284,1.0727506469998909,0.014534883720930234,8.0,0.8646816701021308,True,-60.0,True,reset,1,105
361,10.0,2.626199263263182,1.077030119771966,0.014450867052023123,8.0,0.8646816701021308,True,0.0,True,reset,1,105
362,4.0,2.6836705276309982,1.081443967046304,0.014367816091954025,8.0,0.8646816701021308,True,60.0,True,reset,1,105
363,6.0,2.7122419562024267,1.0859119067426224,0.014285714285714287,8.0,0.8646816701021308,True,40.0,True,reset,1,105
364,4.0,2.7690601380206084,1.0905106724018518,0.014204545454545456,8.0,0.8646816701021308,True,60.0,True,reset,1,105
365,10.0,2.740811550449987,1.095007405039585,0.014124293785310734,8.0,0.8646816701021308,True,0.0,True,reset,1,105
366,8.0,2.740811550449987,1.099479698912983,0.01404494382022472,8.0,0.8646816701021308,True,20.0,True,reset,1,105
367,8.0,2.740811550449987,1.103927752711186,0.013966480446927375,8.0,0.8646816701021308,True,20.0,True,reset,1,105
368,12.0,2.6852559948944315,1.1082016128251948,0.01388888888888889,8.0,0.8646816701021308,True,-20.0,True,reset,1,105
369,4.0,2.740504613678962,1.1126013513719704,0.013812154696132598,8.0,0.8646816701021308,True,60.0,True,reset,1,105
370,10.0,2.7130320862064345,1.1169035845301276,0.013736263736263736,8.0,0.8646816701021308,True,0.0,True,reset,1,105
371,8.0,2.7130320862064345,1.1211827494139783,0.01366120218579235,8.0,0.8646816701021308,True,-580.0,False,reset,1,105
372,6.0,2.7402059992499126,1.1255116885846628,0.01358695652173913,8.0,0.8646816701021308,True,40.0,True,reset,1,105
373,14.0,2.6591249181688315,1.1296013238635538,0.013513513513513514,8.0,0.8646816701021308,True,-40.0,True,reset,1,105
374,4.0,2.7128883590290465,1.1338121936379302,0.013440860215053764,8.0,0.8646816701021308,True,-540.0,False,reset,1,105
375,4.0,2.7663642948579237,1.138142570564243,0.013368983957219251,8.0,0.8646816701021308,True,60.0,True,reset,1,105
376,12.0,2.7131728054962214,1.1423093172175023,0.013297872340425532,8.0,0.8646816701021308,True,-20.0,True,reset,1,105
377,10.0,2.686717779041195,1.1463842735811531,0.013227513227513227,8.0,0.8646816701021308,True,0.0,True,reset,1,105
378,4.0,2.7393493579885635,1.1505762869611726,0.013157894736842105,8.0,0.8646816701021308,True,60.0,True,reset,1,105
379,8.0,2.7393493579885635,1.154746295021612,0.013089005235602096,8.0,0.8646816701021308,True,20.0,True,reset,1,105
380,12.0,2.68726602465523,1.1587581267745797,0.013020833333333334,8.0,0.8646816701021308,True,-20.0,True,reset,1,105
381,8.0,2.68726602465523,1.1627490090144768,0.01295336787564767,8.0,0.8646816701021308,True,20.0,True,reset,1,105
382,6.0,2.7130392205315186,1.1667862231069692,0.012886597938144331,8.0,0.8646816701021308,True,40.0,True,reset,1,105
383,10.0,2.687398194890493,1.170735864592121,0.012820512820512822,8.0,0.8646816701021308,True,0.0,True,reset,1,105
384,6.0,2.7129083989721257,1.17473113022523,0.012755102040816327,8.0,0.8646816701021308,True,40.0,True,reset,1,105
385,6.0,2.7382891096320243,1.1787713317224051,0.01269035532994924,8.0,0.8646816701021308,True,40.0,True,reset,1,105
386,10.0,2.7130365843794992,1.1827256236106967,0.012626262626262628,8.0,0.8646816701021308,True,0.0,True,reset,1,105
387,6.0,2.7381622125202028,1.1867241752531374,0.01256281407035176,8.0,0.8646816701021308,True,40.0,True,reset,1,105
388,24.0,2.5381622125202026,1.1901894009897196,0.0125,8.0,0.8646816701021308,True,-140.0,True,reset,1,105
389,4.0,2.587913456301297,1.193764142819161,0.012437810945273634,8.0,0.8646816701021308,True,-540.0,False,reset,1,105
390,10.0,2.5631609810537723,1.1972575021003717,0.012376237623762377,8.0,0.8646816701021308,True,0.0,True,reset,1,105
391,6.0,2.5877915229256936,1.2007957566062886,0.01231527093596059,8.0,0.8646816701021308,True,40.0,True,reset,1,105
392,4.0,2.6368111307688307,1.2044404656777672,0.012254901960784314,8.0,0.8646816701021308,True,60.0,True,reset,1,105
393,4.0,2.6855916185737088,1.208190215431934,0.012195121951219514,8.0,0.8646816701021308,True,60.0,True,reset,1,105
394,6.0,2.709863463233903,1.2119823195930501,0.012135922330097087,8.0,0.8646816701021308,True,40.0,True,reset,1,105
395,6.0,2.734018052605884,1.2158161627492536,0.012077294685990338,8.0,0.8646816701021308,True,40.0,True,reset,1,105
396,8.0,2.734018052605884,1.2196307403619588,0.01201923076923077,8.0,0.8646816701021308,True,20.0,True,reset,1,105
397,6.0,2.7579414975819603,1.2234861557935879,0.01196172248803828,8.0,0.8646816701021308,True,40.0,True,reset,1,105
398,14.0,2.6865129261533887,1.2271437227194875,0.011904761904761904,8.0,0.8646816701021308,True,-40.0,True,reset,1,105
399,4.0,2.7339062910822984,1.2309012353587963,0.011848341232227487,8.0,0.8646816701021308,True,-540.0,False,reset,1,105
0,16.0,0.6,0.8,0.05,8.0,0.8646816701021308,False,-6.0,True,reset,0,106
1,6.0,0.6980392156862745,0.7660130718954248,0.049019607843137254,8.0,0.8646816701021308,False,4.0,True,reset,0,106
2,16.0,0.31342383107088984,0.652865761689291,0.04807692307692308,8.0,0.8646816701021308,False,-66.0,False,reset,0,106
3,8.0,0.31342383107088984,0.5849773755656107,0.04716981132075472,8.0,0.8646816701021308,False,2.0,True,reset,0,106
4,6.0,0.40601642366348245,0.5551505502485893,0.046296296296296294,8.0,0.8646816701021308,False,4.0,True,reset,0,106
5,8.0,0.40601642366348245,0.5338456750221454,0.045454545454545456,8.0,0.8646816701021308,False,2.0,True,reset,0,106
6,10.0,0.31673070937776815,0.5067063043165982,0.044642857142857144,8.0,0.8646816701021308,False,0.0,True,reset,0,106
7,10.0,0.22901141113215412,0.4758513161849933,0.043859649122807015,8.0,0.8646816701021308,False,0.0,True,reset,0,106
8,6.0,0.31521830768387826,0.4597880153348818,0.04310344827586207,8.0,0.8646816701021308,False,4.0,True,reset,0,106
9,8.0,0.31521830768387826,0.44664531463933604,0.04237288135593221,8.0,0.8646816701021308,False,2.0,True,reset,0,106
10,10.0,0.23188497435054492,0.4287486196152701,0.04166666666666667,8.0,0.8646816701021308,False,0.0,True,reset,0,106
11,4.0,0.39581940058005316,0.42621560276640724,0.04098360655737705,8.0,0.8646816701021308,False,6.0,True,reset,0,106
12,12.0,0.23452907799940798,0.412523708140193,0.040322580645161296,8.0,0.8646816701021308,False,-2.0,True,reset,0,106
13,4.0,0.39325923672956675,0.4112394100461513,0.03968253968253969,8.0,0.8646816701021308,False,6.0,True,reset,0,106
14,16.0,0.08075923672956675,0.3905843992138648,0.0390625,8.0,0.8646816701021308,False,-6.0,True,reset,0,106
15,4.0,0.2346053905757206,0.381409163411621,0.038461538461538464,8.0,0.8646816701021308,False,6.0,True,reset,0,106
16,8.0,0.2346053905757206,0.37325339825407094,0.03787878787878788,8.0,0.8646816701021308,False,2.0,True,reset,0,106
17,6.0,0.3092322562473624,0.3698838644642442,0.03731343283582089,8.0,0.8646816701021308,False,-56.0,False,reset,0,106
18,10.0,0.2357028444826565,0.3631748134651648,0.03676470588235295,8.0,0.8646816701021308,False,0.0,True,reset,0,106
19,4.0,0.3806303807145406,0.3640060309532303,0.03623188405797102,8.0,0.8646816701021308,False,6.0,True,reset,0,106
20,8.0,0.3806303807145406,0.3647616832151081,0.03571428571428572,8.0,0.8646816701021308,False,2.0,True,reset,0,106
21,10.0,0.31020784550327296,0.362389777227637,0.035211267605633804,8.0,0.8646816701021308,False,0.0,True,reset,0,106
22,10.0,0.2407634010588285,0.3573220115539366,0.034722222222222224,8.0,0.8646816701021308,False,0.0,True,reset,0,106
23,6.0,0.30925655174376004,0.3553993931615295,0.03424657534246576,8.0,0.8646816701021308,False,4.0,True,reset,0,106
24,6.0,0.37682411931132764,0.3562234210903679,0.033783783783783786,8.0,0.8646816701021308,False,4.0,True,reset,0,106
25,6.0,0.4434907859779943,0.3594555457158356,0.03333333333333333,8.0,0.8646816701021308,False,4.0,True,reset,0,106
26,16.0,0.1803328912411522,0.35305830805602545,0.03289473684210526,8.0,0.8646816701021308,False,-6.0,True,reset,0,106
27,6.0,0.24526795617621716,0.34934139937051484,0.03246753246753247,8.0,0.8646816701021308,False,4.0,True,reset,0,106
28,6.0,0.30937052027878126,0.3480090367341237,0.032051282051282055,8.0,0.8646816701021308,False,4.0,True,reset,0,106
29,10.0,0.24607938103827492,0.3447209833245802,0.03164556962025317,8.0,0.8646816701021308,False,-60.0,False,reset,0,106
30,4.0,0.3710793810382749,0.34554468325313314,0.03125,8.0,0.8646816701021308,False,6.0,True,reset,0,106
31,8.0,0.3710793810382749,0.346318461973895,0.030864197530864196,8.0,0.8646816701021308,False,2.0,True,reset,0,106
32,12.0,0.2491281615260798,0.3434599237254299,0.03048780487804878,8.0,0.8646816701021308,False,-2.0,True,reset,0,106
33,4.0,0.3696100892369232,0.34420707131147255,0.030120481927710843,8.0,0.8646816701021308,False,-54.0,False,reset,0,106
34,12.0,0.2505624701893041,0.34160583239141235,0.02976190476190476,8.0,0.8646816701021308,False,-2.0,True,reset,0,106
35,4.0,0.36820952901283355,0.3423248512190183,0.029411764705882353,8.0,0.8646816701021308,False,6.0,True,reset,0,106
36,8.0,0.36820952901283355,0.34300602695043453,0.029069767441860468,8.0,0.8646816701021308,False,-58.0,False,reset,0,106
37,10.0,0.31073826464501747,0.3421786484297828,0.02873563218390805,8.0,0.8646816701021308,False,0.0,True,reset,0,106
38,20.0,0.0,0.3336241822190382,0.02840909090909091,8.0,0.8646816701021308,False,-10.0,True,reset,0,106
39,8.0,0.0,0.3254870070429641,0.02808988764044944,8.0,0.8646816701021308,False,-58.0,False,reset,0,106
40,8.0,0.0,0.31773731639908404,0.02777777777777778,8.0,0.8646816701021308,False,2.0,True,reset,0,106
41,10.0,0.0,0.31034807648282625,0.027472527472527472,8.0,0.8646816701021308,False,0.0,True,reset,0,106
42,6.0,0.05434782608695653,0.3045298889738292,0.027173913043478264,8.0,0.8646816701021308,False,4.0,True,reset,0,106
43,6.0,0.10811126694717159,0.30016503070657014,0.02688172043010753,8.0,0.8646816701021308,False,4.0,True,reset,0,106
44,6.0,0.16130275630887372,0.29714628561096806,0.026595744680851068,8.0,0.8646816701021308,False,4.0,True,reset,0,106
45,6.0,0.21393433525624214,0.2953758185821441,0.026315789473684213,8.0,0.8646816701021308,False,4.0,True,reset,0,106
46,6.0,0.2660176685895755,0.29476419045729896,0.026041666666666668,8.0,0.8646816701021308,False,4.0,True,reset,0,106
47,8.0,0.2660176685895755,0.2941775267457128,0.025773195876288662,8.0,0.8646816701021308,False,2.0,True,reset,0,106
48,8.0,0.2660176685895755,0.29361432958259004,0.025510204081632654,8.0,0.8646816701021308,False,-58.0,False,reset,0,106
49,4.0,0.36702776959967653,0.29505380879861137,0.025252525252525256,8.0,0.8646816701021308,False,6.0,True,reset,0,106
50,6.0,0.4170277695996765,0.2973994618909396,0.025,8.0,0.8646816701021308,False,4.0,True,reset,0,106
51,12.0,0.3180178686095775,0.29778848843280065,0.024752475247524754,8.0,0.8646816701021308,False,-2.0,True,reset,0,106
52,8.0,0.3180178686095775,0.29816310658422246,0.024509803921568627,8.0,0.8646816701021308,False,2.0,True,reset,0,106
53,6.0,0.3665615579299658,0.2994067147905087,0.024271844660194174,8.0,0.8646816701021308,False,-56.0,False,reset,0,106
54,6.0,0.4146384810068889,0.3014644249015155,0.02403846153846154,8.0,0.8646816701021308,False,4.0,True,reset,0,106
55,14.0,0.27178133814974603,0.3009436689935897,0.023809523809523808,8.0,0.8646816701021308,False,-4.0,True,reset,0,106
56,6.0,0.31895114947050074,0.30125414279491575,0.02358490566037736,8.0,0.8646816701021308,False,4.0,True,reset,0,106
57,6.0,0.36568012143311757,0.3023461085345463,0.02336448598130841,8.0,0.8646816701021308,False,4.0,True,reset,0,106
58,10.0,0.3193838251368213,0.30263007047791757,0.023148148148148147,8.0,0.8646816701021308,False,0.0,True,reset,0,106
59,8.0,0.3193838251368213,0.3029047221936373,0.022935779816513766,8.0,0.8646816701021308,False,2.0,True,reset,0,106
60,10.0,0.2739292796822758,0.30243737634667983,0.022727272727272728,8.0,0.8646816701021308,False,0.0,True,reset,0,106
61,12.0,0.1838391895921857,0.30055486544581483,0.022522522522522525,8.0,0.8646816701021308,False,-62.0,False,reset,0,106
62,10.0,0.13919633244932855,0.2980336383677447,0.022321428571428572,8.0,0.8646816701021308,False,-60.0,False,reset,0,106
63,4.0,0.22769190767056752,0.29695145789548044,0.022123893805309738,8.0,0.8646816701021308,False,6.0,True,reset,0,106
64,14.0,0.09611296030214647,0.2939084503561875,0.021929824561403508,8.0,0.8646816701021308,False,-4.0,True,reset,0,106
65,6.0,0.1395912211717117,0.2916052081295536,0.02173913043478261,8.0,0.8646816701021308,False,4.0,True,reset,0,106
66,4.0,0.22579811772343583,0.2906374568000518,0.021551724137931032,8.0,0.8646816701021308,False,6.0,True,reset,0,106
67,6.0,0.2685331604584786,0.2903171046791595,0.02136752136752137,8.0,0.8646816701021308,False,4.0,True,reset,0,106
68,4.0,0.353278923170343,0.2912165592290335,0.0211864406779661,8.0,0.8646816701021308,False,6.0,True,reset,0,106
69,10.0,0.3112621164476539,0.2914988910208451,0.02100840336134454,8.0,0.8646816701021308,False,0.0,True,reset,0,106
70,16.0,0.14459544978098723,0.28945856544806925,0.020833333333333332,8.0,0.8646816701021308,False,-6.0,True,reset,0,106
71,8.0,0.14459544978098723,0.28747413920605447,0.02066115702479339,8.0,0.8646816701021308,False,2.0,True,reset,0,106
72,4.0,0.22656266289574134,0.28665101114780694,0.020491803278688527,8.0,0.8646816701021308,False,-54.0,False,reset,0,106
73,4.0,0.3078634759038714,0.2869338440112212,0.020325203252032523,8.0,0.8646816701021308,False,6.0,True,reset,0,106
74,12.0,0.22721831461354883,0.2861481133612518,0.020161290322580648,8.0,0.8646816701021308,False,-2.0,True,reset,0,106
75,4.0,0.3072183146135488,0.2864217523385544,0.02,8.0,0.8646816701021308,False,6.0,True,reset,0,106
76,6.0,0.3469008542960885,0.287197125440574,0.019841269841269844,8.0,0.8646816701021308,False,4.0,True,reset,0,106
77,26.0,0.0,0.28356171878942754,0.01968503937007874,8.0,0.8646816701021308,False,-16.0,True,reset,0,106
78,6.0,0.0390625,0.28050547855455965,0.01953125,8.0,0.8646816701021308,False,4.0,True,reset,0,106
79,6.0,0.07782218992248062,0.27800321573194137,0.01937984496124031,8.0,0.8646816701021308,False,4.0,True,reset,0,106
80,12.0,0.0008991129994036923,0.2746238974059348,0.019230769230769232,8.0,0.8646816701021308,False,-2.0,True,reset,0,106
81,8.0,0.0008991129994036923,0.2713260084371814,0.019083969465648856,8.0,0.8646816701021308,False,2.0,True,reset,0,106
82,4.0,0.07665668875697945,0.26900851653622665,0.01893939393939394,8.0,0.8646816701021308,False,6.0,True,reset,0,106
83,6.0,0.11425067371938546,0.2671878360324991,0.018796992481203006,8.0,0.8646816701021308,False,4.0,True,reset,0,106
84,12.0,0.03962380804774367,0.2645417426838392,0.01865671641791045,8.0,0.8646816701021308,False,-2.0,True,reset,0,106
85,6.0,0.0766608450847807,0.26238219213672354,0.018518518518518517,8.0,0.8646816701021308,False,-56.0,False,reset,0,106
86,4.0,0.15019025684948661,0.26110728378118675,0.018382352941176475,8.0,0.8646816701021308,False,6.0,True,reset,0,106
87,4.0,0.22318295757941362,0.26068116775644773,0.01824817518248175,8.0,0.8646816701021308,False,6.0,True,reset,0,106
88,6.0,0.25941484163738465,0.26066709746623595,0.01811594202898551,8.0,0.8646816701021308,False,4.0,True,reset,0,106
89,8.0,0.25941484163738465,0.2606533364131716,0.017985611510791366,8.0,0.8646816701021308,False,2.0,True,reset,0,106
90,16.0,0.11655769878024178,0.2590870794823789,0.01785714285714286,8.0,0.8646816701021308,False,-6.0,True,reset,0,106
91,8.0,0.11655769878024178,0.2575545054963344,0.017730496453900707,8.0,0.8646816701021308,False,2.0,True,reset,0,106
92,4.0,0.18698023399150937,0.25680371537394264,0.017605633802816902,8.0,0.8646816701021308,False,6.0,True,reset,0,106
93,4.0,0.2569103039215793,0.2568048373586546,0.01748251748251748,8.0,0.8646816701021308,False,-54.0,False,reset,0,106
94,4.0,0.32635474836602374,0.2575293155983147,0.017361111111111112,8.0,0.8646816701021308,False,6.0,True,reset,0,106
95,14.0,0.2229064725039548,0.2571723790715687,0.017241379310344827,8.0,0.8646816701021308,False,-4.0,True,reset,0,106
96,6.0,0.25715304784642057,0.25717218181416923,0.01712328767123288,8.0,0.8646816701021308,False,4.0,True,reset,0,106
97,6.0,0.2911666532885974,0.25751556031391093,0.017006802721088437,8.0,0.8646816701021308,False,4.0,True,reset,0,106
98,8.0,0.2911666532885974,0.25785207124365783,0.016891891891891893,8.0,0.8646816701021308,False,2.0,True,reset,0,106
99,8.0,0.2911666532885974,0.25818191859063744,0.016778523489932886,8.0,0.8646816701021308,False,2.0,True,reset,0,106
100,6.0,0.32449998662193075,0.25883209572819915,0.016666666666666666,8.0,0.8646816701021308,False,4.0,True,reset,0,106
101,8.0,0.32449998662193075,0.2594696480669732,0.016556291390728478,8.0,0.8646816701021308,False,-58.0,False,reset,0,106
102,6.0,0.357394723464036,0.26041123533040655,0.01644736842105263,8.0,0.8646816701021308,False,4.0,True,reset,0,106
103,12.0,0.292035246339853,0.26071241638763937,0.016339869281045753,8.0,0.8646816701021308,False,-2.0,True,reset,0,106
104,8.0,0.292035246339853,0.26100791478341495,0.016233766233766236,8.0,0.8646816701021308,False,2.0,True,reset,0,106
105,8.0,0.292035246339853,0.2612978898446901,0.016129032258064516,8.0,0.8646816701021308,False,2.0,True,reset,0,106
106,6.0,0.32408652839113505,0.26187926612752754,0.016025641025641028,8.0,0.8646816701021308,False,4.0,True,reset,0,106
107,10.0,0.2922393946331733,0.2621577994165702,0.01592356687898089,8.0,0.8646816701021308,False,0.0,True,reset,0,106
108,8.0,0.2922393946331733,0.26243126846399384,0.015822784810126583,8.0,0.8646816701021308,False,2.0,True,reset,0,106
109,6.0,0.3236859355136764,0.2629831123112883,0.015723270440251572,8.0,0.8646816701021308,False,4.0,True,reset,0,106
110,10.0,0.2924359355136764,0.2632460839470239,0.015625,8.0,0.8646816701021308,False,0.0,True,reset,0,106
111,12.0,0.23032413427144038,0.26295473925962937,0.015527950310559006,8.0,0.8646816701021308,False,-2.0,True,reset,0,106
112,4.0,0.2920525293331688,0.2632099830322043,0.015432098765432098,8.0,0.8646816701021308,False,6.0,True,reset,0,106
113,8.0,0.2920525293331688,0.2634607877826475,0.015337423312883436,8.0,0.8646816701021308,False,2.0,True,reset,0,106
114,8.0,0.2920525293331688,0.2637072683132554,0.01524390243902439,8.0,0.8646816701021308,False,2.0,True,reset,0,106
115,10.0,0.26174949903013844,0.2636905352424595,0.015151515151515152,8.0,0.8646816701021308,False,0.0,True,reset,0,106
116,8.0,0.26174949903013844,0.2636740857830331,0.015060240963855423,8.0,0.8646816701021308,False,2.0,True,reset,0,106
117,4.0,0.32162973855109656,0.26416110807520166,0.014970059880239523,8.0,0.8646816701021308,False,6.0,True,reset,0,106
118,10.0,0.2918678337891918,0.26439199745615155,0.014880952380952382,8.0,0.8646816701021308,False,-60.0,False,reset,0,106
119,10.0,0.26228203497262376,0.26437455974967616,0.014792899408284025,8.0,0.8646816701021308,False,0.0,True,reset,0,106
120,12.0,0.20345850556085904,0.26387524783009564,0.014705882352941178,8.0,0.8646816701021308,False,-2.0,True,reset,0,106
121,4.0,0.2619380377246017,0.26385949815444126,0.014619883040935673,8.0,0.8646816701021308,False,-54.0,False,reset,0,106
122,4.0,0.32007757260832265,0.2643128697226177,0.014534883720930234,8.0,0.8646816701021308,False,6.0,True,reset,0,106
123,6.0,0.3489793067123689,0.26499020121853567,0.014450867052023123,8.0,0.8646816701021308,False,4.0,True,reset,0,106
124,16.0,0.23403677797673667,0.264744539129315,0.014367816091954025,8.0,0.8646816701021308,False,-6.0,True,reset,0,106
125,4.0,0.2911796351195938,0.2649526894914432,0.014285714285714287,8.0,0.8646816701021308,False,6.0,True,reset,0,106
126,18.0,0.14913418057413927,0.2640478573905267,0.014204545454545456,8.0,0.8646816701021308,False,-8.0,True,reset,0,106
127,6.0,0.17738276814476073,0.2633760349932727,0.014124293785310734,8.0,0.8646816701021308,False,4.0,True,reset,0,106
128,4.0,0.2335625434256596,0.2631467004427526,0.01404494382022472,8.0,0.8646816701021308,False,6.0,True,reset,0,106
129,10.0,0.20562958253180486,0.2627076384739668,0.013966480446927375,8.0,0.8646816701021308,False,-60.0,False,reset,0,106
130,4.0,0.26118513808736044,0.26269610438012886,0.01388888888888889,8.0,0.8646816701021308,False,6.0,True,reset,0,106
131,6.0,0.2888094474796256,0.262892445305689,0.013812154696132598,8.0,0.8646816701021308,False,4.0,True,reset,0,106
132,6.0,0.3162819749521531,0.26329087463140893,0.013736263736263736,8.0,0.8646816701021308,False,4.0,True,reset,0,106
133,12.0,0.2616371662089837,0.26327862493939097,0.01366120218579235,8.0,0.8646816701021308,False,-2.0,True,reset,0,106
134,4.0,0.31598499229594024,0.2636661717581891,0.01358695652173913,8.0,0.8646816701021308,False,6.0,True,reset,0,106
135,30.0,0.018687694998642923,0.2618780076942508,0.013513513513513514,8.0,0.8646816701021308,False,-20.0,True,reset,0,106
136,4.0,0.07245113585885798,0.26050534920269,0.013440860215053764,8.0,0.8646816701021308,False,6.0,True,reset,0,106
137,8.0,0.07245113585885798,0.2591524411930221,0.013368983957219251,8.0,0.8646816701021308,False,2.0,True,reset,0,106
138,4.0,0.1256426252205601,0.25819879965036163,0.013297872340425532,8.0,0.8646816701021308,False,6.0,True,reset,0,106
139,4.0,0.178552678130613,0.2576339335402925,0.013227513227513227,8.0,0.8646816701021308,False,6.0,True,reset,0,106
140,6.0,0.20486846760429722,0.25726234575201085,0.013157894736842105,8.0,0.8646816701021308,False,4.0,True,reset,0,106
141,6.0,0.2310464780755014,0.25707901800602123,0.013089005235602096,8.0,0.8646816701021308,False,4.0,True,reset,0,106
142,4.0,0.28312981140883475,0.2572599262935408,0.013020833333333334,8.0,0.8646816701021308,False,6.0,True,reset,0,106
143,14.0,0.20540960415494874,0.2569023378649988,0.01295336787564767,8.0,0.8646816701021308,False,-4.0,True,reset,0,106
144,4.0,0.25695599590752605,0.25690270538583804,0.012886597938144331,8.0,0.8646816701021308,False,6.0,True,reset,0,106
145,8.0,0.25695599590752605,0.2569030679063937,0.012820512820512822,8.0,0.8646816701021308,False,2.0,True,reset,0,106
146,4.0,0.30797640407079135,0.2572481580156126,0.012755102040816327,8.0,0.8646816701021308,False,6.0,True,reset,0,106
147,8.0,0.30797640407079135,0.25758861604282857,0.01269035532994924,8.0,0.8646816701021308,False,2.0,True,reset,0,106
148,20.0,0.1564612525556398,0.25691443361958066,0.012626262626262628,8.0,0.8646816701021308,False,-70.0,False,reset,0,106
149,6.0,0.18158688069634332,0.2564155756532016,0.01256281407035176,8.0,0.8646816701021308,False,4.0,True,reset,0,106
150,6.0,0.20658688069634332,0.2560877552916433,0.0125,8.0,0.8646816701021308,False,-56.0,False,reset,0,106
151,6.0,0.23146250258689058,0.25592680592755995,0.012437810945273634,8.0,0.8646816701021308,False,4.0,True,reset,0,106
152,4.0,0.2809674530819401,0.25608940753245857,0.012376237623762377,8.0,0.8646816701021308,False,-54.0,False,reset,0,106
153,6.0,0.3055979949538613,0.25640881777388697,0.01231527093596059,8.0,0.8646816701021308,False,4.0,True,reset,0,106
154,10.0,0.28108819103229266,0.2565670188845178,0.012254901960784314,8.0,0.8646816701021308,False,0.0,True,reset,0,106
155,16.0,0.18352721542253653,0.25610179720641596,0.012195121951219514,8.0,0.8646816701021308,False,-6.0,True,reset,0,106
156,6.0,0.2077990600827307,0.2557960836803167,0.012135922330097087,8.0,0.8646816701021308,False,4.0,True,reset,0,106
157,4.0,0.25610823882669204,0.255798046920231,0.012077294685990338,8.0,0.8646816701021308,False,-54.0,False,reset,0,106
158,4.0,0.3041851619036151,0.2561004663888772,0.01201923076923077,8.0,0.8646816701021308,False,6.0,True,reset,0,106
159,12.0,0.25633827195146197,0.25610194344206094,0.01196172248803828,8.0,0.8646816701021308,False,-2.0,True,reset,0,106
160,4.0,0.3039573195705096,0.2563973469984094,0.011904761904761904,8.0,0.8646816701021308,False,6.0,True,reset,0,106
161,12.0,0.25656395464159965,0.2563983691311897,0.011848341232227487,8.0,0.8646816701021308,False,-2.0,True,reset,0,106
162,4.0,0.30373376596235435,0.2566869995996724,0.01179245283018868,8.0,0.8646816701021308,False,-54.0,False,reset,0,106
163,12.0,0.2567854091548426,0.2566875960212189,0.011737089201877935,8.0,0.8646816701021308,False,-2.0,True,reset,0,106
164,4.0,0.30351438111745943,0.2569696850880637,0.011682242990654205,8.0,0.8646816701021308,False,6.0,True,reset,0,106
165,8.0,0.30351438111745943,0.25724839584273074,0.011627906976744184,8.0,0.8646816701021308,False,2.0,True,reset,0,106
166,12.0,0.25721808482116315,0.25724821541998333,0.011574074074074073,8.0,0.8646816701021308,False,-2.0,True,reset,0,106
167,4.0,0.30330103412991893,0.2575207173058409,0.01152073732718894,8.0,0.8646816701021308,False,6.0,True,reset,0,106
168,16.0,0.21155791486386388,0.2572503478797116,0.011467889908256883,8.0,0.8646816701021308,False,-6.0,True,reset,0,106
169,14.0,0.14306476417893238,0.25658259592824506,0.011415525114155252,8.0,0.8646816701021308,False,-64.0,False,reset,0,106
170,6.0,0.16579203690620511,0.25605474384090765,0.011363636363636364,8.0,0.8646816701021308,False,-56.0,False,reset,0,106
171,4.0,0.21104090568448566,0.2557945482446277,0.011312217194570137,8.0,0.8646816701021308,False,6.0,True,reset,0,106
172,4.0,0.2560859507295307,0.25579622297155247,0.011261261261261262,8.0,0.8646816701021308,False,6.0,True,reset,0,106
173,8.0,0.2560859507295307,0.25579787855874087,0.011210762331838566,8.0,0.8646816701021308,False,2.0,True,reset,0,106
174,4.0,0.30072880787238787,0.2560531679298412,0.011160714285714286,8.0,0.8646816701021308,False,6.0,True,reset,0,106
175,8.0,0.30072880787238787,0.25630557267527926,0.011111111111111112,8.0,0.8646816701021308,False,2.0,True,reset,0,106
176,8.0,0.30072880787238787,0.2565551414123417,0.011061946902654869,8.0,0.8646816701021308,False,2.0,True,reset,0,106
177,8.0,0.30072880787238787,0.25680192167189503,0.011013215859030838,8.0,0.8646816701021308,False,2.0,True,reset,0,106
178,6.0,0.3226586324337914,0.2571677922872389,0.010964912280701754,8.0,0.8646816701021308,False,-56.0,False,reset,0,106
179,8.0,0.3226586324337914,0.25752962013335245,0.01091703056768559,8.0,0.8646816701021308,False,2.0,True,reset,0,106
180,8.0,0.3226586324337914,0.25788747184928895,0.010869565217391306,8.0,0.8646816701021308,False,2.0,True,reset,0,106
181,8.0,0.3226586324337914,0.25824141261751027,0.010822510822510822,8.0,0.8646816701021308,False,2.0,True,reset,0,106
182,12.0,0.27955518415792935,0.25835724833240387,0.010775862068965516,8.0,0.8646816701021308,False,-2.0,True,reset,0,106
183,12.0,0.23663672922230702,0.25823984012099793,0.01072961373390558,8.0,0.8646816701021308,False,-2.0,True,reset,0,106
184,4.0,0.27937177195734975,0.2583534526577525,0.010683760683760686,8.0,0.8646816701021308,False,6.0,True,reset,0,106
185,6.0,0.3006483677020306,0.25857962867403206,0.010638297872340425,8.0,0.8646816701021308,False,4.0,True,reset,0,106
186,6.0,0.3218348083799967,0.2589160923958723,0.01059322033898305,8.0,0.8646816701021308,False,4.0,True,reset,0,106
187,6.0,0.3429318547934988,0.259360620239246,0.010548523206751054,8.0,0.8646816701021308,False,-56.0,False,reset,0,106
188,14.0,0.2799066447094652,0.25946875721014184,0.01050420168067227,8.0,0.8646816701021308,False,-4.0,True,reset,0,106
189,8.0,0.2799066447094652,0.25957576185673514,0.010460251046025104,8.0,0.8646816701021308,False,2.0,True,reset,0,106
190,6.0,0.3007399780427985,0.25979015881603756,0.010416666666666666,8.0,0.8646816701021308,False,4.0,True,reset,0,106
191,24.0,0.13476487430835868,0.2591423594144434,0.01037344398340249,8.0,0.8646816701021308,False,-14.0,True,reset,0,106
192,4.0,0.17608718835794546,0.25871423997600784,0.010330578512396695,8.0,0.8646816701021308,False,6.0,True,reset,0,106
193,6.0,0.19666332004518827,0.2583960301302088,0.010288065843621401,8.0,0.8646816701021308,False,4.0,True,reset,0,106
194,4.0,0.2376469266025653,0.2582901673571086,0.010245901639344263,8.0,0.8646816701021308,False,-54.0,False,reset,0,106
195,6.0,0.25805508986787146,0.25828897407036117,0.01020408163265306,8.0,0.8646816701021308,False,4.0,True,reset,0,106
196,6.0,0.278380293119904,0.2583904453786922,0.010162601626016262,8.0,0.8646816701021308,False,4.0,True,reset,0,106
197,10.0,0.25813737814014687,0.25838917368402614,0.010121457489878544,8.0,0.8646816701021308,False,0.0,True,reset,0,106
198,4.0,0.2984599587853082,0.2585895276095325,0.010080645161290324,8.0,0.8646816701021308,False,6.0,True,reset,0,106
199,10.0,0.2783796375001676,0.2586879858676949,0.010040160642570281,8.0,0.8646816701021308,False,0.0,True,reset,0,106
200,6.0,0.2983796375001676,0.25888447919260815,0.01,8.0,0.8646816701021308,True,40.0,True,reset,0,106
201,6.0,0.3182999562252672,0.25917716627158677,0.0099601593625498,8.0,0.8646816701021308,True,40.0,True,reset,0,106
202,4.0,0.3579824959078069,0.2596615061227447,0.009920634920634922,8.0,0.8646816701021308,True,60.0,True,reset,0,106
203,4.0,0.39750818760741163,0.2603339289592553,0.009881422924901186,8.0,0.8646816701021308,True,60.0,True,reset,0,106
204,6.0,0.4171932269774904,0.2610953818622564,0.00984251968503937,8.0,0.8646816701021308,True,40.0,True,reset,0,106
205,4.0,0.4564089132520002,0.2620389254921585,0.009803921568627453,8.0,0.8646816701021308,True,60.0,True,reset,0,106
206,6.0,0.4759401632520002,0.2630672968275424,0.009765625,8.0,0.8646816701021308,True,40.0,True,reset,0,106
207,6.0,0.49539541617028815,0.2641789146234407,0.00972762645914397,8.0,0.8646816701021308,True,40.0,True,reset,0,106
208,4.0,0.5341551060927687,0.2654645155351994,0.009689922480620155,8.0,0.8646816701021308,True,60.0,True,reset,0,106
209,4.0,0.5727651447028074,0.2669209166213018,0.009652509652509654,8.0,0.8646816701021308,True,-540.0,False,reset,0,106
210,6.0,0.5919959139335766,0.2684542892501333,0.009615384615384616,8.0,0.8646816701021308,True,-560.0,False,reset,0,106
211,4.0,0.7919959139335766,0.2709122311500556,0.05,8.0,0.8646816701021308,True,60.0,True,reset,1,106
212,4.0,0.9880743453061256,0.2742634559825606,0.049019607843137254,8.0,0.8646816701021308,True,60.0,True,reset,1,106
213,6.0,1.0842281914599718,0.2780307338219904,0.04807692307692308,8.0,0.8646816701021308,True,40.0,True,reset,1,106
214,4.0,1.2729074367429907,0.28263664448366166,0.04716981132075472,8.0,0.8646816701021308,True,60.0,True,reset,1,106
215,4.0,1.4580926219281758,0.2880534923059866,0.046296296296296294,8.0,0.8646816701021308,True,60.0,True,reset,1,106
216,6.0,1.5490017128372666,0.29383765845521265,0.045454545454545456,8.0,0.8646816701021308,True,40.0,True,reset,1,106
217,8.0,1.5490017128372666,0.299569001169286,0.044642857142857144,8.0,0.8646816701021308,True,20.0,True,reset,1,106
218,4.0,1.7244403093284948,0.30604568893364603,0.043859649122807015,8.0,0.8646816701021308,True,60.0,True,reset,1,106
219,8.0,1.7244403093284948,0.31246376413905264,0.04310344827586207,8.0,0.8646816701021308,True,20.0,True,reset,1,106
220,12.0,1.554948783904766,0.3180605435073666,0.04237288135593221,8.0,0.8646816701021308,True,-20.0,True,reset,1,106
221,6.0,1.6382821172380992,0.3239808196227511,0.04166666666666667,8.0,0.8646816701021308,True,40.0,True,reset,1,106
222,4.0,1.8022165434676074,0.33058008624705854,0.04098360655737705,8.0,0.8646816701021308,True,60.0,True,reset,1,106
223,4.0,1.9635068660482526,0.3378375386017305,0.040322580645161296,8.0,0.8646816701021308,True,-540.0,False,reset,1,106
224,6.0,2.042871945413332,0.34538193863187033,0.03968253968253969,8.0,0.8646816701021308,True,40.0,True,reset,1,106
225,4.0,2.199121945413332,0.3535481941683526,0.0390625,8.0,0.8646816701021308,True,60.0,True,reset,1,106
226,6.0,2.276045022336409,0.3619801978006686,0.038461538461538464,8.0,0.8646816701021308,True,40.0,True,reset,1,106
227,8.0,2.276045022336409,0.37033855947986394,0.03787878787878788,8.0,0.8646816701021308,True,20.0,True,reset,1,106
228,4.0,2.4252987536796926,0.37927316901986324,0.03731343283582089,8.0,0.8646816701021308,True,60.0,True,reset,1,106
229,4.0,2.5723575772091043,0.3887670409167863,0.03676470588235295,8.0,0.8646816701021308,True,-540.0,False,reset,1,106
230,4.0,2.7172851134409886,0.39880375674663204,0.03623188405797102,8.0,0.8646816701021308,True,60.0,True,reset,1,106
231,6.0,2.78871368486956,0.4090608809016661,0.03571428571428572,8.0,0.8646816701021308,True,40.0,True,reset,1,106
232,10.0,2.7182911496582927,0.41892938632370297,0.035211267605633804,8.0,0.8646816701021308,True,0.0,True,reset,1,106
233,6.0,2.7877355941027373,0.429009412739784,0.034722222222222224,8.0,0.8646816701021308,True,40.0,True,reset,1,106
234,8.0,2.7877355941027373,0.4390040152031864,0.03424657534246576,8.0,0.8646816701021308,True,20.0,True,reset,1,106
235,14.0,2.5850328914000347,0.4480589893643545,0.033783783783783786,8.0,0.8646816701021308,True,-40.0,True,reset,1,106
236,4.0,2.718366224733368,0.45759809539531676,0.03333333333333333,8.0,0.8646816701021308,True,60.0,True,reset,1,106
237,12.0,2.5867872773649467,0.46650683674247,0.03289473684210526,8.0,0.8646816701021308,True,-20.0,True,reset,1,106
238,6.0,2.651722342300012,0.47561190134895975,0.03246753246753247,8.0,0.8646816701021308,True,40.0,True,reset,1,106
239,6.0,2.715824906402576,0.4849073909964851,0.032051282051282055,8.0,0.8646816701021308,True,40.0,True,reset,1,106
240,6.0,2.7791160456430823,0.4943875920487438,0.03164556962025317,8.0,0.8646816701021308,True,40.0,True,reset,1,106
241,8.0,2.7791160456430823,0.5037897667548933,0.03125,8.0,0.8646816701021308,True,20.0,True,reset,1,106
242,6.0,2.8408444407048106,0.5133678596809176,0.030864197530864196,8.0,0.8646816701021308,True,40.0,True,reset,1,106
243,10.0,2.779868830948713,0.5226188840534391,0.03048780487804878,8.0,0.8646816701021308,True,0.0,True,reset,1,106
244,10.0,2.7196278670932914,0.5315498148788044,0.030120481927710843,8.0,0.8646816701021308,True,0.0,True,reset,1,106
245,8.0,2.7196278670932914,0.5404084304748145,0.02976190476190476,8.0,0.8646816701021308,True,20.0,True,reset,1,106
246,6.0,2.778451396505056,0.5494327972733235,0.029411764705882353,8.0,0.8646816701021308,True,40.0,True,reset,1,106
247,8.0,2.778451396505056,0.558384679197949,0.029069767441860468,8.0,0.8646816701021308,True,20.0,True,reset,1,106
248,10.0,2.7209801321372398,0.5670350610097061,0.02873563218390805,8.0,0.8646816701021308,True,0.0,True,reset,1,106
249,10.0,2.664161950319058,0.57539014821811,0.02840909090909091,8.0,0.8646816701021308,True,0.0,True,reset,1,106
250,10.0,2.6079821750381593,0.5834559895943799,0.02808988764044944,8.0,0.8646816701021308,True,-600.0,False,reset,1,106
251,8.0,2.6079821750381593,0.5914580693787428,0.02777777777777778,8.0,0.8646816701021308,True,20.0,True,reset,1,106
252,6.0,2.662927229983214,0.5996134597748234,0.027472527472527472,8.0,0.8646816701021308,True,40.0,True,reset,1,106
253,4.0,2.771622882157127,0.6081311437841657,0.027173913043478264,8.0,0.8646816701021308,True,60.0,True,reset,1,106
254,8.0,2.771622882157127,0.616582283387185,0.02688172043010753,8.0,0.8646816701021308,True,20.0,True,reset,1,106
255,16.0,2.5588569247103186,0.6241397722639287,0.026595744680851068,8.0,0.8646816701021308,True,-60.0,True,reset,1,106
256,8.0,2.5588569247103186,0.6316386759555813,0.026315789473684213,8.0,0.8646816701021308,True,20.0,True,reset,1,106
257,4.0,2.663023591376985,0.6394818609572085,0.026041666666666668,8.0,0.8646816701021308,True,60.0,True,reset,1,106
258,10.0,2.611477199624408,0.6470664584136208,0.025773195876288662,8.0,0.8646816701021308,True,0.0,True,reset,1,106
259,10.0,2.5604567914611427,0.6543974558582473,0.025510204081632654,8.0,0.8646816701021308,True,0.0,True,reset,1,106
260,4.0,2.661466892471244,0.6620580262269992,0.025252525252525256,8.0,0.8646816701021308,True,60.0,True,reset,1,106
261,6.0,2.7114668924712437,0.6698504553762168,0.025,8.0,0.8646816701021308,True,40.0,True,reset,1,106
262,6.0,2.7609718429662933,0.6777713697231489,0.024752475247524754,8.0,0.8646816701021308,True,40.0,True,reset,1,106
263,14.0,2.6139130194368816,0.6850775646277291,0.024509803921568627,8.0,0.8646816701021308,True,-40.0,True,reset,1,106
264,6.0,2.66245670875727,0.6925113208086672,0.024271844660194174,8.0,0.8646816701021308,True,-560.0,False,reset,1,106
265,8.0,2.66245670875727,0.699889393422707,0.02403846153846154,8.0,0.8646816701021308,True,20.0,True,reset,1,106
266,6.0,2.7100757563763174,0.7073900888068622,0.023809523809523808,8.0,0.8646816701021308,True,40.0,True,reset,1,106
267,6.0,2.757245567697072,0.7150103693975322,0.02358490566037736,8.0,0.8646816701021308,True,40.0,True,reset,1,106
268,6.0,2.803974539659689,0.7227472737318364,0.02336448598130841,8.0,0.8646816701021308,True,40.0,True,reset,1,106
269,10.0,2.757678243363393,0.7302562440994805,0.023148148148148147,8.0,0.8646816701021308,True,0.0,True,reset,1,106
270,8.0,2.757678243363393,0.7377100014497155,0.022935779816513766,8.0,0.8646816701021308,True,20.0,True,reset,1,106
271,6.0,2.8031327888179383,0.7452756526854966,0.022727272727272728,8.0,0.8646816701021308,True,40.0,True,reset,1,106
272,6.0,2.8481778338629833,0.7529504781642465,0.022522522522522525,8.0,0.8646816701021308,True,40.0,True,reset,1,106
273,6.0,2.8928206910058405,0.7607318243927614,0.022321428571428572,8.0,0.8646816701021308,True,40.0,True,reset,1,106
274,10.0,2.848572903395221,0.7682964659833501,0.022123893805309738,8.0,0.8646816701021308,True,0.0,True,reset,1,106
275,6.0,2.892432552518028,0.77596482730658,0.021929824561403508,8.0,0.8646816701021308,True,40.0,True,reset,1,106
276,10.0,2.8489542916484627,0.7834216239409032,0.02173913043478261,8.0,0.8646816701021308,True,0.0,True,reset,1,106
277,20.0,2.59033360199329,0.7898980109590121,0.021551724137931032,8.0,0.8646816701021308,True,-700.0,False,reset,1,106
278,4.0,2.6758036874633757,0.7966333883750991,0.02136752136752137,8.0,0.8646816701021308,True,60.0,True,reset,1,106
279,4.0,2.7605494501752403,0.8036224135060605,0.0211864406779661,8.0,0.8646816701021308,True,60.0,True,reset,1,106
280,10.0,2.7185326434525514,0.8104128753143813,0.02100840336134454,8.0,0.8646816701021308,True,0.0,True,reset,1,106
281,10.0,2.676865976785885,0.8170081159556234,0.020833333333333332,8.0,0.8646816701021308,True,0.0,True,reset,1,106
282,4.0,2.7595106048850586,0.8238479134518538,0.02066115702479339,8.0,0.8646816701021308,True,60.0,True,reset,1,106
283,6.0,2.8004942114424356,0.8307835144974348,0.020491803278688527,8.0,0.8646816701021308,True,40.0,True,reset,1,106
284,8.0,2.8004942114424356,0.8376706148364034,0.020325203252032523,8.0,0.8646816701021308,True,20.0,True,reset,1,106
285,8.0,2.8004942114424356,0.8445097214447868,0.020161290322580648,8.0,0.8646816701021308,True,20.0,True,reset,1,106
286,6.0,2.8404942114424356,0.8514402231461675,0.02,8.0,0.8646816701021308,True,40.0,True,reset,1,106
287,12.0,2.761129132077356,0.8580481432462754,0.019841269841269844,8.0,0.8646816701021308,True,-20.0,True,reset,1,106
288,10.0,2.7217590533371987,0.8644747325914165,0.01968503937007874,8.0,0.8646816701021308,True,0.0,True,reset,1,106
289,6.0,2.7608215533371987,0.8709913883328109,0.01953125,8.0,0.8646816701021308,True,40.0,True,reset,1,106
290,14.0,2.6445424835697566,0.8770651934534853,0.01937984496124031,8.0,0.8646816701021308,True,-40.0,True,reset,1,106
291,4.0,2.7214655604928337,0.8833600752522546,0.019230769230769232,8.0,0.8646816701021308,True,60.0,True,reset,1,106
292,10.0,2.683297621561536,0.8894823118043268,0.019083969465648856,8.0,0.8646816701021308,True,0.0,True,reset,1,106
293,6.0,2.721176409440324,0.8956914443386861,0.01893939393939394,8.0,0.8646816701021308,True,-560.0,False,reset,1,106
294,6.0,2.75877039440273,0.9019856299807945,0.018796992481203006,8.0,0.8646816701021308,True,40.0,True,reset,1,106
295,12.0,2.6841435287310884,0.9079861616264184,0.01865671641791045,8.0,0.8646816701021308,True,-20.0,True,reset,1,106
296,6.0,2.7211805657681256,0.9140707066067597,0.018518518518518517,8.0,0.8646816701021308,True,40.0,True,reset,1,106
297,6.0,2.7579452716504784,0.9202375111721234,0.018382352941176475,8.0,0.8646816701021308,True,40.0,True,reset,1,106
298,6.0,2.7944416220154418,0.9264848582082676,0.01824817518248175,8.0,0.8646816701021308,True,40.0,True,reset,1,106
299,8.0,2.7944416220154418,0.9326906946328762,0.01811594202898551,8.0,0.8646816701021308,True,20.0,True,reset,1,106
300,18.0,2.6145855069075283,0.938259882752991,0.017985611510791366,8.0,0.8646816701021308,True,-80.0,True,reset,1,106
301,10.0,2.5788712211932427,0.9436744416257311,0.01785714285714286,8.0,0.8646816701021308,True,0.0,True,reset,1,106
302,4.0,2.6497932070088455,0.9492866744065965,0.017730496453900707,8.0,0.8646816701021308,True,60.0,True,reset,1,106
303,8.0,2.6497932070088455,0.95486210566103,0.017605633802816902,8.0,0.8646816701021308,True,20.0,True,reset,1,106
304,4.0,2.7197232769389155,0.9606296258286048,0.01748251748251748,8.0,0.8646816701021308,True,60.0,True,reset,1,106
305,8.0,2.7197232769389155,0.9663595725748925,0.017361111111111112,8.0,0.8646816701021308,True,20.0,True,reset,1,106
306,6.0,2.754206035559605,0.9721642688832843,0.017241379310344827,8.0,0.8646816701021308,True,40.0,True,reset,1,106
307,8.0,2.754206035559605,0.9779313943417838,0.01712328767123288,8.0,0.8646816701021308,True,20.0,True,reset,1,106
308,8.0,2.754206035559605,0.9836613125392607,0.017006802721088437,8.0,0.8646816701021308,True,20.0,True,reset,1,106
309,6.0,2.7879898193433887,0.9894630119180521,0.016891891891891893,8.0,0.8646816701021308,True,40.0,True,reset,1,106
310,10.0,2.754432772363523,0.9951199662784543,0.016778523489932886,8.0,0.8646816701021308,True,0.0,True,reset,1,106
311,6.0,2.787766105696856,1.0008472702382576,0.016666666666666666,8.0,0.8646816701021308,True,40.0,True,reset,1,106
312,16.0,2.6553157745710285,1.0061162782138395,0.016556291390728478,8.0,0.8646816701021308,True,-60.0,True,reset,1,106
313,8.0,2.6553157745710285,1.011351832170529,0.01644736842105263,8.0,0.8646816701021308,True,-580.0,False,reset,1,106
314,6.0,2.68799551313312,1.0166576666039548,0.016339869281045753,8.0,0.8646816701021308,True,40.0,True,reset,1,106
315,6.0,2.720463045600652,1.0220324469793387,0.016233766233766236,8.0,0.8646816701021308,True,-560.0,False,reset,1,106
316,14.0,2.623688852052265,1.0270691023412033,0.016129032258064516,8.0,0.8646816701021308,True,-40.0,True,reset,1,106
317,6.0,2.655740134103547,1.0321746541649097,0.016025641025641028,8.0,0.8646816701021308,True,-560.0,False,reset,1,106
318,6.0,2.687587267861509,1.0373478185827116,0.01592356687898089,8.0,0.8646816701021308,True,40.0,True,reset,1,106
319,4.0,2.7508784071020154,1.0426859201045786,0.015822784810126583,8.0,0.8646816701021308,True,60.0,True,reset,1,106
320,10.0,2.719431866221512,1.0478932056515255,0.015723270440251572,8.0,0.8646816701021308,True,0.0,True,reset,1,106
321,6.0,2.750681866221512,1.0531649971703179,0.015625,8.0,0.8646816701021308,True,40.0,True,reset,1,106
322,6.0,2.78173776684263,1.058500098311282,0.015527950310559006,8.0,0.8646816701021308,True,40.0,True,reset,1,106
323,8.0,2.78173776684263,1.0638023680606092,0.015432098765432098,8.0,0.8646816701021308,True,20.0,True,reset,1,106
324,8.0,2.78173776684263,1.0690721085476707,0.015337423312883436,8.0,0.8646816701021308,True,20.0,True,reset,1,106
325,8.0,2.78173776684263,1.074309618206065,0.01524390243902439,8.0,0.8646816701021308,True,20.0,True,reset,1,106
326,8.0,2.78173776684263,1.079515191829957,0.015151515151515152,8.0,0.8646816701021308,True,20.0,True,reset,1,106
327,12.0,2.7214968029872084,1.0845060173957843,0.015060240963855423,8.0,0.8646816701021308,True,-20.0,True,reset,1,106
328,6.0,2.7514369227476876,1.089557323169578,0.014970059880239523,8.0,0.8646816701021308,True,40.0,True,reset,1,106
329,8.0,2.7514369227476876,1.0945781074583338,0.014880952380952382,8.0,0.8646816701021308,True,20.0,True,reset,1,106
330,10.0,2.7218511239311196,1.0994795322067459,0.014792899408284025,8.0,0.8646816701021308,True,0.0,True,reset,1,106
331,6.0,2.751262888637002,1.1044398425864164,0.014705882352941178,8.0,0.8646816701021308,True,40.0,True,reset,1,106
332,12.0,2.6927833564732593,1.1091953620890715,0.014619883040935673,8.0,0.8646816701021308,True,-20.0,True,reset,1,106
333,6.0,2.72185312391512,1.1140092658557166,0.014534883720930234,8.0,0.8646816701021308,True,40.0,True,reset,1,106
334,6.0,2.750754858019166,1.11888053249906,0.014450867052023123,8.0,0.8646816701021308,True,40.0,True,reset,1,106
335,14.0,2.664547961467442,1.1234670827333877,0.014367816091954025,8.0,0.8646816701021308,True,-40.0,True,reset,1,106
336,4.0,2.721690818610299,1.1281955553247396,0.014285714285714287,8.0,0.8646816701021308,True,60.0,True,reset,1,106
337,12.0,2.664872636792117,1.1327285260665312,0.014204545454545456,8.0,0.8646816701021308,True,-620.0,False,reset,1,106
338,6.0,2.6931212243627387,1.1373179163556377,0.014124293785310734,8.0,0.8646816701021308,True,40.0,True,reset,1,106
339,6.0,2.7212111120031883,1.1419627644367154,0.01404494382022472,8.0,0.8646816701021308,True,40.0,True,reset,1,106
340,6.0,2.749144072897043,1.146662124987769,0.013966480446927375,8.0,0.8646816701021308,True,40.0,True,reset,1,106
341,6.0,2.7769218506748206,1.1514150687944367,0.01388888888888889,8.0,0.8646816701021308,True,40.0,True,reset,1,106
342,6.0,2.8045461600670856,1.1562206824318573,0.013812154696132598,8.0,0.8646816701021308,True,40.0,True,reset,1,106
343,8.0,2.8045461600670856,1.1609984374394957,0.013736263736263736,8.0,0.8646816701021308,True,20.0,True,reset,1,106
344,8.0,2.8045461600670856,1.1657485753661652,0.01366120218579235,8.0,0.8646816701021308,True,20.0,True,reset,1,106
345,8.0,2.8045461600670856,1.1704713349762543,0.01358695652173913,8.0,0.8646816701021308,True,20.0,True,reset,1,106
346,8.0,2.8045461600670856,1.1751669522897337,0.013513513513513514,8.0,0.8646816701021308,True,20.0,True,reset,1,106
347,8.0,2.8045461600670856,1.179835660621474,0.013440860215053764,8.0,0.8646816701021308,True,-580.0,False,reset,1,106
348,16.0,2.6975942884093316,1.1841721138437251,0.013368983957219251,8.0,0.8646816701021308,True,-60.0,True,reset,1,106
349,4.0,2.750785777771034,1.1886354006355409,0.013297872340425532,8.0,0.8646816701021308,True,60.0,True,reset,1,106
350,6.0,2.7772408042260603,1.1931484841684683,0.013227513227513227,8.0,0.8646816701021308,True,40.0,True,reset,1,106
351,8.0,2.7772408042260603,1.1976359978230224,0.013157894736842105,8.0,0.8646816701021308,True,20.0,True,reset,1,106
352,12.0,2.724884783283652,1.2019502599288434,0.013089005235602096,8.0,0.8646816701021308,True,-20.0,True,reset,1,106
353,12.0,2.6728014499503185,1.2060935027176363,0.013020833333333334,8.0,0.8646816701021308,True,-20.0,True,reset,1,106
354,4.0,2.7246149214529094,1.2103590123208252,0.01295336787564767,8.0,0.8646816701021308,True,60.0,True,reset,1,106
355,10.0,2.698841725576621,1.2145284316856875,0.012886597938144331,8.0,0.8646816701021308,True,0.0,True,reset,1,106
356,4.0,2.750123776858672,1.2188178041582376,0.012820512820512822,8.0,0.8646816701021308,True,60.0,True,reset,1,106
357,8.0,2.750123776858672,1.223083280405314,0.012755102040816327,8.0,0.8646816701021308,True,20.0,True,reset,1,106
358,8.0,2.750123776858672,1.227325059562129,0.01269035532994924,8.0,0.8646816701021308,True,20.0,True,reset,1,106
359,6.0,2.775376302111197,1.2316132901509076,0.012626262626262628,8.0,0.8646816701021308,True,40.0,True,reset,1,106
360,10.0,2.7502506739704935,1.2358084210454368,0.01256281407035176,8.0,0.8646816701021308,True,0.0,True,reset,1,106
361,10.0,2.7252506739704936,1.2399115677477095,0.0125,8.0,0.8646816701021308,True,0.0,True,reset,1,106
362,6.0,2.750126295861041,1.2440605093084605,0.012437810945273634,8.0,0.8646816701021308,True,40.0,True,reset,1,106
363,10.0,2.725373820613516,1.248118901942173,0.012376237623762377,8.0,0.8646816701021308,True,0.0,True,reset,1,106
364,6.0,2.7500043624854373,1.2522224141294496,0.01231527093596059,8.0,0.8646816701021308,True,40.0,True,reset,1,106
365,8.0,2.7500043624854373,1.2563035638524904,0.012254901960784314,8.0,0.8646816701021308,True,20.0,True,reset,1,106
366,6.0,2.7743946063878764,1.2604288112506843,0.012195121951219514,8.0,0.8646816701021308,True,40.0,True,reset,1,106
367,6.0,2.7986664510480708,1.2645974769411923,0.012135922330097087,8.0,0.8646816701021308,True,40.0,True,reset,1,106
368,16.0,2.702048093560148,1.26848247860773,0.012077294685990338,8.0,0.8646816701021308,True,-60.0,True,reset,1,106
369,4.0,2.750125016637071,1.2724761242627955,0.01201923076923077,8.0,0.8646816701021308,True,60.0,True,reset,1,106
370,6.0,2.7740484616131473,1.276512609040619,0.01196172248803828,8.0,0.8646816701021308,True,-560.0,False,reset,1,106
371,14.0,2.7026198901845757,1.280335952957895,0.011904761904761904,8.0,0.8646816701021308,True,-40.0,True,reset,1,106
372,4.0,2.7500132551134855,1.2842655714128564,0.011848341232227487,8.0,0.8646816701021308,True,-540.0,False,reset,1,106
373,12.0,2.7028434437927307,1.2880484457392027,0.01179245283018868,8.0,0.8646816701021308,True,-20.0,True,reset,1,106
374,6.0,2.7263176221964867,1.2918736297191422,0.011737089201877935,8.0,0.8646816701021308,True,40.0,True,reset,1,106
375,12.0,2.6795886502338697,1.2955545714181205,0.011682242990654205,8.0,0.8646816701021308,True,-20.0,True,reset,1,106
376,4.0,2.7261002781408465,1.2993390838697678,0.011627906976744184,8.0,0.8646816701021308,True,60.0,True,reset,1,106
377,6.0,2.749248426288995,1.3031647021874966,0.011574074074074073,8.0,0.8646816701021308,True,40.0,True,reset,1,106
378,6.0,2.7722899009433726,1.307030821131591,0.01152073732718894,8.0,0.8646816701021308,True,40.0,True,reset,1,106
379,6.0,2.7952256807598865,1.3109368443852085,0.011467889908256883,8.0,0.8646816701021308,True,40.0,True,reset,1,106
380,6.0,2.818056730988197,1.3148821844024938,0.011415525114155252,8.0,0.8646816701021308,True,40.0,True,reset,1,106
381,8.0,2.818056730988197,1.3188069221220386,0.011363636363636364,8.0,0.8646816701021308,True,20.0,True,reset,1,106
382,6.0,2.840681165377337,1.3227701362971829,0.011312217194570137,8.0,0.8646816701021308,True,40.0,True,reset,1,106
383,12.0,2.795636120332292,1.3265957622297415,0.011261261261261262,8.0,0.8646816701021308,True,-20.0,True,reset,1,106
384,6.0,2.818057644995969,1.3304596531177368,0.011210762331838566,8.0,0.8646816701021308,True,40.0,True,reset,1,106
385,8.0,2.818057644995969,1.3343035755773707,0.011160714285714286,8.0,0.8646816701021308,True,20.0,True,reset,1,106
386,8.0,2.818057644995969,1.3381276840037073,0.011111111111111112,8.0,0.8646816701021308,True,20.0,True,reset,1,106
387,6.0,2.840181538801279,1.3419890049671972,0.011061946902654869,8.0,0.8646816701021308,True,40.0,True,reset,1,106
388,16.0,2.7520758119290325,1.345604612164535,0.011013215859030838,8.0,0.8646816701021308,True,-60.0,True,reset,1,106
389,14.0,2.686286338244822,1.349033465683922,0.010964912280701754,8.0,0.8646816701021308,True,-40.0,True,reset,1,106
390,8.0,2.686286338244822,1.3524448250527,0.01091703056768559,8.0,0.8646816701021308,True,20.0,True,reset,1,106
391,8.0,2.686286338244822,1.355838823814003,0.010869565217391306,8.0,0.8646816701021308,True,20.0,True,reset,1,106
392,6.0,2.7079313598898436,1.359270530758358,0.010822510822510822,8.0,0.8646816701021308,True,40.0,True,reset,1,106
393,8.0,2.7079313598898436,1.3626848619713487,0.010775862068965516,8.0,0.8646816701021308,True,20.0,True,reset,1,106
394,12.0,2.6650129049542213,1.3659735691505985,0.01072961373390558,8.0,0.8646816701021308,True,-20.0,True,reset,1,106
395,4.0,2.707747947689264,1.3693533534794113,0.010683760683760686,8.0,0.8646816701021308,True,60.0,True,reset,1,106
396,4.0,2.7503011391786254,1.372823071533932,0.010638297872340425,8.0,0.8646816701021308,True,60.0,True,reset,1,106
397,6.0,2.7714875798565917,1.376328496366821,0.01059322033898305,8.0,0.8646816701021308,True,40.0,True,reset,1,106
398,10.0,2.7503905334430896,1.3797636514595117,0.010548523206751054,8.0,0.8646816701021308,True,0.0,True,reset,1,106
399,10.0,2.729382130081745,1.3831292835757767,0.01050420168067227,8.0,0.8646816701021308,True,0.0,True,reset,1,106
0,10.0,0.9,0.95,0.05,8.0,0.8646816701021308,False,0.0,True,reset,0,107
1,12.0,0.703921568627451,0.8679738562091504,0.049019607843137254,8.0,0.8646816701021308,False,-2.0,True,reset,0,107
2,12.0,0.5116138763197587,0.7788838612368024,0.04807692307692308,8.0,0.8646816701021308,False,-2.0,True,reset,0,107
3,10.0,0.41727425367824933,0.7065619397250918,0.04716981132075472,8.0,0.8646816701021308,False,0.0,True,reset,0,107
4,14.0,0.13949647590047154,0.6120510290876551,0.046296296296296294,8.0,0.8646816701021308,False,-4.0,True,reset,0,107
5,10.0,0.04858738499138063,0.5315562227881873,0.045454545454545456,8.0,0.8646816701021308,False,0.0,True,reset,0,107
6,4.0,0.2271588135628092,0.49350654663501503,0.044642857142857144,8.0,0.8646816701021308,False,6.0,True,reset,0,107
7,10.0,0.13943951531719517,0.45416576537747955,0.043859649122807015,8.0,0.8646816701021308,False,0.0,True,reset,0,107
8,10.0,0.05323261876547103,0.4140724507162787,0.04310344827586207,8.0,0.8646816701021308,False,-60.0,False,reset,0,107
9,8.0,0.05323261876547103,0.38126882962984165,0.04237288135593221,8.0,0.8646816701021308,False,2.0,True,reset,0,107
10,6.0,0.13656595209880437,0.3608769231689219,0.04166666666666667,8.0,0.8646816701021308,False,4.0,True,reset,0,107
11,4.0,0.30050037832831256,0.35623257356579807,0.04098360655737705,8.0,0.8646816701021308,False,6.0,True,reset,0,107
12,6.0,0.3811455396186352,0.3580120711410007,0.040322580645161296,8.0,0.8646816701021308,False,4.0,True,reset,0,107
13,12.0,0.22241538088847643,0.3489722917908324,0.03968253968253969,8.0,0.8646816701021308,False,-2.0,True,reset,0,107
14,4.0,0.37866538088847645,0.35082810985943513,0.0390625,8.0,0.8646816701021308,False,6.0,True,reset,0,107
15,6.0,0.4555884578115534,0.3569904832683833,0.038461538461538464,8.0,0.8646816701021308,False,4.0,True,reset,0,107
16,8.0,0.4555884578115534,0.36246814852078163,0.03787878787878788,8.0,0.8646816701021308,False,2.0,True,reset,0,107
17,10.0,0.3809615921399116,0.36344148765863055,0.03731343283582089,8.0,0.8646816701021308,False,0.0,True,reset,0,107
18,18.0,0.013314533316382104,0.34593513994151814,0.03676470588235295,8.0,0.8646816701021308,False,-8.0,True,reset,0,107
19,4.0,0.1582420695482662,0.33699737468469665,0.03623188405797102,8.0,0.8646816701021308,False,-54.0,False,reset,0,107
20,4.0,0.30109921240540904,0.3353656400356381,0.03571428571428572,8.0,0.8646816701021308,False,-54.0,False,reset,0,107
21,8.0,0.30109921240540904,0.33387579535606293,0.035211267605633804,8.0,0.8646816701021308,False,2.0,True,reset,0,107
22,16.0,0.023321434627631255,0.3209360303257116,0.034722222222222224,8.0,0.8646816701021308,False,-6.0,True,reset,0,107
23,4.0,0.1603077359974943,0.3145108985525829,0.03424657534246576,8.0,0.8646816701021308,False,6.0,True,reset,0,107
24,4.0,0.29544287113262946,0.3137775128825847,0.033783783783783786,8.0,0.8646816701021308,False,6.0,True,reset,0,107
25,16.0,0.028776204465962796,0.3032219088671543,0.03333333333333333,8.0,0.8646816701021308,False,-66.0,False,reset,0,107
26,6.0,0.09456567815017332,0.2957699006272621,0.03289473684210526,8.0,0.8646816701021308,False,4.0,True,reset,0,107
27,8.0,0.09456567815017332,0.28883182399012114,0.03246753246753247,8.0,0.8646816701021308,False,2.0,True,reset,0,107
28,4.0,0.22277080635530155,0.28662979006896044,0.032051282051282055,8.0,0.8646816701021308,False,6.0,True,reset,0,107
29,6.0,0.2860619455958079,0.2866114725053104,0.03164556962025317,8.0,0.8646816701021308,False,4.0,True,reset,0,107
30,16.0,0.03606194559580789,0.27878179978938844,0.03125,8.0,0.8646816701021308,False,-6.0,True,reset,0,107
31,4.0,0.15951873571926467,0.27516776754483924,0.030864197530864196,8.0,0.8646816701021308,False,-54.0,False,reset,0,107
32,4.0,0.2814699552314598,0.2753531260062104,0.03048780487804878,8.0,0.8646816701021308,False,6.0,True,reset,0,107
33,10.0,0.2212289913760381,0.2738067221596341,0.030120481927710843,8.0,0.8646816701021308,False,0.0,True,reset,0,107
34,4.0,0.34027661042365714,0.27565310794474585,0.02976190476190476,8.0,0.8646816701021308,False,6.0,True,reset,0,107
35,6.0,0.39910013983542186,0.2789895142120614,0.029411764705882353,8.0,0.8646816701021308,False,4.0,True,reset,0,107
36,20.0,0.05026293053309622,0.2729703935889307,0.029069767441860468,8.0,0.8646816701021308,False,-10.0,True,reset,0,107
37,8.0,0.05026293053309622,0.2672599458182683,0.02873563218390805,8.0,0.8646816701021308,False,2.0,True,reset,0,107
38,6.0,0.10708111235127804,0.2632554749815935,0.02840909090909091,8.0,0.8646816701021308,False,4.0,True,reset,0,107
39,4.0,0.2194406629130758,0.2621868210287029,0.02808988764044944,8.0,0.8646816701021308,False,6.0,True,reset,0,107
40,6.0,0.27499621846863137,0.2624918066820345,0.02777777777777778,8.0,0.8646816701021308,False,4.0,True,reset,0,107
41,8.0,0.27499621846863137,0.2627826069561414,0.027472527472527472,8.0,0.8646816701021308,False,2.0,True,reset,0,107
42,10.0,0.22064839238167483,0.26182501117035806,0.027173913043478264,8.0,0.8646816701021308,False,0.0,True,reset,0,107
43,8.0,0.22064839238167483,0.2609099751972762,0.02688172043010753,8.0,0.8646816701021308,False,2.0,True,reset,0,107
44,4.0,0.32703137110507907,0.26234739684744585,0.026595744680851068,8.0,0.8646816701021308,False,6.0,True,reset,0,107
45,6.0,0.3796629500524475,0.26484347244755224,0.026315789473684213,8.0,0.8646816701021308,False,4.0,True,reset,0,107
46,14.0,0.2234129500524475,0.2639803365643209,0.026041666666666668,8.0,0.8646816701021308,False,-4.0,True,reset,0,107
47,8.0,0.2234129500524475,0.2631524307171398,0.025773195876288662,8.0,0.8646816701021308,False,2.0,True,reset,0,107
48,4.0,0.3254537663789781,0.26439845743037654,0.025510204081632654,8.0,0.8646816701021308,False,6.0,True,reset,0,107
49,12.0,0.22444366536887708,0.26361503013505305,0.025252525252525256,8.0,0.8646816701021308,False,-2.0,True,reset,0,107
50,4.0,0.3244436653688771,0.26478481158185735,0.025,8.0,0.8646816701021308,False,6.0,True,reset,0,107
51,8.0,0.3244436653688771,0.26591045033255584,0.024752475247524754,8.0,0.8646816701021308,False,2.0,True,reset,0,107
52,8.0,0.3244436653688771,0.26699439875915437,0.024509803921568627,8.0,0.8646816701021308,False,2.0,True,reset,0,107
53,8.0,0.3244436653688771,0.2680389308793311,0.024271844660194174,8.0,0.8646816701021308,False,2.0,True,reset,0,107
54,12.0,0.22828981921503094,0.2673291253138972,0.02403846153846154,8.0,0.8646816701021308,False,-2.0,True,reset,0,107
55,4.0,0.3235279144531262,0.2683150689830065,0.023809523809523808,8.0,0.8646816701021308,False,6.0,True,reset,0,107
56,6.0,0.3706977257738809,0.2700802872035388,0.02358490566037736,8.0,0.8646816701021308,False,4.0,True,reset,0,107
57,8.0,0.3706977257738809,0.27178566751829036,0.02336448598130841,8.0,0.8646816701021308,False,-58.0,False,reset,0,107
58,10.0,0.3244014294775846,0.27266259688427863,0.023148148148148147,8.0,0.8646816701021308,False,0.0,True,reset,0,107
59,12.0,0.23265831021152955,0.27200678890603686,0.022935779816513766,8.0,0.8646816701021308,False,-2.0,True,reset,0,107
60,12.0,0.14174921930243864,0.26990586036404335,0.022727272727272728,8.0,0.8646816701021308,False,-62.0,False,reset,0,107
61,4.0,0.23183930939252873,0.2693016293962416,0.022522522522522525,8.0,0.8646816701021308,False,6.0,True,reset,0,107
62,8.0,0.23183930939252873,0.2687162806461836,0.022321428571428572,8.0,0.8646816701021308,False,2.0,True,reset,0,107
63,10.0,0.18759152178190924,0.267468207432887,0.022123893805309738,8.0,0.8646816701021308,False,-60.0,False,reset,0,107
64,4.0,0.2753108200275233,0.26758703489644214,0.021929824561403508,8.0,0.8646816701021308,False,6.0,True,reset,0,107
65,12.0,0.18835429828839284,0.266404456738113,0.02173913043478261,8.0,0.8646816701021308,False,-2.0,True,reset,0,107
66,6.0,0.2314577465642549,0.265890534529674,0.021551724137931032,8.0,0.8646816701021308,False,4.0,True,reset,0,107
67,4.0,0.3169278320343404,0.2666302055080025,0.02136752136752137,8.0,0.8646816701021308,False,-54.0,False,reset,0,107
68,12.0,0.23218206932247598,0.2661380892767807,0.0211864406779661,8.0,0.8646816701021308,False,-2.0,True,reset,0,107
69,6.0,0.2741988760451651,0.2662516214847861,0.02100840336134454,8.0,0.8646816701021308,False,4.0,True,reset,0,107
70,8.0,0.2741988760451651,0.26636200002034693,0.020833333333333332,8.0,0.8646816701021308,False,2.0,True,reset,0,107
71,6.0,0.3155211900947519,0.26703541358301003,0.02066115702479339,8.0,0.8646816701021308,False,4.0,True,reset,0,107
72,10.0,0.27453758353737484,0.26713679425806897,0.020491803278688527,8.0,0.8646816701021308,False,0.0,True,reset,0,107
73,8.0,0.27453758353737484,0.2672354714484597,0.020325203252032523,8.0,0.8646816701021308,False,2.0,True,reset,0,107
74,6.0,0.31486016418253615,0.26786211214232913,0.020161290322580648,8.0,0.8646816701021308,False,4.0,True,reset,0,107
75,6.0,0.35486016418253613,0.2689919569740202,0.02,8.0,0.8646816701021308,False,4.0,True,reset,0,107
76,18.0,0.1564474657698377,0.26754907888165885,0.019841269841269844,8.0,0.8646816701021308,False,-8.0,True,reset,0,107
77,6.0,0.19581754450999517,0.26664108477568843,0.01968503937007874,8.0,0.8646816701021308,False,4.0,True,reset,0,107
78,6.0,0.23488004450999517,0.26624407177236725,0.01953125,8.0,0.8646816701021308,False,4.0,True,reset,0,107
79,6.0,0.2736397344324758,0.26633537624965253,0.01937984496124031,8.0,0.8646816701021308,False,4.0,True,reset,0,107
80,10.0,0.23517819597093734,0.26595541063649747,0.019230769230769232,8.0,0.8646816701021308,False,0.0,True,reset,0,107
81,4.0,0.31151407383353275,0.2665043101930883,0.019083969465648856,8.0,0.8646816701021308,False,6.0,True,reset,0,107
82,10.0,0.27363528595474484,0.26658920276167947,0.01893939393939394,8.0,0.8646816701021308,False,0.0,True,reset,0,107
83,14.0,0.1608533310675268,0.26534525132998354,0.018796992481203006,8.0,0.8646816701021308,False,-4.0,True,reset,0,107
84,6.0,0.1981667639033477,0.26456410612734826,0.01865671641791045,8.0,0.8646816701021308,False,4.0,True,reset,0,107
85,8.0,0.1981667639033477,0.2638009182856931,0.018518518518518517,8.0,0.8646816701021308,False,2.0,True,reset,0,107
86,8.0,0.1981667639033477,0.26305507562225733,0.018382352941176475,8.0,0.8646816701021308,False,-58.0,False,reset,0,107
87,8.0,0.1981667639033477,0.2623259934681123,0.01824817518248175,8.0,0.8646816701021308,False,2.0,True,reset,0,107
88,4.0,0.27063053201928977,0.2624182661186809,0.01811594202898551,8.0,0.8646816701021308,False,6.0,True,reset,0,107
89,6.0,0.3066017550408725,0.26290379896397975,0.017985611510791366,8.0,0.8646816701021308,False,4.0,True,reset,0,107
90,16.0,0.16374461218372963,0.26182598171636834,0.01785714285714286,8.0,0.8646816701021308,False,-6.0,True,reset,0,107
91,6.0,0.19920560509153104,0.2611526443333056,0.017730496453900707,8.0,0.8646816701021308,False,4.0,True,reset,0,107
92,6.0,0.23441687269716485,0.26086822123079345,0.017605633802816902,8.0,0.8646816701021308,False,4.0,True,reset,0,107
93,6.0,0.2693819076621998,0.26095783898270297,0.01748251748251748,8.0,0.8646816701021308,False,4.0,True,reset,0,107
94,4.0,0.33882635210664425,0.261768969327744,0.017361111111111112,8.0,0.8646816701021308,False,6.0,True,reset,0,107
95,8.0,0.33882635210664425,0.26256337533577395,0.017241379310344827,8.0,0.8646816701021308,False,2.0,True,reset,0,107
96,6.0,0.37307292744911,0.2636910238267264,0.01712328767123288,8.0,0.8646816701021308,False,4.0,True,reset,0,107
97,14.0,0.2710321111225794,0.26376517622365414,0.017006802721088437,8.0,0.8646816701021308,False,-4.0,True,reset,0,107
98,6.0,0.3048158949063632,0.26417568341048125,0.016891891891891893,8.0,0.8646816701021308,False,4.0,True,reset,0,107
99,8.0,0.3048158949063632,0.2645780617421236,0.016778523489932886,8.0,0.8646816701021308,False,2.0,True,reset,0,107
100,6.0,0.3381492282396965,0.26529934768817826,0.016666666666666666,8.0,0.8646816701021308,False,4.0,True,reset,0,107
101,12.0,0.2719240626767826,0.26536366530942684,0.016556291390728478,8.0,0.8646816701021308,False,-2.0,True,reset,0,107
102,10.0,0.23902932583467734,0.26511045050678506,0.01644736842105263,8.0,0.8646816701021308,False,0.0,True,reset,0,107
103,4.0,0.30438880295886034,0.2654845300539477,0.016339869281045753,8.0,0.8646816701021308,False,6.0,True,reset,0,107
104,16.0,0.17451867308873045,0.26462636159201164,0.016233766233766236,8.0,0.8646816701021308,False,-6.0,True,reset,0,107
105,6.0,0.20677673760485948,0.26408571090054295,0.016129032258064516,8.0,0.8646816701021308,False,4.0,True,reset,0,107
106,4.0,0.2708793017074236,0.2641486145191252,0.016025641025641028,8.0,0.8646816701021308,False,6.0,True,reset,0,107
107,4.0,0.33457356922334713,0.26479471502099877,0.01592356687898089,8.0,0.8646816701021308,False,6.0,True,reset,0,107
108,10.0,0.30292799960309397,0.26514138124447234,0.015822784810126583,8.0,0.8646816701021308,False,0.0,True,reset,0,107
109,22.0,0.08280221343957195,0.26349868603902277,0.015723270440251572,8.0,0.8646816701021308,False,-12.0,True,reset,0,107
110,4.0,0.14530221343957195,0.2624433603908134,0.015625,8.0,0.8646816701021308,False,6.0,True,reset,0,107
111,6.0,0.17635811406068996,0.26168154405160876,0.015527950310559006,8.0,0.8646816701021308,False,4.0,True,reset,0,107
112,4.0,0.23808650912241835,0.26147457006100183,0.015432098765432098,8.0,0.8646816701021308,False,6.0,True,reset,0,107
113,8.0,0.23808650912241835,0.2612711956180576,0.015337423312883436,8.0,0.8646816701021308,False,2.0,True,reset,0,107
114,6.0,0.26857431400046716,0.2613341535351474,0.01524390243902439,8.0,0.8646816701021308,False,4.0,True,reset,0,107
115,4.0,0.32918037460652777,0.26191403576652666,0.015151515151515152,8.0,0.8646816701021308,False,6.0,True,reset,0,107
116,8.0,0.32918037460652777,0.2624840894855097,0.015060240963855423,8.0,0.8646816701021308,False,2.0,True,reset,0,107
117,6.0,0.3591204943670068,0.26329616011476603,0.014970059880239523,8.0,0.8646816701021308,False,4.0,True,reset,0,107
118,8.0,0.3591204943670068,0.2640946962335347,0.014880952380952382,8.0,0.8646816701021308,False,2.0,True,reset,0,107
119,8.0,0.3591204943670068,0.2648800334081915,0.014792899408284025,8.0,0.8646816701021308,False,2.0,True,reset,0,107
120,8.0,0.3591204943670068,0.26565249620293585,0.014705882352941178,8.0,0.8646816701021308,False,2.0,True,reset,0,107
121,22.0,0.1544421317939074,0.2647483468987974,0.014619883040935673,8.0,0.8646816701021308,False,-12.0,True,reset,0,107
122,6.0,0.18351189923576786,0.2640932142563536,0.014534883720930234,8.0,0.8646816701021308,False,4.0,True,reset,0,107
123,6.0,0.2124136333398141,0.2636797776090213,0.014450867052023123,8.0,0.8646816701021308,False,-56.0,False,reset,0,107
124,6.0,0.24114926552372215,0.2635009640210427,0.014367816091954025,8.0,0.8646816701021308,False,4.0,True,reset,0,107
125,4.0,0.2982921226665793,0.26377491015210996,0.014285714285714287,8.0,0.8646816701021308,False,6.0,True,reset,0,107
126,8.0,0.2982921226665793,0.2640445758748793,0.014204545454545456,8.0,0.8646816701021308,False,2.0,True,reset,0,107
127,12.0,0.24179494752533634,0.26387209813573553,0.014124293785310734,8.0,0.8646816701021308,False,-2.0,True,reset,0,107
128,4.0,0.2979747228062352,0.26413442601781634,0.01404494382022472,8.0,0.8646816701021308,False,-54.0,False,reset,0,107
129,10.0,0.27004176191238044,0.2641795201849504,0.013966480446927375,8.0,0.8646816701021308,False,0.0,True,reset,0,107
130,8.0,0.27004176191238044,0.2642239311071279,0.01388888888888889,8.0,0.8646816701021308,False,2.0,True,reset,0,107
131,4.0,0.32529038069691085,0.2646830773446451,0.013812154696132598,8.0,0.8646816701021308,False,-54.0,False,reset,0,107
132,8.0,0.32529038069691085,0.2651353706532441,0.013736263736263736,8.0,0.8646816701021308,False,2.0,True,reset,0,107
133,10.0,0.2979679763253262,0.265378575139704,0.01366120218579235,8.0,0.8646816701021308,False,0.0,True,reset,0,107
134,6.0,0.32514188936880445,0.26581801127374144,0.01358695652173913,8.0,0.8646816701021308,False,4.0,True,reset,0,107
135,6.0,0.3521689163958315,0.26644830985127493,0.013513513513513514,8.0,0.8646816701021308,False,4.0,True,reset,0,107
136,12.0,0.2984054755356164,0.26667988351565425,0.013440860215053764,8.0,0.8646816701021308,False,-2.0,True,reset,0,107
137,6.0,0.3251434434500549,0.2671004846662614,0.013368983957219251,8.0,0.8646816701021308,False,4.0,True,reset,0,107
138,8.0,0.3251434434500549,0.2675150772290028,0.013297872340425532,8.0,0.8646816701021308,False,-58.0,False,reset,0,107
139,14.0,0.24577836408497555,0.26736091614287494,0.013227513227513227,8.0,0.8646816701021308,False,-4.0,True,reset,0,107
140,16.0,0.14051520619023872,0.2664676364953212,0.013157894736842105,8.0,0.8646816701021308,False,-6.0,True,reset,0,107
141,6.0,0.1666932166614429,0.2657699132796996,0.013089005235602096,8.0,0.8646816701021308,False,4.0,True,reset,0,107
142,6.0,0.19273488332810956,0.26526272557170244,0.013020833333333334,8.0,0.8646816701021308,False,4.0,True,reset,0,107
143,4.0,0.24454835483070025,0.26511986784245417,0.01295336787564767,8.0,0.8646816701021308,False,6.0,True,reset,0,107
144,4.0,0.29609474658327756,0.26533202454615845,0.012886597938144331,8.0,0.8646816701021308,False,6.0,True,reset,0,107
145,8.0,0.29609474658327756,0.26554129476409805,0.012820512820512822,8.0,0.8646816701021308,False,2.0,True,reset,0,107
146,10.0,0.2705845425016449,0.2655753707623247,0.012755102040816327,8.0,0.8646816701021308,False,0.0,True,reset,0,107
147,6.0,0.2959652531615434,0.26577932970460133,0.01269035532994924,8.0,0.8646816701021308,False,4.0,True,reset,0,107
148,8.0,0.2959652531615434,0.26598056919431423,0.012626262626262628,8.0,0.8646816701021308,False,2.0,True,reset,0,107
149,6.0,0.3210908813022469,0.2663455381486714,0.01256281407035176,8.0,0.8646816701021308,False,4.0,True,reset,0,107
150,12.0,0.2710908813022469,0.2663767575115239,0.0125,8.0,0.8646816701021308,False,-2.0,True,reset,0,107
151,10.0,0.24621525941169964,0.2662449830141394,0.012437810945273634,8.0,0.8646816701021308,False,0.0,True,reset,0,107
152,4.0,0.29572020990674913,0.26643638059136415,0.012376237623762377,8.0,0.8646816701021308,False,6.0,True,reset,0,107
153,30.0,0.024784249315616125,0.2648773345831335,0.01231527093596059,8.0,0.8646816701021308,False,-20.0,True,reset,0,107
154,4.0,0.07380385715875337,0.2636525045996439,0.012254901960784314,8.0,0.8646816701021308,False,6.0,True,reset,0,107
155,8.0,0.07380385715875337,0.2624432775458802,0.012195121951219514,8.0,0.8646816701021308,False,2.0,True,reset,0,107
156,6.0,0.09807570181894755,0.2614029764336845,0.012135922330097087,8.0,0.8646816701021308,False,4.0,True,reset,0,107
157,8.0,0.09807570181894755,0.26037576087006975,0.012077294685990338,8.0,0.8646816701021308,False,2.0,True,reset,0,107
158,6.0,0.12211416335740909,0.25951162588561566,0.01201923076923077,8.0,0.8646816701021308,False,4.0,True,reset,0,107
159,8.0,0.12211416335740909,0.2586582254972417,0.01196172248803828,8.0,0.8646816701021308,False,2.0,True,reset,0,107
160,8.0,0.12211416335740909,0.2578153609161316,0.011904761904761904,8.0,0.8646816701021308,False,2.0,True,reset,0,107
161,6.0,0.14581084582186407,0.2571282166517496,0.011848341232227487,8.0,0.8646816701021308,False,-56.0,False,reset,0,107
162,6.0,0.16939575148224142,0.256593262595838,0.01179245283018868,8.0,0.8646816701021308,False,4.0,True,reset,0,107
163,4.0,0.21634410828975317,0.2563493283273163,0.011737089201877935,8.0,0.8646816701021308,False,6.0,True,reset,0,107
164,4.0,0.26307308025237,0.25638983285698524,0.011682242990654205,8.0,0.8646816701021308,False,6.0,True,reset,0,107
165,6.0,0.28632889420585833,0.25656910867344557,0.011627906976744184,8.0,0.8646816701021308,False,4.0,True,reset,0,107
166,16.0,0.19373630161326574,0.2561951038695159,0.011574074074074073,8.0,0.8646816701021308,False,-6.0,True,reset,0,107
167,8.0,0.19373630161326574,0.25582552515794044,0.01152073732718894,8.0,0.8646816701021308,False,2.0,True,reset,0,107
168,6.0,0.2166720814297795,0.2555952107830689,0.011467889908256883,8.0,0.8646816701021308,False,4.0,True,reset,0,107
169,4.0,0.2623341818864005,0.25563461997080766,0.011415525114155252,8.0,0.8646816701021308,False,6.0,True,reset,0,107
170,4.0,0.307788727340946,0.25593784152528526,0.011363636363636364,8.0,0.8646816701021308,False,6.0,True,reset,0,107
171,8.0,0.307788727340946,0.25623755762826594,0.011312217194570137,8.0,0.8646816701021308,False,2.0,True,reset,0,107
172,10.0,0.28526620481842346,0.2564043889339565,0.011261261261261262,8.0,0.8646816701021308,False,0.0,True,reset,0,107
173,6.0,0.3076877294821006,0.2566974365942316,0.011210762331838566,8.0,0.8646816701021308,False,4.0,True,reset,0,107
174,6.0,0.33000915805352915,0.2571139804661594,0.011160714285714286,8.0,0.8646816701021308,False,4.0,True,reset,0,107
175,10.0,0.30778693583130695,0.25740026834957835,0.011111111111111112,8.0,0.8646816701021308,False,0.0,True,reset,0,107
176,12.0,0.26353914822068747,0.25743475643874186,0.011061946902654869,8.0,0.8646816701021308,False,-62.0,False,reset,0,107
177,6.0,0.28556557993874915,0.2575919118772894,0.011013215859030838,8.0,0.8646816701021308,False,4.0,True,reset,0,107
178,12.0,0.24170593081594213,0.25750365642694856,0.010964912280701754,8.0,0.8646816701021308,False,-2.0,True,reset,0,107
179,4.0,0.2853740530866845,0.2576576365189913,0.01091703056768559,8.0,0.8646816701021308,False,6.0,True,reset,0,107
180,8.0,0.2853740530866845,0.2578099245221105,0.010869565217391306,8.0,0.8646816701021308,False,-58.0,False,reset,0,107
181,12.0,0.24208400979664121,0.257723990561862,0.010822510822510822,8.0,0.8646816701021308,False,-2.0,True,reset,0,107
182,10.0,0.2205322856587102,0.25752186173086666,0.010775862068965516,8.0,0.8646816701021308,False,0.0,True,reset,0,107
183,8.0,0.2205322856587102,0.2573219180764226,0.01072961373390558,8.0,0.8646816701021308,False,2.0,True,reset,0,107
184,4.0,0.26326732839375294,0.2573538826480211,0.010683760683760686,8.0,0.8646816701021308,False,6.0,True,reset,0,107
185,4.0,0.30582051988311465,0.25761306252628363,0.010638297872340425,8.0,0.8646816701021308,False,-54.0,False,reset,0,107
186,12.0,0.26344763852718245,0.2576440975050118,0.01059322033898305,8.0,0.8646816701021308,False,-2.0,True,reset,0,107
187,4.0,0.30564173135418665,0.2578980532396635,0.010548523206751054,8.0,0.8646816701021308,False,6.0,True,reset,0,107
188,8.0,0.30564173135418665,0.25814933575605575,0.01050420168067227,8.0,0.8646816701021308,False,2.0,True,reset,0,107
189,18.0,0.2010392208939356,0.2578503299190813,0.010460251046025104,8.0,0.8646816701021308,False,-8.0,True,reset,0,107
190,6.0,0.22187255422726895,0.2576629456706864,0.010416666666666666,8.0,0.8646816701021308,False,-56.0,False,reset,0,107
191,4.0,0.2633663301608789,0.25769249688566154,0.01037344398340249,8.0,0.8646816701021308,False,6.0,True,reset,0,107
192,4.0,0.3046886442104657,0.25793474506774816,0.010330578512396695,8.0,0.8646816701021308,False,6.0,True,reset,0,107
193,8.0,0.3046886442104657,0.25817450865309544,0.010288065843621401,8.0,0.8646816701021308,False,2.0,True,reset,0,107
194,12.0,0.26370503765308867,0.25820272563778923,0.010245901639344263,8.0,0.8646816701021308,False,-2.0,True,reset,0,107
195,4.0,0.3045213641837009,0.2584378456304081,0.01020408163265306,8.0,0.8646816701021308,False,6.0,True,reset,0,107
196,8.0,0.3045213641837009,0.25867059067360654,0.010162601626016262,8.0,0.8646816701021308,False,2.0,True,reset,0,107
197,6.0,0.324764279163458,0.25900271976149525,0.010121457489878544,8.0,0.8646816701021308,False,4.0,True,reset,0,107
198,18.0,0.22395782755055477,0.2588274953004406,0.010080645161290324,8.0,0.8646816701021308,False,-8.0,True,reset,0,107
199,4.0,0.2641184701208359,0.25885381855825346,0.010040160642570281,8.0,0.8646816701021308,False,6.0,True,reset,0,107
200,4.0,0.30411847012083587,0.25907790099173156,0.01,8.0,0.8646816701021308,True,-540.0,False,reset,0,107
201,4.0,0.3439591075710351,0.25949603501428975,0.0099601593625498,8.0,0.8646816701021308,True,60.0,True,reset,0,107
202,6.0,0.3638003774123049,0.26000733081035843,0.009920634920634922,8.0,0.8646816701021308,True,40.0,True,reset,0,107
203,4.0,0.40332606911190966,0.26070644660695136,0.009881422924901186,8.0,0.8646816701021308,True,60.0,True,reset,0,107
204,4.0,0.4426961478520671,0.2615898917586267,0.00984251968503937,8.0,0.8646816701021308,True,-540.0,False,reset,0,107
205,4.0,0.48191183412657695,0.2626542489681337,0.009803921568627453,8.0,0.8646816701021308,True,60.0,True,reset,0,107
206,4.0,0.5209743341265769,0.2638961724544724,0.009765625,8.0,0.8646816701021308,True,-540.0,False,reset,0,107
207,8.0,0.5209743341265769,0.2651262115055351,0.00972762645914397,8.0,0.8646816701021308,True,20.0,True,reset,0,107
208,4.0,0.5597340240490575,0.26652910585098044,0.009689922480620155,8.0,0.8646816701021308,True,-540.0,False,reset,0,107
209,6.0,0.5790390433540767,0.26801019560218,0.009652509652509654,8.0,0.8646816701021308,True,-560.0,False,reset,0,107
210,8.0,0.5790390433540767,0.26947731280855686,0.009615384615384616,8.0,0.8646816701021308,True,20.0,True,reset,0,107
211,4.0,0.6173532195992875,0.2711105330282316,0.009578544061302683,8.0,0.8646816701021308,True,60.0,True,reset,0,107
212,6.0,0.6364371890649363,0.2728176669349452,0.009541984732824428,8.0,0.8646816701021308,True,40.0,True,reset,0,107
213,12.0,0.5984143753767234,0.2743320702300232,0.009505703422053233,8.0,0.8646816701021308,True,-20.0,True,reset,0,107
214,6.0,0.6173537693161173,0.2759201336517181,0.00946969696969697,8.0,0.8646816701021308,True,40.0,True,reset,0,107
215,6.0,0.6362216938444192,0.2775805095051407,0.009433962264150945,8.0,0.8646816701021308,True,-560.0,False,reset,0,107
216,4.0,0.6738156788068252,0.2793981020248732,0.009398496240601503,8.0,0.8646816701021308,True,60.0,True,reset,0,107
217,4.0,0.7112688623274245,0.2813701146289944,0.009363295880149813,8.0,0.8646816701021308,True,60.0,True,reset,0,107
218,8.0,0.7112688623274245,0.2833241998458055,0.05,8.0,0.8646816701021308,True,20.0,True,reset,1,107
219,8.0,0.7112688623274245,0.2852606010335051,0.049019607843137254,8.0,0.8646816701021308,True,20.0,True,reset,1,107
220,8.0,0.7112688623274245,0.2871795571654597,0.04807692307692308,8.0,0.8646816701021308,True,20.0,True,reset,1,107
221,4.0,0.8999481076104434,0.2899273981988453,0.04716981132075472,8.0,0.8646816701021308,True,60.0,True,reset,1,107
222,8.0,0.8999481076104434,0.2926507049372899,0.046296296296296294,8.0,0.8646816701021308,True,20.0,True,reset,1,107
223,4.0,1.0817662894286253,0.29615788531280696,0.045454545454545456,8.0,0.8646816701021308,True,60.0,True,reset,1,107
224,10.0,0.992480575142911,0.2992389591616127,0.044642857142857144,8.0,0.8646816701021308,True,0.0,True,reset,1,107
225,6.0,1.080199873388525,0.3026793156119515,0.043859649122807015,8.0,0.8646816701021308,True,40.0,True,reset,1,107
226,4.0,1.2526136664919734,0.3068456943438814,0.04310344827586207,8.0,0.8646816701021308,True,60.0,True,reset,1,107
227,4.0,1.4221051919157022,0.31171582315423874,0.04237288135593221,8.0,0.8646816701021308,True,60.0,True,reset,1,107
228,4.0,1.588771858582369,0.3172682406995784,0.04166666666666667,8.0,0.8646816701021308,True,60.0,True,reset,1,107
229,6.0,1.670739071697123,0.32312742178614784,0.04098360655737705,8.0,0.8646816701021308,True,40.0,True,reset,1,107
230,4.0,1.8320293942777683,0.32963130959861175,0.040322580645161296,8.0,0.8646816701021308,True,60.0,True,reset,1,107
231,4.0,1.9907595530079272,0.336760615364317,0.03968253968253969,8.0,0.8646816701021308,True,60.0,True,reset,1,107
232,6.0,2.068884553007927,0.344162854414076,0.0390625,8.0,0.8646816701021308,True,40.0,True,reset,1,107
233,8.0,2.068884553007927,0.3515020956846882,0.038461538461538464,8.0,0.8646816701021308,True,20.0,True,reset,1,107
234,8.0,2.068884553007927,0.3587791399953799,0.03787878787878788,8.0,0.8646816701021308,True,-580.0,False,reset,1,107
235,6.0,2.143511418679569,0.366309655939195,0.03731343283582089,8.0,0.8646816701021308,True,40.0,True,reset,1,107
236,4.0,2.2905702422089806,0.37439478445293367,0.03676470588235295,8.0,0.8646816701021308,True,60.0,True,reset,1,107
237,4.0,2.435497778440865,0.38301864635246474,0.03623188405797102,8.0,0.8646816701021308,True,60.0,True,reset,1,107
238,4.0,2.5783549212980077,0.39216588083140447,0.03571428571428572,8.0,0.8646816701021308,True,60.0,True,reset,1,107
239,6.0,2.648777456509275,0.40152941434044126,0.035211267605633804,8.0,0.8646816701021308,True,40.0,True,reset,1,107
240,4.0,2.787666345398164,0.4113894843034897,0.034722222222222224,8.0,0.8646816701021308,True,60.0,True,reset,1,107
241,16.0,2.513693742658438,0.42004094215680227,0.03424657534246576,8.0,0.8646816701021308,True,-60.0,True,reset,1,107
242,6.0,2.5812613102260054,0.42889840268167606,0.033783783783783786,8.0,0.8646816701021308,True,40.0,True,reset,1,107
243,4.0,2.7145946435593387,0.4382277750934216,0.03333333333333333,8.0,0.8646816701021308,True,60.0,True,reset,1,107
244,14.0,2.5172262225067072,0.44667898829428865,0.03289473684210526,8.0,0.8646816701021308,True,-40.0,True,reset,1,107
245,8.0,2.5172262225067072,0.45506177061903524,0.03246753246753247,8.0,0.8646816701021308,True,20.0,True,reset,1,107
246,4.0,2.6454313507118354,0.46389390602263525,0.032051282051282055,8.0,0.8646816701021308,True,60.0,True,reset,1,107
247,10.0,2.582140211471329,0.4724009192975296,0.03164556962025317,8.0,0.8646816701021308,True,0.0,True,reset,1,107
248,10.0,2.519640211471329,0.48058987646622475,0.03125,8.0,0.8646816701021308,True,0.0,True,reset,1,107
249,4.0,2.643097001594786,0.4892054427017967,0.030864197530864196,8.0,0.8646816701021308,True,60.0,True,reset,1,107
250,4.0,2.7650482211069813,0.49823656483832524,0.03048780487804878,8.0,0.8646816701021308,True,60.0,True,reset,1,107
251,12.0,2.644566293396138,0.5067200815519924,0.030120481927710843,8.0,0.8646816701021308,True,-20.0,True,reset,1,107
252,4.0,2.763613912443757,0.5156054903350309,0.02976190476190476,8.0,0.8646816701021308,True,60.0,True,reset,1,107
253,6.0,2.8224374418555214,0.5246518901449152,0.029411764705882353,8.0,0.8646816701021308,True,40.0,True,reset,1,107
254,8.0,2.8224374418555214,0.5336276149562847,0.029069767441860468,8.0,0.8646816701021308,True,20.0,True,reset,1,107
255,14.0,2.650023648752073,0.5418626189788365,0.02873563218390805,8.0,0.8646816701021308,True,-40.0,True,reset,1,107
256,6.0,2.7068418305702546,0.5502540112718264,0.02840909090909091,8.0,0.8646816701021308,True,40.0,True,reset,1,107
257,8.0,2.7068418305702546,0.5585806051687315,0.02808988764044944,8.0,0.8646816701021308,True,20.0,True,reset,1,107
258,8.0,2.7068418305702546,0.5668431483433528,0.02777777777777778,8.0,0.8646816701021308,True,20.0,True,reset,1,107
259,4.0,2.8167319404603646,0.5754634119146823,0.027472527472527472,8.0,0.8646816701021308,True,60.0,True,reset,1,107
260,14.0,2.653688462199495,0.5833955685951586,0.027173913043478264,8.0,0.8646816701021308,True,-40.0,True,reset,1,107
261,4.0,2.761215343919925,0.5916762521515266,0.02688172043010753,8.0,0.8646816701021308,True,60.0,True,reset,1,107
262,8.0,2.761215343919925,0.59989420325671,0.026595744680851068,8.0,0.8646816701021308,True,20.0,True,reset,1,107
263,8.0,2.761215343919925,0.6080501320894014,0.026315789473684213,8.0,0.8646816701021308,True,20.0,True,reset,1,107
264,6.0,2.8132986772532584,0.6163405401539271,0.026041666666666668,8.0,0.8646816701021308,True,40.0,True,reset,1,107
265,8.0,2.8132986772532584,0.6245688477835127,0.025773195876288662,8.0,0.8646816701021308,True,-580.0,False,reset,1,107
266,6.0,2.8643190854165237,0.6329261247896061,0.025510204081632654,8.0,0.8646816701021308,True,40.0,True,reset,1,107
267,10.0,2.813814034911473,0.6410335147900591,0.025252525252525256,8.0,0.8646816701021308,True,0.0,True,reset,1,107
268,12.0,2.713814034911473,0.6487104796793977,0.025,8.0,0.8646816701021308,True,-620.0,False,reset,1,107
269,8.0,2.713814034911473,0.6563307880012873,0.024752475247524754,8.0,0.8646816701021308,True,20.0,True,reset,1,107
270,6.0,2.76283364275461,0.6640752837908215,0.024509803921568627,8.0,0.8646816701021308,True,40.0,True,reset,1,107
271,8.0,2.76283364275461,0.6717630433474654,0.024271844660194174,8.0,0.8646816701021308,True,20.0,True,reset,1,107
272,12.0,2.666679796600764,0.6790437614250322,0.02403846153846154,8.0,0.8646816701021308,True,-20.0,True,reset,1,107
273,6.0,2.7142988442198113,0.6864446889988314,0.023809523809523808,8.0,0.8646816701021308,True,40.0,True,reset,1,107
274,8.0,2.7142988442198113,0.6937919866626754,0.02358490566037736,8.0,0.8646816701021308,True,20.0,True,reset,1,107
275,8.0,2.7142988442198113,0.7010862352459141,0.02336448598130841,8.0,0.8646816701021308,True,20.0,True,reset,1,107
276,12.0,2.6217062516272187,0.7079949403408109,0.023148148148148147,8.0,0.8646816701021308,True,-20.0,True,reset,1,107
277,4.0,2.7134493708932736,0.7151829490524685,0.022935779816513766,8.0,0.8646816701021308,True,60.0,True,reset,1,107
278,8.0,2.7134493708932736,0.722319614844757,0.022727272727272728,8.0,0.8646816701021308,True,20.0,True,reset,1,107
279,10.0,2.6684043258482286,0.7292451832113175,0.022522522522522525,8.0,0.8646816701021308,True,0.0,True,reset,1,107
280,12.0,2.579118611562514,0.7358050180636266,0.022321428571428572,8.0,0.8646816701021308,True,-20.0,True,reset,1,107
281,4.0,2.6676141867837533,0.7426311988718249,0.022123893805309738,8.0,0.8646816701021308,True,60.0,True,reset,1,107
282,10.0,2.6237545376609464,0.7492548725999557,0.021929824561403508,8.0,0.8646816701021308,True,0.0,True,reset,1,107
283,4.0,2.7107110594000767,0.7561371750097806,0.02173913043478261,8.0,0.8646816701021308,True,60.0,True,reset,1,107
284,4.0,2.796917955951801,0.7632727721459416,0.021551724137931032,8.0,0.8646816701021308,True,-540.0,False,reset,1,107
285,16.0,2.62597778501163,0.7697630335148116,0.02136752136752137,8.0,0.8646816701021308,True,-60.0,True,reset,1,107
286,4.0,2.7107235477234948,0.7765024797447029,0.0211864406779661,8.0,0.8646816701021308,True,60.0,True,reset,1,107
287,4.0,2.794757161168873,0.7834860599572432,0.02100840336134454,8.0,0.8646816701021308,True,60.0,True,reset,1,107
288,8.0,2.794757161168873,0.790421477547628,0.020833333333333332,8.0,0.8646816701021308,True,20.0,True,reset,1,107
289,12.0,2.7121125330696993,0.797025226879319,0.02066115702479339,8.0,0.8646816701021308,True,-20.0,True,reset,1,107
290,6.0,2.7530961396270763,0.8037240998681812,0.020491803278688527,8.0,0.8646816701021308,True,-560.0,False,reset,1,107
291,10.0,2.7124457331230114,0.8102385081728052,0.020325203252032523,8.0,0.8646816701021308,True,0.0,True,reset,1,107
292,6.0,2.752768313768173,0.8168457524095242,0.020161290322580648,8.0,0.8646816701021308,True,40.0,True,reset,1,107
293,8.0,2.752768313768173,0.8234082017700619,0.02,8.0,0.8646816701021308,True,20.0,True,reset,1,107
294,6.0,2.7924508534507124,0.8300603728906046,0.019841269841269844,8.0,0.8646816701021308,True,40.0,True,reset,1,107
295,12.0,2.7137106959703976,0.8364026298706713,0.01968503937007874,8.0,0.8646816701021308,True,-20.0,True,reset,1,107
296,10.0,2.6746481959703976,0.8425712391528852,0.01953125,8.0,0.8646816701021308,True,0.0,True,reset,1,107
297,6.0,2.7134078858928783,0.848828217904524,0.01937984496124031,8.0,0.8646816701021308,True,-560.0,False,reset,1,107
298,8.0,2.7134078858928783,0.8550434834644852,0.019230769230769232,8.0,0.8646816701021308,True,20.0,True,reset,1,107
299,8.0,2.7134078858928783,0.8612174515788653,0.019083969465648856,8.0,0.8646816701021308,True,20.0,True,reset,1,107
300,8.0,2.7134078858928783,0.8673505324871899,0.01893939393939394,8.0,0.8646816701021308,True,20.0,True,reset,1,107
301,12.0,2.638219915968066,0.8731949858980178,0.018796992481203006,8.0,0.8646816701021308,True,-20.0,True,reset,1,107
302,4.0,2.712846781639708,0.8792464720682208,0.01865671641791045,8.0,0.8646816701021308,True,60.0,True,reset,1,107
303,6.0,2.749883818676745,0.8853797092702158,0.018518518518518517,8.0,0.8646816701021308,True,40.0,True,reset,1,107
304,10.0,2.7131191127943923,0.8913527138568962,0.018382352941176475,8.0,0.8646816701021308,True,0.0,True,reset,1,107
305,4.0,2.7861118135243195,0.8975245676017413,0.01824817518248175,8.0,0.8646816701021308,True,60.0,True,reset,1,107
306,12.0,2.7136480454083776,0.9034210723998147,0.01811594202898551,8.0,0.8646816701021308,True,-20.0,True,reset,1,107
307,8.0,2.7136480454083776,0.909279412118289,0.017985611510791366,8.0,0.8646816701021308,True,-580.0,False,reset,1,107
308,12.0,2.642219473979806,0.9148695413501005,0.01785714285714286,8.0,0.8646816701021308,True,-20.0,True,reset,1,107
309,6.0,2.6776804668876073,0.9205377436830183,0.017730496453900707,8.0,0.8646816701021308,True,-560.0,False,reset,1,107
310,4.0,2.748103002098875,0.9263953246394795,0.017605633802816902,8.0,0.8646816701021308,True,60.0,True,reset,1,107
311,8.0,2.748103002098875,0.932215476963631,0.01748251748251748,8.0,0.8646816701021308,True,20.0,True,reset,1,107
312,6.0,2.782825224321097,0.938109138579419,0.017361111111111112,8.0,0.8646816701021308,True,40.0,True,reset,1,107
313,22.0,2.5414459139762697,0.9431990965965519,0.017241379310344827,8.0,0.8646816701021308,True,-120.0,True,reset,1,107
314,4.0,2.609939064661201,0.9484735901663767,0.01712328767123288,8.0,0.8646816701021308,True,60.0,True,reset,1,107
315,10.0,2.5759254592190244,0.9536075077343662,0.017006802721088437,8.0,0.8646816701021308,True,0.0,True,reset,1,107
316,6.0,2.609709243002808,0.9588153748264052,0.016891891891891893,8.0,0.8646816701021308,True,40.0,True,reset,1,107
317,6.0,2.643266289982674,0.9640957852187445,0.016778523489932886,8.0,0.8646816701021308,True,40.0,True,reset,1,107
318,6.0,2.676599623316007,0.9694473597127985,0.016666666666666666,8.0,0.8646816701021308,True,40.0,True,reset,1,107
319,4.0,2.742824788878921,0.9749718999905745,0.016556291390728478,8.0,0.8646816701021308,True,60.0,True,reset,1,107
320,10.0,2.7099300520368157,0.9803599687857493,0.01644736842105263,8.0,0.8646816701021308,True,0.0,True,reset,1,107
321,4.0,2.775289529160999,0.9859170262482113,0.016339869281045753,8.0,0.8646816701021308,True,60.0,True,reset,1,107
322,8.0,2.775289529160999,0.991439780886831,0.016233766233766236,8.0,0.8646816701021308,True,20.0,True,reset,1,107
323,6.0,2.807547593677128,0.9970278049261857,0.016129032258064516,8.0,0.8646816701021308,True,40.0,True,reset,1,107
324,14.0,2.7113937475232817,1.0022865961611462,0.016025641025641028,8.0,0.8646816701021308,True,-40.0,True,reset,1,107
325,6.0,2.7432408812812437,1.0076106153816968,0.01592356687898089,8.0,0.8646816701021308,True,-560.0,False,reset,1,107
326,6.0,2.774886450901497,1.0129986514655986,0.015822784810126583,8.0,0.8646816701021308,True,40.0,True,reset,1,107
327,10.0,2.7434399100209936,1.0182583513396273,0.015723270440251572,8.0,0.8646816701021308,True,0.0,True,reset,1,107
328,8.0,2.7434399100209936,1.023486174244722,0.015625,8.0,0.8646816701021308,True,20.0,True,reset,1,107
329,8.0,2.7434399100209936,1.02868240909601,0.015527950310559006,8.0,0.8646816701021308,True,20.0,True,reset,1,107
330,10.0,2.7125757124901293,1.0337543768773176,0.015432098765432098,8.0,0.8646816701021308,True,0.0,True,reset,1,107
331,6.0,2.743250559115896,1.0388879990462023,0.015337423312883436,8.0,0.8646816701021308,True,40.0,True,reset,1,107
332,8.0,2.743250559115896,1.0439908809625786,0.01524390243902439,8.0,0.8646816701021308,True,20.0,True,reset,1,107
333,8.0,2.743250559115896,1.04906329791229,0.015151515151515152,8.0,0.8646816701021308,True,20.0,True,reset,1,107
334,12.0,2.6830095952604744,1.0539262333210644,0.015060240963855423,8.0,0.8646816701021308,True,-20.0,True,reset,1,107
335,4.0,2.7428898347814323,1.0589379947497302,0.014970059880239523,8.0,0.8646816701021308,True,60.0,True,reset,1,107
336,8.0,2.7428898347814323,1.0639201007853267,0.014880952380952382,8.0,0.8646816701021308,True,20.0,True,reset,1,107
337,8.0,2.7428898347814323,1.0688728138649612,0.014792899408284025,8.0,0.8646816701021308,True,20.0,True,reset,1,107
338,8.0,2.7428898347814323,1.0737963933382448,0.014705882352941178,8.0,0.8646816701021308,True,20.0,True,reset,1,107
339,6.0,2.7721296008633036,1.0787768426271747,0.014619883040935673,8.0,0.8646816701021308,True,40.0,True,reset,1,107
340,8.0,2.7721296008633036,1.0837281664816663,0.014534883720930234,8.0,0.8646816701021308,True,20.0,True,reset,1,107
341,10.0,2.7432278667592573,1.088566358027665,0.014450867052023123,8.0,0.8646816701021308,True,0.0,True,reset,1,107
342,12.0,2.685756602391441,1.0932093529240714,0.014367816091954025,8.0,0.8646816701021308,True,-20.0,True,reset,1,107
343,14.0,2.6000423166771554,1.0975769847030659,0.014285714285714287,8.0,0.8646816701021308,True,-640.0,False,reset,1,107
344,6.0,2.628451407586246,1.1020014772547513,0.014204545454545456,8.0,0.8646816701021308,True,40.0,True,reset,1,107
345,6.0,2.6566999951568677,1.1064818764417892,0.014124293785310734,8.0,0.8646816701021308,True,40.0,True,reset,1,107
346,4.0,2.7128797704377665,1.1110979623440764,0.01404494382022472,8.0,0.8646816701021308,True,60.0,True,reset,1,107
347,10.0,2.684946809543912,1.1156075578947924,0.013966480446927375,8.0,0.8646816701021308,True,0.0,True,reset,1,107
348,8.0,2.684946809543912,1.1200913843280758,0.01388888888888889,8.0,0.8646816701021308,True,20.0,True,reset,1,107
349,6.0,2.712571118936177,1.1246283636289536,0.013812154696132598,8.0,0.8646816701021308,True,40.0,True,reset,1,107
350,4.0,2.7675161738812317,1.129295658544443,0.013736263736263736,8.0,0.8646816701021308,True,-540.0,False,reset,1,107
351,10.0,2.740193769509647,1.1338591092837211,0.01366120218579235,8.0,0.8646816701021308,True,0.0,True,reset,1,107
352,8.0,2.740193769509647,1.1383967778154327,0.01358695652173913,8.0,0.8646816701021308,True,20.0,True,reset,1,107
353,12.0,2.6861397154555933,1.1427566170763908,0.013513513513513514,8.0,0.8646816701021308,True,-20.0,True,reset,1,107
354,4.0,2.7399031563158083,1.1472429837596476,0.013440860215053764,8.0,0.8646816701021308,True,60.0,True,reset,1,107
355,14.0,2.659689252572493,1.1514795279299916,0.013368983957219251,8.0,0.8646816701021308,True,-40.0,True,reset,1,107
356,4.0,2.712880741934195,1.1558409838350314,0.013297872340425532,8.0,0.8646816701021308,True,60.0,True,reset,1,107
357,8.0,2.712880741934195,1.160178141935586,0.013227513227513227,8.0,0.8646816701021308,True,20.0,True,reset,1,107
358,6.0,2.739196531407879,1.1645643041285647,0.013157894736842105,8.0,0.8646816701021308,True,40.0,True,reset,1,107
359,12.0,2.686840510465471,1.168781135725066,0.013089005235602096,8.0,0.8646816701021308,True,-20.0,True,reset,1,107
360,4.0,2.7389238437988044,1.1731185465208498,0.013020833333333334,8.0,0.8646816701021308,True,60.0,True,reset,1,107
361,8.0,2.7389238437988044,1.1774320597364916,0.01295336787564767,8.0,0.8646816701021308,True,20.0,True,reset,1,107
362,6.0,2.764697039675093,1.181792677813246,0.012886597938144331,8.0,0.8646816701021308,True,40.0,True,reset,1,107
363,6.0,2.7903380653161185,1.1861996514776374,0.012820512820512822,8.0,0.8646816701021308,True,40.0,True,reset,1,107
364,8.0,2.7903380653161185,1.190582543318726,0.012755102040816327,8.0,0.8646816701021308,True,20.0,True,reset,1,107
365,12.0,2.7395766439963216,1.1948032356911444,0.01269035532994924,8.0,0.8646816701021308,True,-620.0,False,reset,1,107
366,18.0,2.6133140177336953,1.1986578845553906,0.012626262626262628,8.0,0.8646816701021308,True,-80.0,True,reset,1,107
367,6.0,2.638439645874399,1.202559732147041,0.01256281407035176,8.0,0.8646816701021308,True,-560.0,False,reset,1,107
368,4.0,2.6884396458743987,1.2065756238057634,0.0125,8.0,0.8646816701021308,True,60.0,True,reset,1,107
369,6.0,2.713315267764946,1.2106369166466238,0.012437810945273634,8.0,0.8646816701021308,True,40.0,True,reset,1,107
370,12.0,2.6638103172698964,1.214543296755826,0.012376237623762377,8.0,0.8646816701021308,True,-20.0,True,reset,1,107
371,6.0,2.6884408591418176,1.218494764751499,0.01231527093596059,8.0,0.8646816701021308,True,40.0,True,reset,1,107
372,8.0,2.6884408591418176,1.2224251019022752,0.012254901960784314,8.0,0.8646816701021308,True,20.0,True,reset,1,107
373,6.0,2.7128311030442567,1.2263995179053204,0.012195121951219514,8.0,0.8646816701021308,True,40.0,True,reset,1,107
374,8.0,2.7128311030442567,1.2303527933977112,0.012135922330097087,8.0,0.8646816701021308,True,20.0,True,reset,1,107
375,8.0,2.7128311030442567,1.2342850966063228,0.012077294685990338,8.0,0.8646816701021308,True,20.0,True,reset,1,107
376,10.0,2.688792641505795,1.2381330001642579,0.01201923076923077,8.0,0.8646816701021308,True,0.0,True,reset,1,107
377,4.0,2.736639531457948,1.2420868432547427,0.01196172248803828,8.0,0.8646816701021308,True,60.0,True,reset,1,107
378,8.0,2.736639531457948,1.2460198766447512,0.011904761904761904,8.0,0.8646816701021308,True,20.0,True,reset,1,107
379,14.0,2.665549484064583,1.2497456761392913,0.011848341232227487,8.0,0.8646816701021308,True,-40.0,True,reset,1,107
380,10.0,2.6419645784042056,1.2533902282394613,0.01179245283018868,8.0,0.8646816701021308,True,0.0,True,reset,1,107
381,10.0,2.6184904000004496,1.2569544584529364,0.011737089201877935,8.0,0.8646816701021308,True,0.0,True,reset,1,107
382,6.0,2.641854885981758,1.2605609699829594,0.011682242990654205,8.0,0.8646816701021308,True,40.0,True,reset,1,107
383,4.0,2.688366513888735,1.2642695558112862,0.011627906976744184,8.0,0.8646816701021308,True,60.0,True,reset,1,107
384,6.0,2.7115146620368833,1.2680188954647205,0.011574074074074073,8.0,0.8646816701021308,True,40.0,True,reset,1,107
385,4.0,2.757597611345639,1.271867936074232,0.01152073732718894,8.0,0.8646816701021308,True,60.0,True,reset,1,107
386,8.0,2.757597611345639,1.2756971362682306,0.011467889908256883,8.0,0.8646816701021308,True,20.0,True,reset,1,107
387,10.0,2.7347665611173286,1.2794479574118014,0.011415525114155252,8.0,0.8646816701021308,True,0.0,True,reset,1,107
388,6.0,2.7574938338446016,1.283237818633424,0.011363636363636364,8.0,0.8646816701021308,True,40.0,True,reset,1,107
389,8.0,2.7574938338446016,1.287008294375652,0.011312217194570137,8.0,0.8646816701021308,True,20.0,True,reset,1,107
390,18.0,2.644881221231989,1.290472255923755,0.011261261261261262,8.0,0.8646816701021308,True,-80.0,True,reset,1,107
391,4.0,2.6897242705593434,1.2940326936200286,0.011210762331838566,8.0,0.8646816701021308,True,60.0,True,reset,1,107
392,16.0,2.600438556273629,1.2973484445404693,0.011160714285714286,8.0,0.8646816701021308,True,-60.0,True,reset,1,107
393,8.0,2.600438556273629,1.3006474068486544,0.011111111111111112,8.0,0.8646816701021308,True,-580.0,False,reset,1,107
394,10.0,2.578314662468319,1.3038738393123406,0.011061946902654869,8.0,0.8646816701021308,True,0.0,True,reset,1,107
395,4.0,2.6223675259044423,1.3071949820997262,0.011013215859030838,8.0,0.8646816701021308,True,60.0,True,reset,1,107
396,6.0,2.644297350465846,1.3105545357890884,0.010964912280701754,8.0,0.8646816701021308,True,40.0,True,reset,1,107
397,8.0,2.644297350465846,1.3138972496103334,0.01091703056768559,8.0,0.8646816701021308,True,20.0,True,reset,1,107
398,4.0,2.6877756113354114,1.3173319455146462,0.010869565217391306,8.0,0.8646816701021308,True,-540.0,False,reset,1,107
399,6.0,2.709420632980433,1.3208034883761568,0.010822510822510822,8.0,0.8646816701021308,True,40.0,True,reset,1,107
0,12.0,0.8,0.9,0.05,8.0,0.8646816701021308,False,-2.0,True,reset,0,108
1,6.0,0.8980392156862745,0.8993464052287582,0.049019607843137254,8.0,0.8646816701021308,False,4.0,True,reset,0,108
2,8.0,0.8980392156862745,0.8990196078431373,0.04807692307692308,8.0,0.8646816701021308,False,2.0,True,reset,0,108
3,6.0,0.992378838327784,0.9176914539400667,0.04716981132075472,8.0,0.8646816701021308,False,4.0,True,reset,0,108
4,8.0,0.992378838327784,0.9301393513380195,0.046296296296296294,8.0,0.8646816701021308,False,-58.0,False,reset,0,108
5,6.0,1.083287929236875,0.9520177196092846,0.045454545454545456,8.0,0.8646816701021308,False,4.0,True,reset,0,108
6,8.0,1.083287929236875,0.9684264958127333,0.044642857142857144,8.0,0.8646816701021308,False,2.0,True,reset,0,108
7,10.0,0.9955686309912608,0.9714422886103475,0.043859649122807015,8.0,0.8646816701021308,False,0.0,True,reset,0,108
8,26.0,0.21970656202574346,0.8962687159518872,0.04310344827586207,8.0,0.8646816701021308,False,-16.0,True,reset,0,108
9,4.0,0.38919808744947226,0.8501713860880312,0.04237288135593221,8.0,0.8646816701021308,False,6.0,True,reset,0,108
10,10.0,0.3058647541161389,0.8048125000903735,0.04166666666666667,8.0,0.8646816701021308,False,0.0,True,reset,0,108
11,10.0,0.2238975410013848,0.7601267340066051,0.04098360655737705,8.0,0.8646816701021308,False,0.0,True,reset,0,108
12,4.0,0.38518786358202994,0.7333453861191355,0.040322580645161296,8.0,0.8646816701021308,False,6.0,True,reset,0,108
13,12.0,0.2264577048518712,0.6995528740346512,0.03968253968253969,8.0,0.8646816701021308,False,-2.0,True,reset,0,108
14,8.0,0.2264577048518712,0.6699844259607274,0.0390625,8.0,0.8646816701021308,False,2.0,True,reset,0,108
15,6.0,0.3033807817749481,0.648419505714505,0.038461538461538464,8.0,0.8646816701021308,False,4.0,True,reset,0,108
16,8.0,0.3033807817749481,0.629250687717863,0.03787878787878788,8.0,0.8646816701021308,False,2.0,True,reset,0,108
17,8.0,0.3033807817749481,0.6120996400366568,0.03731343283582089,8.0,0.8646816701021308,False,2.0,True,reset,0,108
18,10.0,0.2298513700102422,0.5929872265353362,0.03676470588235295,8.0,0.8646816701021308,False,-60.0,False,reset,0,108
19,6.0,0.30231513812618427,0.5791456985158527,0.03623188405797102,8.0,0.8646816701021308,False,4.0,True,reset,0,108
20,6.0,0.3737437095547557,0.5698092444721665,0.03571428571428572,8.0,0.8646816701021308,False,4.0,True,reset,0,108
21,10.0,0.3033211743434881,0.5582228066404848,0.035211267605633804,8.0,0.8646816701021308,False,0.0,True,reset,0,108
22,8.0,0.3033211743434881,0.5476019052947766,0.034722222222222224,8.0,0.8646816701021308,False,2.0,True,reset,0,108
23,12.0,0.16633487297362506,0.5323512240019306,0.03424657534246576,8.0,0.8646816701021308,False,-2.0,True,reset,0,108
24,6.0,0.23390244054119264,0.520872424638056,0.033783783783783786,8.0,0.8646816701021308,False,4.0,True,reset,0,108
25,8.0,0.23390244054119264,0.5102439067085426,0.03333333333333333,8.0,0.8646816701021308,False,2.0,True,reset,0,108
26,10.0,0.16811296685698213,0.4980249445709869,0.03289473684210526,8.0,0.8646816701021308,False,0.0,True,reset,0,108
27,4.0,0.297983096727112,0.49112694981774985,0.03246753246753247,8.0,0.8646816701021308,False,6.0,True,reset,0,108
28,12.0,0.16977796852198376,0.480415317107891,0.032051282051282055,8.0,0.8646816701021308,False,-2.0,True,reset,0,108
29,4.0,0.29636024700299646,0.4744780567819266,0.03164556962025317,8.0,0.8646816701021308,False,6.0,True,reset,0,108
30,8.0,0.29636024700299646,0.46891187522633504,0.03125,8.0,0.8646816701021308,False,-58.0,False,reset,0,108
31,14.0,0.11117506181781128,0.458071365729107,0.030864197530864196,8.0,0.8646816701021308,False,-4.0,True,reset,0,108
32,8.0,0.11117506181781128,0.44786853326112774,0.03048780487804878,8.0,0.8646816701021308,False,2.0,True,reset,0,108
33,6.0,0.17141602567323297,0.43996989018718785,0.030120481927710843,8.0,0.8646816701021308,False,-56.0,False,reset,0,108
34,10.0,0.11189221614942345,0.4308566214639166,0.02976190476190476,8.0,0.8646816701021308,False,0.0,True,reset,0,108
35,4.0,0.22953927497295284,0.425415612099296,0.029411764705882353,8.0,0.8646816701021308,False,6.0,True,reset,0,108
36,4.0,0.34581834474039475,0.4233209471687986,0.029069767441860468,8.0,0.8646816701021308,False,6.0,True,reset,0,108
37,6.0,0.4032896091082108,0.422807323115963,0.02873563218390805,8.0,0.8646816701021308,False,4.0,True,reset,0,108
38,8.0,0.4032896091082108,0.42231938026576915,0.02840909090909091,8.0,0.8646816701021308,False,2.0,True,reset,0,108
39,12.0,0.2909300585464131,0.419114762662858,0.02808988764044944,8.0,0.8646816701021308,False,-2.0,True,reset,0,108
40,8.0,0.2909300585464131,0.4160627458981807,0.02777777777777778,8.0,0.8646816701021308,False,2.0,True,reset,0,108
41,6.0,0.34587511349146804,0.4144304753770943,0.027472527472527472,8.0,0.8646816701021308,False,4.0,True,reset,0,108
42,8.0,0.34587511349146804,0.4128723989706028,0.027173913043478264,8.0,0.8646816701021308,False,2.0,True,reset,0,108
43,10.0,0.292111672631253,0.41018882727417283,0.02688172043010753,8.0,0.8646816701021308,False,0.0,True,reset,0,108
44,10.0,0.23892018326955083,0.4064655958827679,0.026595744680851068,8.0,0.8646816701021308,False,0.0,True,reset,0,108
45,4.0,0.34418334116428767,0.40514044152705564,0.026315789473684213,8.0,0.8646816701021308,False,6.0,True,reset,0,108
46,18.0,0.08376667449762099,0.39844515471394243,0.026041666666666668,8.0,0.8646816701021308,False,-8.0,True,reset,0,108
47,4.0,0.18685945800277565,0.3941270792708574,0.025773195876288662,8.0,0.8646816701021308,False,6.0,True,reset,0,108
48,4.0,0.28890027432930626,0.3920225431720264,0.025510204081632654,8.0,0.8646816701021308,False,6.0,True,reset,0,108
49,10.0,0.23839522382425576,0.38901024279265833,0.025252525252525256,8.0,0.8646816701021308,False,0.0,True,reset,0,108
50,4.0,0.3383952238242558,0.388036877043266,0.025,8.0,0.8646816701021308,False,6.0,True,reset,0,108
51,18.0,0.09087047134900827,0.38242996372828,0.024752475247524754,8.0,0.8646816701021308,False,-8.0,True,reset,0,108
52,14.0,0.0,0.3753479273629414,0.024509803921568627,8.0,0.8646816701021308,False,-4.0,True,reset,0,108
53,8.0,0.0,0.3685234195927061,0.024271844660194174,8.0,0.8646816701021308,False,2.0,True,reset,0,108
54,6.0,0.04807692307692308,0.3628011607263529,0.02403846153846154,8.0,0.8646816701021308,False,4.0,True,reset,0,108
55,4.0,0.1433150183150183,0.35895052664896104,0.023809523809523808,8.0,0.8646816701021308,False,6.0,True,reset,0,108
56,6.0,0.190484829635773,0.356045945665975,0.02358490566037736,8.0,0.8646816701021308,False,4.0,True,reset,0,108
57,6.0,0.23721380159838984,0.3540318415292363,0.02336448598130841,8.0,0.8646816701021308,False,4.0,True,reset,0,108
58,4.0,0.32980639419098245,0.3536280840735987,0.023148148148148147,8.0,0.8646816701021308,False,6.0,True,reset,0,108
59,8.0,0.32980639419098245,0.3532375645673263,0.022935779816513766,8.0,0.8646816701021308,False,2.0,True,reset,0,108
60,8.0,0.32980639419098245,0.35285964246448204,0.022727272727272728,8.0,0.8646816701021308,False,2.0,True,reset,0,108
61,18.0,0.1045811689657572,0.34891871431370863,0.022522522522522525,8.0,0.8646816701021308,False,-8.0,True,reset,0,108
62,4.0,0.1938668832514715,0.34649602945336117,0.022321428571428572,8.0,0.8646816701021308,False,6.0,True,reset,0,108
63,4.0,0.28236245847271046,0.34550935913058195,0.022123893805309738,8.0,0.8646816701021308,False,6.0,True,reset,0,108
64,10.0,0.23850280934990345,0.3438880477702686,0.021929824561403508,8.0,0.8646816701021308,False,0.0,True,reset,0,108
65,12.0,0.151546287610773,0.3410172752305747,0.02173913043478261,8.0,0.8646816701021308,False,-62.0,False,reset,0,108
66,6.0,0.19464973588663506,0.3388648114166932,0.021551724137931032,8.0,0.8646816701021308,False,4.0,True,reset,0,108
67,4.0,0.28011982135672053,0.33801343474915735,0.02136752136752137,8.0,0.8646816701021308,False,6.0,True,reset,0,108
68,6.0,0.32249270271265273,0.33779171000577873,0.0211864406779661,8.0,0.8646816701021308,False,4.0,True,reset,0,108
69,10.0,0.28047589598996364,0.3369844450196405,0.02100840336134454,8.0,0.8646816701021308,False,0.0,True,reset,0,108
70,6.0,0.3221425626566303,0.33677830776459866,0.020833333333333332,8.0,0.8646816701021308,False,4.0,True,reset,0,108
71,8.0,0.3221425626566303,0.3365778181055854,0.02066115702479339,8.0,0.8646816701021308,False,2.0,True,reset,0,108
72,12.0,0.24017534954187622,0.3352750820439136,0.020491803278688527,8.0,0.8646816701021308,False,-2.0,True,reset,0,108
73,6.0,0.2808257560459413,0.3345490910306073,0.020325203252032523,8.0,0.8646816701021308,False,4.0,True,reset,0,108
74,8.0,0.2808257560459413,0.333842205043967,0.020161290322580648,8.0,0.8646816701021308,False,2.0,True,reset,0,108
75,6.0,0.32082575604594127,0.33367316025178484,0.02,8.0,0.8646816701021308,False,4.0,True,reset,0,108
76,6.0,0.360508295728481,0.334017200450204,0.019841269841269844,8.0,0.8646816701021308,False,4.0,True,reset,0,108
77,10.0,0.3211382169883235,0.3338541753430916,0.01968503937007874,8.0,0.8646816701021308,False,0.0,True,reset,0,108
78,12.0,0.2430132169883235,0.332718663363657,0.01953125,8.0,0.8646816701021308,False,-2.0,True,reset,0,108
79,6.0,0.28177290691080414,0.3320897034074489,0.01937984496124031,8.0,0.8646816701021308,False,-56.0,False,reset,0,108
80,16.0,0.1279267530646503,0.3295999113300977,0.019230769230769232,8.0,0.8646816701021308,False,-6.0,True,reset,0,108
81,4.0,0.20426263092724573,0.3280898236144007,0.019083969465648856,8.0,0.8646816701021308,False,6.0,True,reset,0,108
82,16.0,0.052747479412094206,0.32481193856437324,0.01893939393939394,8.0,0.8646816701021308,False,-6.0,True,reset,0,108
83,4.0,0.12793544933690623,0.32249574457346186,0.018796992481203006,8.0,0.8646816701021308,False,6.0,True,reset,0,108
84,4.0,0.20256231500854804,0.32110116981107917,0.01865671641791045,8.0,0.8646816701021308,False,6.0,True,reset,0,108
85,6.0,0.23959935204558508,0.3201643673080275,0.018518518518518517,8.0,0.8646816701021308,False,4.0,True,reset,0,108
86,8.0,0.23959935204558508,0.3192488557709543,0.018382352941176475,8.0,0.8646816701021308,False,2.0,True,reset,0,108
87,8.0,0.23959935204558508,0.318353917526849,0.01824817518248175,8.0,0.8646816701021308,False,-58.0,False,reset,0,108
88,8.0,0.23959935204558508,0.3174788667992794,0.01811594202898551,8.0,0.8646816701021308,False,2.0,True,reset,0,108
89,10.0,0.20362812902400235,0.3162277597907599,0.017985611510791366,8.0,0.8646816701021308,False,0.0,True,reset,0,108
90,8.0,0.20362812902400235,0.31500385076068643,0.01785714285714286,8.0,0.8646816701021308,False,2.0,True,reset,0,108
91,6.0,0.23908912193180376,0.3141875633539243,0.017730496453900707,8.0,0.8646816701021308,False,4.0,True,reset,0,108
92,4.0,0.3095116571430714,0.3141378196708301,0.017605633802816902,8.0,0.8646816701021308,False,6.0,True,reset,0,108
93,8.0,0.3095116571430714,0.3140891232231695,0.01748251748251748,8.0,0.8646816701021308,False,2.0,True,reset,0,108
94,8.0,0.3095116571430714,0.3140414412848352,0.017361111111111112,8.0,0.8646816701021308,False,2.0,True,reset,0,108
95,8.0,0.3095116571430714,0.31399474247924997,0.017241379310344827,8.0,0.8646816701021308,False,2.0,True,reset,0,108
96,8.0,0.3095116571430714,0.3139489967105135,0.01712328767123288,8.0,0.8646816701021308,False,2.0,True,reset,0,108
97,8.0,0.3095116571430714,0.31390417509872115,0.017006802721088437,8.0,0.8646816701021308,False,2.0,True,reset,0,108
98,16.0,0.17437652200793624,0.31250889856781333,0.016891891891891893,8.0,0.8646816701021308,False,-6.0,True,reset,0,108
99,6.0,0.20793356898780202,0.3114734992650409,0.016778523489932886,8.0,0.8646816701021308,False,4.0,True,reset,0,108
100,6.0,0.24126690232113535,0.31078519929500265,0.016666666666666666,8.0,0.8646816701021308,False,4.0,True,reset,0,108
101,6.0,0.2743794851025923,0.310431745759154,0.016556291390728478,8.0,0.8646816701021308,False,4.0,True,reset,0,108
102,6.0,0.30727422194469756,0.31040138495324576,0.01644736842105263,8.0,0.8646816701021308,False,4.0,True,reset,0,108
103,12.0,0.24191474482051456,0.3097491312376959,0.016339869281045753,8.0,0.8646816701021308,False,-2.0,True,reset,0,108
104,4.0,0.3068498097555795,0.30972177914824195,0.016233766233766236,8.0,0.8646816701021308,False,6.0,True,reset,0,108
105,10.0,0.2745917452394505,0.30939346107432797,0.016129032258064516,8.0,0.8646816701021308,False,0.0,True,reset,0,108
106,6.0,0.30664302729073256,0.3093679940948502,0.016025641025641028,8.0,0.8646816701021308,False,4.0,True,reset,0,108
107,8.0,0.30664302729073256,0.3093429943993996,0.01592356687898089,8.0,0.8646816701021308,False,2.0,True,reset,0,108
108,10.0,0.2749974576704794,0.3090307622473185,0.015822784810126583,8.0,0.8646816701021308,False,0.0,True,reset,0,108
109,8.0,0.2749974576704794,0.3087241558997794,0.015723270440251572,8.0,0.8646816701021308,False,2.0,True,reset,0,108
110,12.0,0.2124974576704794,0.30786498895130354,0.015625,8.0,0.8646816701021308,False,-2.0,True,reset,0,108
111,4.0,0.2746092589127154,0.3075706904553869,0.015527950310559006,8.0,0.8646816701021308,False,6.0,True,reset,0,108
112,6.0,0.3054734564435796,0.3075522936658096,0.015432098765432098,8.0,0.8646816701021308,False,4.0,True,reset,0,108
113,8.0,0.3054734564435796,0.30753421682039894,0.015337423312883436,8.0,0.8646816701021308,False,2.0,True,reset,0,108
114,10.0,0.2749856515655308,0.30725362574061554,0.01524390243902439,8.0,0.8646816701021308,False,0.0,True,reset,0,108
115,14.0,0.18407656065643987,0.3062008303125457,0.015151515151515152,8.0,0.8646816701021308,False,-4.0,True,reset,0,108
116,8.0,0.18407656065643987,0.30516587887478214,0.015060240963855423,8.0,0.8646816701021308,False,-58.0,False,reset,0,108
117,8.0,0.18407656065643987,0.3041483215788297,0.014970059880239523,8.0,0.8646816701021308,False,2.0,True,reset,0,108
118,4.0,0.2436003701802494,0.30364375531717486,0.014880952380952382,8.0,0.8646816701021308,False,6.0,True,reset,0,108
119,4.0,0.3027719678133855,0.3036365504617716,0.014792899408284025,8.0,0.8646816701021308,False,6.0,True,reset,0,108
120,10.0,0.27336020310750314,0.30338838368017923,0.014705882352941178,8.0,0.8646816701021308,False,0.0,True,reset,0,108
121,6.0,0.3025999691893745,0.30338197380627024,0.014619883040935673,8.0,0.8646816701021308,False,4.0,True,reset,0,108
122,6.0,0.33166973663123495,0.3036101009258264,0.014534883720930234,8.0,0.8646816701021308,False,4.0,True,reset,0,108
123,8.0,0.33166973663123495,0.3038345780114697,0.014450867052023123,8.0,0.8646816701021308,False,2.0,True,reset,0,108
124,6.0,0.360405368815143,0.30428355254165756,0.014367816091954025,8.0,0.8646816701021308,False,4.0,True,reset,0,108
125,14.0,0.2746910831008573,0.30405054097125755,0.014285714285714287,8.0,0.8646816701021308,False,-4.0,True,reset,0,108
126,6.0,0.30310017400994826,0.3040431162293723,0.014204545454545456,8.0,0.8646816701021308,False,4.0,True,reset,0,108
127,8.0,0.30310017400994826,0.30403580659976437,0.014124293785310734,8.0,0.8646816701021308,False,2.0,True,reset,0,108
128,10.0,0.2750102863694988,0.30381253336722386,0.01404494382022472,8.0,0.8646816701021308,False,-60.0,False,reset,0,108
129,14.0,0.19121140368793454,0.302952982758985,0.013966480446927375,8.0,0.8646816701021308,False,-4.0,True,reset,0,108
130,6.0,0.21898918146571233,0.3023168933552481,0.01388888888888889,8.0,0.8646816701021308,False,4.0,True,reset,0,108
131,4.0,0.27423780025024275,0.30210577235445857,0.013812154696132598,8.0,0.8646816701021308,False,6.0,True,reset,0,108
132,18.0,0.13687516288760537,0.30087270810470595,0.013736263736263736,8.0,0.8646816701021308,False,-8.0,True,reset,0,108
133,8.0,0.13687516288760537,0.29965791147346815,0.01366120218579235,8.0,0.8646816701021308,False,2.0,True,reset,0,108
134,4.0,0.19122298897456189,0.29886059586685854,0.01358695652173913,8.0,0.8646816701021308,False,6.0,True,reset,0,108
135,6.0,0.21825001600158891,0.2982721974736814,0.013513513513513514,8.0,0.8646816701021308,False,4.0,True,reset,0,108
136,4.0,0.27201345686180395,0.2980819167446098,0.013440860215053764,8.0,0.8646816701021308,False,6.0,True,reset,0,108
137,16.0,0.16506158520404995,0.2971249359421598,0.013368983957219251,8.0,0.8646816701021308,False,-6.0,True,reset,0,108
138,8.0,0.16506158520404995,0.2961816262940304,0.013297872340425532,8.0,0.8646816701021308,False,2.0,True,reset,0,108
139,4.0,0.21797163811410286,0.29562694552679686,0.013227513227513227,8.0,0.8646816701021308,False,6.0,True,reset,0,108
140,4.0,0.2706032170614713,0.2954507220869002,0.013157894736842105,8.0,0.8646816701021308,False,6.0,True,reset,0,108
141,4.0,0.32295923800387966,0.2956430893310749,0.013089005235602096,8.0,0.8646816701021308,False,6.0,True,reset,0,108
142,12.0,0.27087590467054634,0.29547109499315455,0.013020833333333334,8.0,0.8646816701021308,False,-2.0,True,reset,0,108
143,4.0,0.32268937617313703,0.29565880727715443,0.01295336787564767,8.0,0.8646816701021308,False,6.0,True,reset,0,108
144,12.0,0.27114298442055973,0.29549089068224627,0.012886597938144331,8.0,0.8646816701021308,False,-2.0,True,reset,0,108
145,4.0,0.322425035702611,0.29567411615857525,0.012820512820512822,8.0,0.8646816701021308,False,6.0,True,reset,0,108
146,6.0,0.3479352397842437,0.2960272318587487,0.012755102040816327,8.0,0.8646816701021308,False,4.0,True,reset,0,108
147,8.0,0.3479352397842437,0.2963756077508661,0.01269035532994924,8.0,0.8646816701021308,False,2.0,True,reset,0,108
148,8.0,0.3479352397842437,0.29671933863108857,0.012626262626262628,8.0,0.8646816701021308,False,2.0,True,reset,0,108
149,10.0,0.32280961164354016,0.2968921218960717,0.01256281407035176,8.0,0.8646816701021308,False,0.0,True,reset,0,108
150,8.0,0.32280961164354016,0.2970626316970419,0.0125,8.0,0.8646816701021308,False,2.0,True,reset,0,108
151,8.0,0.32280961164354016,0.2972309126117249,0.012437810945273634,8.0,0.8646816701021308,False,2.0,True,reset,0,108
152,10.0,0.2980571363960154,0.29723627770123334,0.012376237623762377,8.0,0.8646816701021308,False,0.0,True,reset,0,108
153,8.0,0.2980571363960154,0.29724157356378034,0.01231527093596059,8.0,0.8646816701021308,False,2.0,True,reset,0,108
154,12.0,0.24903752855287814,0.29693257327524886,0.012254901960784314,8.0,0.8646816701021308,False,-2.0,True,reset,0,108
155,6.0,0.2734277724553172,0.29678286116811553,0.012195121951219514,8.0,0.8646816701021308,False,4.0,True,reset,0,108
156,6.0,0.29769961711551135,0.2967886634209472,0.012135922330097087,8.0,0.8646816701021308,False,4.0,True,reset,0,108
157,16.0,0.20108125962758866,0.2961867300637562,0.012077294685990338,8.0,0.8646816701021308,False,-6.0,True,reset,0,108
158,4.0,0.24915818270451173,0.29589280164276094,0.01201923076923077,8.0,0.8646816701021308,False,6.0,True,reset,0,108
159,6.0,0.2730816276805883,0.29575111733243686,0.01196172248803828,8.0,0.8646816701021308,False,4.0,True,reset,0,108
160,10.0,0.2492721038710645,0.29546420984193456,0.011904761904761904,8.0,0.8646816701021308,False,0.0,True,reset,0,108
161,6.0,0.27296878633551946,0.2953262011087664,0.011848341232227487,8.0,0.8646816701021308,False,4.0,True,reset,0,108
162,6.0,0.2965536919958968,0.29533368580929764,0.01179245283018868,8.0,0.8646816701021308,False,4.0,True,reset,0,108
163,6.0,0.3200278703996527,0.2954833475340877,0.011737089201877935,8.0,0.8646816701021308,False,4.0,True,reset,0,108
164,12.0,0.27329889843703586,0.2953497062744669,0.011682242990654205,8.0,0.8646816701021308,False,-2.0,True,reset,0,108
165,18.0,0.15701982866959402,0.2945213836540785,0.011627906976744184,8.0,0.8646816701021308,False,-8.0,True,reset,0,108
166,4.0,0.2033161249658903,0.2939784952095059,0.011574074074074073,8.0,0.8646816701021308,False,6.0,True,reset,0,108
167,4.0,0.24939907427464605,0.29371471165367835,0.01152073732718894,8.0,0.8646816701021308,False,-54.0,False,reset,0,108
168,6.0,0.2723348540911598,0.2935889477856635,0.011467889908256883,8.0,0.8646816701021308,False,4.0,True,reset,0,108
169,8.0,0.2723348540911598,0.29346465484008166,0.011415525114155252,8.0,0.8646816701021308,False,2.0,True,reset,0,108
170,6.0,0.2950621268184325,0.29347394246786274,0.011363636363636364,8.0,0.8646816701021308,False,-56.0,False,reset,0,108
171,6.0,0.31768656120757277,0.29361389980161834,0.011312217194570137,8.0,0.8646816701021308,False,4.0,True,reset,0,108
172,6.0,0.3402090837300953,0.2938816882150004,0.011261261261261262,8.0,0.8646816701021308,False,4.0,True,reset,0,108
173,10.0,0.31778755906641815,0.2940182931912942,0.011210762331838566,8.0,0.8646816701021308,False,0.0,True,reset,0,108
174,8.0,0.31778755906641815,0.29415334583831193,0.011160714285714286,8.0,0.8646816701021308,False,2.0,True,reset,0,108
175,12.0,0.2733431146219737,0.294035773910536,0.011111111111111112,8.0,0.8646816701021308,False,-2.0,True,reset,0,108
176,14.0,0.2069714332060445,0.2935466484009602,0.011061946902654869,8.0,0.8646816701021308,False,-4.0,True,reset,0,108
177,4.0,0.25102429664216785,0.2933090933632016,0.011013215859030838,8.0,0.8646816701021308,False,6.0,True,reset,0,108
178,10.0,0.22909447208076433,0.29295234546718807,0.010964912280701754,8.0,0.8646816701021308,False,0.0,True,reset,0,108
179,4.0,0.2727625943515067,0.29284079988091355,0.01091703056768559,8.0,0.8646816701021308,False,-54.0,False,reset,0,108
180,8.0,0.2727625943515067,0.29273048007031244,0.010869565217391306,8.0,0.8646816701021308,False,2.0,True,reset,0,108
181,10.0,0.25111757270648505,0.29250308713389805,0.010822510822510822,8.0,0.8646816701021308,False,0.0,True,reset,0,108
182,4.0,0.2942210209823471,0.29251242373090053,0.010775862068965516,8.0,0.8646816701021308,False,6.0,True,reset,0,108
183,6.0,0.31568024845015824,0.2926376552158695,0.01072961373390558,8.0,0.8646816701021308,False,4.0,True,reset,0,108
184,8.0,0.31568024845015824,0.29276154012573125,0.010683760683760686,8.0,0.8646816701021308,False,2.0,True,reset,0,108
185,14.0,0.2518504612161157,0.29254276430268517,0.010638297872340425,8.0,0.8646816701021308,False,-4.0,True,reset,0,108
186,4.0,0.2942233425720479,0.2925517035487988,0.01059322033898305,8.0,0.8646816701021308,False,6.0,True,reset,0,108
187,8.0,0.2942233425720479,0.29256054819971544,0.010548523206751054,8.0,0.8646816701021308,False,2.0,True,reset,0,108
188,6.0,0.3152317459333924,0.2926798702930506,0.01050420168067227,8.0,0.8646816701021308,False,4.0,True,reset,0,108
189,18.0,0.21062923547314139,0.2922502858175537,0.010460251046025104,8.0,0.8646816701021308,False,-8.0,True,reset,0,108
190,4.0,0.25229590213980807,0.2920421900692321,0.010416666666666666,8.0,0.8646816701021308,False,6.0,True,reset,0,108
191,6.0,0.27304279010661303,0.2919437475823791,0.01037344398340249,8.0,0.8646816701021308,False,4.0,True,reset,0,108
192,12.0,0.23172047605702625,0.2916333183477124,0.010330578512396695,8.0,0.8646816701021308,False,-2.0,True,reset,0,108
193,8.0,0.23172047605702625,0.29132607300263197,0.010288065843621401,8.0,0.8646816701021308,False,2.0,True,reset,0,108
194,10.0,0.21122867277833773,0.29091741279740596,0.010245901639344263,8.0,0.8646816701021308,False,0.0,True,reset,0,108
195,4.0,0.25204499930894997,0.2907200909015255,0.01020408163265306,8.0,0.8646816701021308,False,6.0,True,reset,0,108
196,4.0,0.292695405813015,0.29073006723946226,0.010162601626016262,8.0,0.8646816701021308,False,6.0,True,reset,0,108
197,10.0,0.2724524908332579,0.2906382201218432,0.010121457489878544,8.0,0.8646816701021308,False,0.0,True,reset,0,108
198,6.0,0.2926137811558385,0.2906480979270131,0.010080645161290324,8.0,0.8646816701021308,False,4.0,True,reset,0,108
199,8.0,0.2926137811558385,0.2906578774455645,0.010040160642570281,8.0,0.8646816701021308,False,2.0,True,reset,0,108
200,6.0,0.31261378115583854,0.2907665700381896,0.01,8.0,0.8646816701021308,True,40.0,True,reset,0,108
201,6.0,0.3325340998809381,0.29097232141672535,0.0099601593625498,8.0,0.8646816701021308,True,40.0,True,reset,0,108
202,10.0,0.3126928300396683,0.29107879449821034,0.009920634920634922,8.0,0.8646816701021308,True,0.0,True,reset,0,108
203,6.0,0.33245567588947067,0.29128063294402134,0.009881422924901186,8.0,0.8646816701021308,True,40.0,True,reset,0,108
204,6.0,0.35214071525954943,0.2915760702368152,0.00984251968503937,8.0,0.8646816701021308,True,40.0,True,reset,0,108
205,8.0,0.35214071525954943,0.29186865306301196,0.009803921568627453,8.0,0.8646816701021308,True,20.0,True,reset,0,108
206,6.0,0.37167196525954943,0.29225232283318764,0.009765625,8.0,0.8646816701021308,True,40.0,True,reset,0,108
207,6.0,0.39112721817783735,0.29272540845684625,0.00972762645914397,8.0,0.8646816701021308,True,40.0,True,reset,0,108
208,4.0,0.429886908100318,0.2933785584551485,0.009689922480620155,8.0,0.8646816701021308,True,60.0,True,reset,0,108
209,8.0,0.429886908100318,0.29402551745820615,0.009652509652509654,8.0,0.8646816701021308,True,20.0,True,reset,0,108
210,12.0,0.3914253696387795,0.29448495072320885,0.009615384615384616,8.0,0.8646816701021308,True,-20.0,True,reset,0,108
211,6.0,0.41058245776138486,0.29503000944169794,0.009578544061302683,8.0,0.8646816701021308,True,40.0,True,reset,0,108
212,4.0,0.4487503966926826,0.29574832900829134,0.009541984732824428,8.0,0.8646816701021308,True,60.0,True,reset,0,108
213,4.0,0.4867732103808955,0.296636816828629,0.009505703422053233,8.0,0.8646816701021308,True,60.0,True,reset,0,108
214,6.0,0.5057126043202894,0.2976047602892386,0.00946969696969697,8.0,0.8646816701021308,True,40.0,True,reset,0,108
215,8.0,0.5057126043202894,0.29856378261196237,0.009433962264150945,8.0,0.8646816701021308,True,20.0,True,reset,0,108
216,8.0,0.5057126043202894,0.29951400656475285,0.009398496240601503,8.0,0.8646816701021308,True,20.0,True,reset,0,108
217,4.0,0.7057126043202895,0.30136879468235805,0.05,8.0,0.8646816701021308,True,60.0,True,reset,1,108
218,6.0,0.803751820006564,0.3036523538883772,0.049019607843137254,8.0,0.8646816701021308,True,40.0,True,reset,1,108
219,4.0,0.9960595123142563,0.30678541795365266,0.04807692307692308,8.0,0.8646816701021308,True,60.0,True,reset,1,108
220,4.0,1.1847387575972752,0.31074016272682214,0.04716981132075472,8.0,0.8646816701021308,True,60.0,True,reset,1,108
221,4.0,1.3699239427824603,0.315489865776399,0.046296296296296294,8.0,0.8646816701021308,True,60.0,True,reset,1,108
222,6.0,1.4608330336915512,0.3206030049188774,0.045454545454545456,8.0,0.8646816701021308,True,40.0,True,reset,1,108
223,8.0,1.4608330336915512,0.32567069393564485,0.044642857142857144,8.0,0.8646816701021308,True,20.0,True,reset,1,108
224,4.0,1.636271630182779,0.33146981312257906,0.043859649122807015,8.0,0.8646816701021308,True,60.0,True,reset,1,108
225,6.0,1.7224785267345033,0.33759760481249945,0.04310344827586207,8.0,0.8646816701021308,True,-560.0,False,reset,1,108
226,8.0,1.7224785267345033,0.3436716439437363,0.04237288135593221,8.0,0.8646816701021308,True,20.0,True,reset,1,108
227,4.0,1.88914519340117,0.3504204367361269,0.04166666666666667,8.0,0.8646816701021308,True,60.0,True,reset,1,108
228,4.0,2.053079619630678,0.3578233027487119,0.04098360655737705,8.0,0.8646816701021308,True,60.0,True,reset,1,108
229,6.0,2.1337247809210007,0.3655111879356049,0.040322580645161296,8.0,0.8646816701021308,True,40.0,True,reset,1,108
230,4.0,2.2924549396511593,0.37381697996886165,0.03968253968253969,8.0,0.8646816701021308,True,60.0,True,reset,1,108
231,6.0,2.3705799396511593,0.3823867780790861,0.0390625,8.0,0.8646816701021308,True,40.0,True,reset,1,108
232,4.0,2.524426093497313,0.39154079224754007,0.038461538461538464,8.0,0.8646816701021308,True,60.0,True,reset,1,108
233,4.0,2.6759412450124644,0.4012616452380291,0.03787878787878788,8.0,0.8646816701021308,True,60.0,True,reset,1,108
234,6.0,2.7505681106841062,0.4112163336509362,0.03731343283582089,8.0,0.8646816701021308,True,40.0,True,reset,1,108
235,6.0,2.8240975224488123,0.4213972669370032,0.03676470588235295,8.0,0.8646816701021308,True,40.0,True,reset,1,108
236,6.0,2.896561290564754,0.4317971157757752,0.03623188405797102,8.0,0.8646816701021308,True,40.0,True,reset,1,108
237,14.0,2.68227557627904,0.4412133436439897,0.03571428571428572,8.0,0.8646816701021308,True,-40.0,True,reset,1,108
238,8.0,2.68227557627904,0.45055110294663575,0.035211267605633804,8.0,0.8646816701021308,True,20.0,True,reset,1,108
239,4.0,2.8211644651679286,0.46038767291435895,0.034722222222222224,8.0,0.8646816701021308,True,60.0,True,reset,1,108
240,6.0,2.88965761585286,0.47042597846369155,0.03424657534246576,8.0,0.8646816701021308,True,40.0,True,reset,1,108
241,6.0,2.9572251834204275,0.48065972004787566,0.033783783783783786,8.0,0.8646816701021308,True,40.0,True,reset,1,108
242,6.0,3.0238918500870944,0.49108280254803643,0.03333333333333333,8.0,0.8646816701021308,True,40.0,True,reset,1,108
243,6.0,3.089681323771305,0.5016893271244579,0.03289473684210526,8.0,0.8646816701021308,True,40.0,True,reset,1,108
244,20.0,2.7000709341609155,0.5106258377221671,0.03246753246753247,8.0,0.8646816701021308,True,-100.0,True,reset,1,108
245,6.0,2.76417349826348,0.5197495124612007,0.032051282051282055,8.0,0.8646816701021308,True,40.0,True,reset,1,108
246,6.0,2.827464637503986,0.5290548153847604,0.03164556962025317,8.0,0.8646816701021308,True,40.0,True,reset,1,108
247,10.0,2.764964637503986,0.5380343729033116,0.03125,8.0,0.8646816701021308,True,0.0,True,reset,1,108
248,10.0,2.703236242442258,0.5466951803814672,0.030864197530864196,8.0,0.8646816701021308,True,0.0,True,reset,1,108
249,6.0,2.7642118521983554,0.5555299081576301,0.03048780487804878,8.0,0.8646816701021308,True,40.0,True,reset,1,108
250,8.0,2.7642118521983554,0.5642945190466806,0.030120481927710843,8.0,0.8646816701021308,True,20.0,True,reset,1,108
251,10.0,2.704688042674546,0.5727545724997551,0.02976190476190476,8.0,0.8646816701021308,True,0.0,True,reset,1,108
252,4.0,2.8223351014980755,0.5816111887556541,0.029411764705882353,8.0,0.8646816701021308,True,60.0,True,reset,1,108
253,14.0,2.647916496846913,0.5897143468266002,0.029069767441860468,8.0,0.8646816701021308,True,-40.0,True,reset,1,108
254,4.0,2.762859025582545,0.5982031932279905,0.02873563218390805,8.0,0.8646816701021308,True,60.0,True,reset,1,108
255,6.0,2.819677207400727,0.6068470609874176,0.02840909090909091,8.0,0.8646816701021308,True,40.0,True,reset,1,108
256,8.0,2.819677207400727,0.6154239220200273,0.02808988764044944,8.0,0.8646816701021308,True,20.0,True,reset,1,108
257,12.0,2.7085660962896156,0.6235055520365121,0.02777777777777778,8.0,0.8646816701021308,True,-20.0,True,reset,1,108
258,4.0,2.8184562061797256,0.631947669937063,0.027472527472527472,8.0,0.8646816701021308,True,60.0,True,reset,1,108
259,6.0,2.872804032266682,0.6405333264977129,0.027173913043478264,8.0,0.8646816701021308,True,40.0,True,reset,1,108
260,20.0,2.5502233871053916,0.6478222198588109,0.02688172043010753,8.0,0.8646816701021308,True,-100.0,True,reset,1,108
261,6.0,2.603414876467094,0.6552579333820363,0.026595744680851068,8.0,0.8646816701021308,True,40.0,True,reset,1,108
262,6.0,2.6560464554144625,0.6628366777836744,0.026315789473684213,8.0,0.8646816701021308,True,40.0,True,reset,1,108
263,6.0,2.708129788747796,0.6705547649948597,0.026041666666666668,8.0,0.8646816701021308,True,40.0,True,reset,1,108
264,8.0,2.708129788747796,0.6782148214751338,0.025773195876288662,8.0,0.8646816701021308,True,20.0,True,reset,1,108
265,6.0,2.7591501969110612,0.6860085869262047,0.025510204081632654,8.0,0.8646816701021308,True,40.0,True,reset,1,108
266,8.0,2.7591501969110612,0.6937441899485363,0.025252525252525256,8.0,0.8646816701021308,True,20.0,True,reset,1,108
267,8.0,2.7591501969110612,0.7014222791937501,0.025,8.0,0.8646816701021308,True,20.0,True,reset,1,108
268,12.0,2.660140295920962,0.708676790366814,0.024752475247524754,8.0,0.8646816701021308,True,-20.0,True,reset,1,108
269,8.0,2.660140295920962,0.7158777627120322,0.024509803921568627,8.0,0.8646816701021308,True,20.0,True,reset,1,108
270,4.0,2.757227674561739,0.7233827256232443,0.024271844660194174,8.0,0.8646816701021308,True,60.0,True,reset,1,108
271,6.0,2.8053045976386617,0.7310088130665243,0.02403846153846154,8.0,0.8646816701021308,True,40.0,True,reset,1,108
272,8.0,2.8053045976386617,0.7385792356379555,0.023809523809523808,8.0,0.8646816701021308,True,20.0,True,reset,1,108
273,10.0,2.758134786317907,0.7459230740040643,0.02358490566037736,8.0,0.8646816701021308,True,0.0,True,reset,1,108
274,6.0,2.804863758280524,0.7533830040195588,0.02336448598130841,8.0,0.8646816701021308,True,40.0,True,reset,1,108
275,8.0,2.804863758280524,0.7607890717244721,0.023148148148148147,8.0,0.8646816701021308,True,20.0,True,reset,1,108
276,20.0,2.5296344004823585,0.7671518247056155,0.022935779816513766,8.0,0.8646816701021308,True,-100.0,True,reset,1,108
277,10.0,2.484179855027813,0.7733060470365194,0.022727272727272728,8.0,0.8646816701021308,True,0.0,True,reset,1,108
278,4.0,2.574269945117903,0.7797380609582386,0.022522522522522525,8.0,0.8646816701021308,True,60.0,True,reset,1,108
279,4.0,2.6635556594036176,0.7864420381769054,0.022321428571428572,8.0,0.8646816701021308,True,60.0,True,reset,1,108
280,4.0,2.7520512346248567,0.7934122835543804,0.022123893805309738,8.0,0.8646816701021308,True,60.0,True,reset,1,108
281,12.0,2.664331936379243,0.8000233070625955,0.021929824561403508,8.0,0.8646816701021308,True,-20.0,True,reset,1,108
282,4.0,2.751288458118373,0.8068939590029328,0.02173913043478261,8.0,0.8646816701021308,True,-540.0,False,reset,1,108
283,10.0,2.708185009842511,0.8135651556725453,0.021551724137931032,8.0,0.8646816701021308,True,0.0,True,reset,1,108
284,6.0,2.7509200525775537,0.8203391238435419,0.02136752136752137,8.0,0.8646816701021308,True,40.0,True,reset,1,108
285,8.0,2.7509200525775537,0.8270658866614304,0.0211864406779661,8.0,0.8646816701021308,True,20.0,True,reset,1,108
286,24.0,2.414785598796041,0.8325788023285645,0.02100840336134454,8.0,0.8646816701021308,True,-140.0,True,reset,1,108
287,4.0,2.4981189321293744,0.8383419169645535,0.020833333333333332,8.0,0.8646816701021308,True,60.0,True,reset,1,108
288,4.0,2.580763560228548,0.8443502674585672,0.02066115702479339,8.0,0.8646816701021308,True,60.0,True,reset,1,108
289,6.0,2.621747166785925,0.8504581605834035,0.020491803278688527,8.0,0.8646816701021308,True,40.0,True,reset,1,108
290,4.0,2.7030479797940554,0.8568026462656319,0.020325203252032523,8.0,0.8646816701021308,True,60.0,True,reset,1,108
291,6.0,2.743370560439217,0.8632414446075212,0.020161290322580648,8.0,0.8646816701021308,True,40.0,True,reset,1,108
292,16.0,2.5833705604392168,0.8690922239130712,0.02,8.0,0.8646816701021308,True,-60.0,True,reset,1,108
293,4.0,2.6627356398042963,0.8751723710855838,0.019841269841269844,8.0,0.8646816701021308,True,60.0,True,reset,1,108
294,4.0,2.741475797284611,0.8814774502281482,0.01968503937007874,8.0,0.8646816701021308,True,60.0,True,reset,1,108
295,6.0,2.780538297284611,0.8878715944943316,0.01953125,8.0,0.8646816701021308,True,40.0,True,reset,1,108
296,6.0,2.819297987207092,0.8943528911141732,0.01937984496124031,8.0,0.8646816701021308,True,40.0,True,reset,1,108
297,6.0,2.85775952566863,0.900919468487265,0.019230769230769232,8.0,0.8646816701021308,True,40.0,True,reset,1,108
298,6.0,2.895927464599928,0.907569495140974,0.019083969465648856,8.0,0.8646816701021308,True,40.0,True,reset,1,108
299,6.0,2.933806252478716,0.914301178720169,0.01893939393939394,8.0,0.8646816701021308,True,40.0,True,reset,1,108
300,12.0,2.8586182825539037,0.9207393148255787,0.018796992481203006,8.0,0.8646816701021308,True,-20.0,True,reset,1,108
301,12.0,2.783991416882262,0.9268886616970529,0.01865671641791045,8.0,0.8646816701021308,True,-20.0,True,reset,1,108
302,6.0,2.821028453919299,0.933119384697784,0.018518518518518517,8.0,0.8646816701021308,True,40.0,True,reset,1,108
303,10.0,2.7842637480369463,0.9391887104792239,0.018382352941176475,8.0,0.8646816701021308,True,0.0,True,reset,1,108
304,8.0,2.7842637480369463,0.9452183674647067,0.01824817518248175,8.0,0.8646816701021308,True,20.0,True,reset,1,108
305,6.0,2.8204956320949175,0.9513267624635021,0.01811594202898551,8.0,0.8646816701021308,True,40.0,True,reset,1,108
306,10.0,2.7845244090733345,0.9572787028745731,0.017985611510791366,8.0,0.8646816701021308,True,0.0,True,reset,1,108
307,6.0,2.82023869478762,0.9633076996121558,0.01785714285714286,8.0,0.8646816701021308,True,40.0,True,reset,1,108
308,16.0,2.6783947231564147,0.9688402383977824,0.017730496453900707,8.0,0.8646816701021308,True,-60.0,True,reset,1,108
309,4.0,2.748817258367682,0.9745636371758207,0.017605633802816902,8.0,0.8646816701021308,True,60.0,True,reset,1,108
310,8.0,2.748817258367682,0.9802503475001537,0.01748251748251748,8.0,0.8646816701021308,True,20.0,True,reset,1,108
311,14.0,2.6446505917010157,0.9855679201653321,0.017361111111111112,8.0,0.8646816701021308,True,-40.0,True,reset,1,108
312,8.0,2.6446505917010157,0.9908516229409234,0.017241379310344827,8.0,0.8646816701021308,True,20.0,True,reset,1,108
313,4.0,2.713143742385947,0.9963192169709078,0.01712328767123288,8.0,0.8646816701021308,True,60.0,True,reset,1,108
314,10.0,2.6791301369437703,1.0016445679834802,0.017006802721088437,8.0,0.8646816701021308,True,0.0,True,reset,1,108
315,4.0,2.746697704511338,1.0071494674677952,0.016891891891891893,8.0,0.8646816701021308,True,-540.0,False,reset,1,108
316,6.0,2.7802547514912037,1.012725270247743,0.016778523489932886,8.0,0.8646816701021308,True,40.0,True,reset,1,108
317,6.0,2.813588084824537,1.0183706082244728,0.016666666666666666,8.0,0.8646816701021308,True,40.0,True,reset,1,108
318,8.0,2.813588084824537,1.023980662838848,0.016556291390728478,8.0,0.8646816701021308,True,20.0,True,reset,1,108
319,6.0,2.8464828216666422,1.0296582396576262,0.01644736842105263,8.0,0.8646816701021308,True,40.0,True,reset,1,108
320,8.0,2.8464828216666422,1.0353005520241139,0.016339869281045753,8.0,0.8646816701021308,True,20.0,True,reset,1,108
321,6.0,2.8789503541341745,1.0410084461482936,0.016233766233766236,8.0,0.8646816701021308,True,-560.0,False,reset,1,108
322,14.0,2.7821761605857875,1.0463824205755698,0.016129032258064516,8.0,0.8646816701021308,True,-40.0,True,reset,1,108
323,12.0,2.718073596483223,1.0515260857322086,0.016025641025641028,8.0,0.8646816701021308,True,-20.0,True,reset,1,108
324,8.0,2.718073596483223,1.056638194660893,0.01592356687898089,8.0,0.8646816701021308,True,20.0,True,reset,1,108
325,8.0,2.718073596483223,1.0617190368683007,0.015822784810126583,8.0,0.8646816701021308,True,20.0,True,reset,1,108
326,6.0,2.7495201373637266,1.0668647719307867,0.015723270440251572,8.0,0.8646816701021308,True,40.0,True,reset,1,108
327,12.0,2.6870201373637266,1.0717892563242,0.015625,8.0,0.8646816701021308,True,-20.0,True,reset,1,108
328,4.0,2.7491319386059625,1.076872112937175,0.015527950310559006,8.0,0.8646816701021308,True,60.0,True,reset,1,108
329,6.0,2.779996136136827,1.0820175027353613,0.015432098765432098,8.0,0.8646816701021308,True,40.0,True,reset,1,108
330,12.0,2.718646442885293,1.0869471079767767,0.015337423312883436,8.0,0.8646816701021308,True,-20.0,True,reset,1,108
331,8.0,2.718646442885293,1.091847105979505,0.01524390243902439,8.0,0.8646816701021308,True,20.0,True,reset,1,108
332,6.0,2.7489494731883233,1.0968084903124655,0.015151515151515152,8.0,0.8646816701021308,True,40.0,True,reset,1,108
333,26.0,2.4778651358389254,1.1009310474632907,0.015060240963855423,8.0,0.8646816701021308,True,-160.0,True,reset,1,108
334,8.0,2.4778651358389254,1.1050290655834563,0.014970059880239523,8.0,0.8646816701021308,True,-580.0,False,reset,1,108
335,10.0,2.4481032310770208,1.1090144488638527,0.014880952380952382,8.0,0.8646816701021308,True,0.0,True,reset,1,108
336,4.0,2.5072748287101567,1.1131513138929836,0.014792899408284025,8.0,0.8646816701021308,True,60.0,True,reset,1,108
337,10.0,2.4778630640042745,1.117177012270893,0.014705882352941178,8.0,0.8646816701021308,True,0.0,True,reset,1,108
338,4.0,2.536342596168017,1.12135102869412,0.014619883040935673,8.0,0.8646816701021308,True,60.0,True,reset,1,108
339,8.0,2.536342596168017,1.1255005640826066,0.014534883720930234,8.0,0.8646816701021308,True,-580.0,False,reset,1,108
340,4.0,2.5941460643761096,1.129794849171184,0.014450867052023123,8.0,0.8646816701021308,True,60.0,True,reset,1,108
341,6.0,2.6228816965600177,1.1341478720498686,0.014367816091954025,8.0,0.8646816701021308,True,40.0,True,reset,1,108
342,4.0,2.6800245537028746,1.1386416996128135,0.014285714285714287,8.0,0.8646816701021308,True,60.0,True,reset,1,108
343,4.0,2.7368427355210563,1.143274166383562,0.014204545454545456,8.0,0.8646816701021308,True,60.0,True,reset,1,108
344,8.0,2.7368427355210563,1.1478798558897396,0.014124293785310734,8.0,0.8646816701021308,True,20.0,True,reset,1,108
345,10.0,2.7087528478806067,1.152378048950232,0.01404494382022472,8.0,0.8646816701021308,True,0.0,True,reset,1,108
346,6.0,2.736685808774461,1.156930657455474,0.013966480446927375,8.0,0.8646816701021308,True,40.0,True,reset,1,108
347,8.0,2.736685808774461,1.1614571765136945,0.01388888888888889,8.0,0.8646816701021308,True,20.0,True,reset,1,108
348,8.0,2.736685808774461,1.1659578297487252,0.013812154696132598,8.0,0.8646816701021308,True,20.0,True,reset,1,108
349,6.0,2.7641583362469886,1.1705111075450165,0.013736263736263736,8.0,0.8646816701021308,True,40.0,True,reset,1,108
350,6.0,2.791480740618573,1.1751161349117027,0.01366120218579235,8.0,0.8646816701021308,True,40.0,True,reset,1,108
351,12.0,2.7371329145316166,1.1795411116245071,0.01358695652173913,8.0,0.8646816701021308,True,-20.0,True,reset,1,108
352,8.0,2.7371329145316166,1.1839410884688775,0.013513513513513514,8.0,0.8646816701021308,True,20.0,True,reset,1,108
353,6.0,2.764014634961724,1.1883919998674488,0.013440860215053764,8.0,0.8646816701021308,True,40.0,True,reset,1,108
354,8.0,2.764014634961724,1.1928179061458035,0.013368983957219251,8.0,0.8646816701021308,True,20.0,True,reset,1,108
355,10.0,2.737418890280873,1.197144519546742,0.013297872340425532,8.0,0.8646816701021308,True,0.0,True,reset,1,108
356,10.0,2.7109638638258464,1.201373065201153,0.013227513227513227,8.0,0.8646816701021308,True,0.0,True,reset,1,108
357,6.0,2.7372796532995305,1.2056513565329035,0.013157894736842105,8.0,0.8646816701021308,True,40.0,True,reset,1,108
358,6.0,2.7634576637707347,1.2099785962752307,0.013089005235602096,8.0,0.8646816701021308,True,40.0,True,reset,1,108
359,6.0,2.789499330437401,1.214353999970971,0.013020833333333334,8.0,0.8646816701021308,True,40.0,True,reset,1,108
360,6.0,2.8154060661886966,1.2187767957340032,0.01295336787564767,8.0,0.8646816701021308,True,40.0,True,reset,1,108
361,8.0,2.8154060661886966,1.2231752234763027,0.012886597938144331,8.0,0.8646816701021308,True,20.0,True,reset,1,108
362,12.0,2.7641240149066455,1.2274085992769355,0.012820512820512822,8.0,0.8646816701021308,True,-20.0,True,reset,1,108
363,14.0,2.6875934026617476,1.2314091055875789,0.012755102040816327,8.0,0.8646816701021308,True,-40.0,True,reset,1,108
364,4.0,2.7383548239815445,1.2355264436159776,0.01269035532994924,8.0,0.8646816701021308,True,60.0,True,reset,1,108
365,8.0,2.7383548239815445,1.2396213438349575,0.012626262626262628,8.0,0.8646816701021308,True,20.0,True,reset,1,108
366,10.0,2.713229195840841,1.2436257129980168,0.01256281407035176,8.0,0.8646816701021308,True,0.0,True,reset,1,108
367,8.0,2.713229195840841,1.2476083782631735,0.0125,8.0,0.8646816701021308,True,20.0,True,reset,1,108
368,6.0,2.7381048177313883,1.2516367470184928,0.012437810945273634,8.0,0.8646816701021308,True,-560.0,False,reset,1,108
369,8.0,2.7381048177313883,1.2556433995001988,0.012376237623762377,8.0,0.8646816701021308,True,20.0,True,reset,1,108
370,6.0,2.7627353596033095,1.2596947219735943,0.01231527093596059,8.0,0.8646816701021308,True,40.0,True,reset,1,108
371,18.0,2.6401863399954664,1.263395771887862,0.012254901960784314,8.0,0.8646816701021308,True,-80.0,True,reset,1,108
372,4.0,2.6889668278003445,1.267207459203136,0.012195121951219514,8.0,0.8646816701021308,True,60.0,True,reset,1,108
373,4.0,2.737510517120733,1.271128267357583,0.012135922330097087,8.0,0.8646816701021308,True,60.0,True,reset,1,108
374,8.0,2.737510517120733,1.275028220149506,0.012077294685990338,8.0,0.8646816701021308,True,20.0,True,reset,1,108
375,10.0,2.713472055582271,1.2788437210392483,0.01201923076923077,8.0,0.8646816701021308,True,0.0,True,reset,1,108
376,8.0,2.713472055582271,1.2826390340935947,0.01196172248803828,8.0,0.8646816701021308,True,20.0,True,reset,1,108
377,14.0,2.6420434841536995,1.2862258532230408,0.011904761904761904,8.0,0.8646816701021308,True,-40.0,True,reset,1,108
378,4.0,2.6894368490826093,1.2899185137384608,0.011848341232227487,8.0,0.8646816701021308,True,60.0,True,reset,1,108
379,8.0,2.6894368490826093,1.2935917902091802,0.01179245283018868,8.0,0.8646816701021308,True,20.0,True,reset,1,108
380,6.0,2.7129110274863653,1.2973072855947227,0.011737089201877935,8.0,0.8646816701021308,True,-560.0,False,reset,1,108
381,8.0,2.7129110274863653,1.3010033789155886,0.011682242990654205,8.0,0.8646816701021308,True,20.0,True,reset,1,108
382,4.0,2.759422655393342,1.304801345781416,0.011627906976744184,8.0,0.8646816701021308,True,60.0,True,reset,1,108
383,8.0,2.759422655393342,1.3085795829492393,0.011574074074074073,8.0,0.8646816701021308,True,20.0,True,reset,1,108
384,10.0,2.7363811807389644,1.312278550819161,0.01152073732718894,8.0,0.8646816701021308,True,0.0,True,reset,1,108
385,12.0,2.690509621105937,1.3158398714142172,0.011467889908256883,8.0,0.8646816701021308,True,-20.0,True,reset,1,108
386,4.0,2.736171721562558,1.3195005205125376,0.011415525114155252,8.0,0.8646816701021308,True,60.0,True,reset,1,108
387,12.0,2.6907171761080124,1.3230254990616264,0.011363636363636364,8.0,0.8646816701021308,True,-20.0,True,reset,1,108
388,4.0,2.735966044886293,1.3266484235380998,0.011312217194570137,8.0,0.8646816701021308,True,60.0,True,reset,1,108
389,6.0,2.7584885674088153,1.330310418790966,0.011261261261261262,8.0,0.8646816701021308,True,40.0,True,reset,1,108
390,12.0,2.713645518081461,1.3338393348605846,0.011210762331838566,8.0,0.8646816701021308,True,-20.0,True,reset,1,108
391,8.0,2.713645518081461,1.337350292069798,0.011160714285714286,8.0,0.8646816701021308,True,20.0,True,reset,1,108
392,6.0,2.735867740303683,1.3408998287404421,0.011111111111111112,8.0,0.8646816701021308,True,40.0,True,reset,1,108
393,10.0,2.713743846498373,1.3443753832157785,0.011061946902654869,8.0,0.8646816701021308,True,0.0,True,reset,1,108
394,8.0,2.713743846498373,1.347833384385684,0.011013215859030838,8.0,0.8646816701021308,True,20.0,True,reset,1,108
395,12.0,2.6698841973755663,1.351163487189185,0.010964912280701754,8.0,0.8646816701021308,True,-20.0,True,reset,1,108
396,10.0,2.648050136240195,1.354421996357655,0.01091703056768559,8.0,0.8646816701021308,True,0.0,True,reset,1,108
397,4.0,2.6915283971097606,1.357773140219189,0.010869565217391306,8.0,0.8646816701021308,True,60.0,True,reset,1,108
398,6.0,2.7131734187547822,1.361161640915528,0.010822510822510822,8.0,0.8646816701021308,True,40.0,True,reset,1,108
399,6.0,2.7347251428927133,1.3645869863069922,0.010775862068965516,8.0,0.8646816701021308,True,40.0,True,reset,1,108
0,6.0,1.1,1.05,0.05,8.0,0.8646816701021308,False,4.0,True,reset,0,109
1,14.0,0.8058823529411765,0.9686274509803923,0.049019607843137254,8.0,0.8646816701021308,False,-4.0,True,reset,0,109
2,12.0,0.6135746606334842,0.8798642533936653,0.04807692307692308,8.0,0.8646816701021308,False,-2.0,True,reset,0,109
3,6.0,0.7079142832749936,0.8454742593699309,0.04716981132075472,8.0,0.8646816701021308,False,4.0,True,reset,0,109
4,6.0,0.8005068758675862,0.8379796954528734,0.046296296296296294,8.0,0.8646816701021308,False,4.0,True,reset,0,109
5,8.0,0.8005068758675862,0.8326264355121181,0.045454545454545456,8.0,0.8646816701021308,False,2.0,True,reset,0,109
6,8.0,0.8005068758675862,0.8286114905565516,0.044642857142857144,8.0,0.8646816701021308,False,2.0,True,reset,0,109
7,8.0,0.8005068758675862,0.825488755591111,0.043859649122807015,8.0,0.8646816701021308,False,2.0,True,reset,0,109
8,14.0,0.5418861862124138,0.7971284986532412,0.04310344827586207,8.0,0.8646816701021308,False,-4.0,True,reset,0,109
9,10.0,0.4571404235005494,0.7662204918211782,0.04237288135593221,8.0,0.8646816701021308,False,0.0,True,reset,0,109
10,8.0,0.4571404235005494,0.7404638194611258,0.04166666666666667,8.0,0.8646816701021308,False,2.0,True,reset,0,109
11,6.0,0.5391076366153035,0.7249748823191395,0.04098360655737705,8.0,0.8646816701021308,False,4.0,True,reset,0,109
12,8.0,0.5391076366153035,0.7116986504831513,0.040322580645161296,8.0,0.8646816701021308,False,2.0,True,reset,0,109
13,14.0,0.30101239852006534,0.6843195670189456,0.03968253968253969,8.0,0.8646816701021308,False,-4.0,True,reset,0,109
14,10.0,0.22288739852006534,0.6554800564877655,0.0390625,8.0,0.8646816701021308,False,0.0,True,reset,0,109
15,6.0,0.29981047544314227,0.6345583164263171,0.038461538461538464,8.0,0.8646816701021308,False,-56.0,False,reset,0,109
16,6.0,0.375568051200718,0.6201699683582282,0.03787878787878788,8.0,0.8646816701021308,False,4.0,True,reset,0,109
17,8.0,0.375568051200718,0.607296183244675,0.03731343283582089,8.0,0.8646816701021308,False,2.0,True,reset,0,109
18,32.0,0.0,0.5769313740824413,0.03676470588235295,8.0,0.8646816701021308,False,-22.0,True,reset,0,109
19,4.0,0.1449275362318841,0.5563597627562243,0.03623188405797102,8.0,0.8646816701021308,False,6.0,True,reset,0,109
20,10.0,0.07349896480331265,0.5344115446674557,0.03571428571428572,8.0,0.8646816701021308,False,0.0,True,reset,0,109
21,6.0,0.14392150001458026,0.5174337166390697,0.035211267605633804,8.0,0.8646816701021308,False,4.0,True,reset,0,109
22,4.0,0.28281038890346916,0.5076577446500864,0.034722222222222224,8.0,0.8646816701021308,False,6.0,True,reset,0,109
23,10.0,0.21431723821853765,0.4959241243928244,0.03424657534246576,8.0,0.8646816701021308,False,0.0,True,reset,0,109
24,4.0,0.3494523733536728,0.4902905955067032,0.033783783783783786,8.0,0.8646816701021308,False,6.0,True,reset,0,109
25,12.0,0.21611904002033946,0.4801360934516527,0.03333333333333333,8.0,0.8646816701021308,False,-2.0,True,reset,0,109
26,4.0,0.3476979873887605,0.4754061610922637,0.03289473684210526,8.0,0.8646816701021308,False,-54.0,False,reset,0,109
27,14.0,0.1528927925835657,0.46428501045403275,0.03246753246753247,8.0,0.8646816701021308,False,-4.0,True,reset,0,109
28,4.0,0.2810979207886939,0.4581787741318548,0.032051282051282055,8.0,0.8646816701021308,False,6.0,True,reset,0,109
29,6.0,0.3443890600292002,0.4545081381930595,0.03164556962025317,8.0,0.8646816701021308,False,4.0,True,reset,0,109
30,6.0,0.4068890600292002,0.45302004200043894,0.03125,8.0,0.8646816701021308,False,4.0,True,reset,0,109
31,10.0,0.34516066496747183,0.44975157602974297,0.030864197530864196,8.0,0.8646816701021308,False,0.0,True,reset,0,109
32,8.0,0.34516066496747183,0.44667537276320557,0.03048780487804878,8.0,0.8646816701021308,False,2.0,True,reset,0,109
33,8.0,0.34516066496747183,0.4437749525404703,0.030120481927710843,8.0,0.8646816701021308,False,2.0,True,reset,0,109
34,8.0,0.34516066496747183,0.44103566677455364,0.02976190476190476,8.0,0.8646816701021308,False,-58.0,False,reset,0,109
35,12.0,0.22751360614394242,0.4352648002710236,0.029411764705882353,8.0,0.8646816701021308,False,-2.0,True,reset,0,109
36,4.0,0.3437926759113843,0.43285763910366465,0.029069767441860468,8.0,0.8646816701021308,False,-54.0,False,reset,0,109
37,10.0,0.2863214115435682,0.42910029993545706,0.02873563218390805,8.0,0.8646816701021308,False,0.0,True,reset,0,109
38,18.0,0.0022305024526591,0.4184285549983871,0.02840909090909091,8.0,0.8646816701021308,False,-8.0,True,reset,0,109
39,6.0,0.05841027773355798,0.40964762140656197,0.02808988764044944,8.0,0.8646816701021308,False,4.0,True,reset,0,109
40,8.0,0.05841027773355798,0.40128482750958566,0.02777777777777778,8.0,0.8646816701021308,False,2.0,True,reset,0,109
41,6.0,0.11335533267861292,0.39458879274607467,0.027472527472527472,8.0,0.8646816701021308,False,4.0,True,reset,0,109
42,8.0,0.11335533267861292,0.3881971231990869,0.027173913043478264,8.0,0.8646816701021308,False,2.0,True,reset,0,109
43,6.0,0.16711877353882798,0.3832842709844145,0.02688172043010753,8.0,0.8646816701021308,False,4.0,True,reset,0,109
44,8.0,0.16711877353882798,0.3785850210399452,0.026595744680851068,8.0,0.8646816701021308,False,2.0,True,reset,0,109
45,4.0,0.2723819314335648,0.3763253808355541,0.026315789473684213,8.0,0.8646816701021308,False,6.0,True,reset,0,109
46,6.0,0.32446526476689813,0.3752449617507904,0.026041666666666668,8.0,0.8646816701021308,False,4.0,True,reset,0,109
47,6.0,0.37601165651947543,0.3752606085828044,0.025773195876288662,8.0,0.8646816701021308,False,4.0,True,reset,0,109
48,8.0,0.37601165651947543,0.37527562954153787,0.025510204081632654,8.0,0.8646816701021308,False,2.0,True,reset,0,109
49,16.0,0.1739914544992734,0.37132888101129735,0.025252525252525256,8.0,0.8646816701021308,False,-6.0,True,reset,0,109
50,6.0,0.22399145449927338,0.36849546896298924,0.025,8.0,0.8646816701021308,False,4.0,True,reset,0,109
51,4.0,0.32300135548937237,0.367637089463487,0.024752475247524754,8.0,0.8646816701021308,False,6.0,True,reset,0,109
52,8.0,0.32300135548937237,0.3668105017972997,0.024509803921568627,8.0,0.8646816701021308,False,2.0,True,reset,0,109
53,8.0,0.32300135548937237,0.36601397186442824,0.024271844660194174,8.0,0.8646816701021308,False,-58.0,False,reset,0,109
54,8.0,0.32300135548937237,0.36524588942915936,0.02403846153846154,8.0,0.8646816701021308,False,2.0,True,reset,0,109
55,8.0,0.32300135548937237,0.3645047572547771,0.023809523809523808,8.0,0.8646816701021308,False,2.0,True,reset,0,109
56,6.0,0.3701711668101271,0.36460245397124863,0.02358490566037736,8.0,0.8646816701021308,False,4.0,True,reset,0,109
57,10.0,0.32344219484751024,0.3639048224606768,0.02336448598130841,8.0,0.8646816701021308,False,0.0,True,reset,0,109
58,6.0,0.3697384911438065,0.3640020502720623,0.023148148148148147,8.0,0.8646816701021308,False,4.0,True,reset,0,109
59,18.0,0.14038069297866887,0.3603361263820067,0.022935779816513766,8.0,0.8646816701021308,False,-8.0,True,reset,0,109
60,4.0,0.23128978388775978,0.35825473376113176,0.022727272727272728,8.0,0.8646816701021308,False,6.0,True,reset,0,109
61,6.0,0.2763348289328048,0.35695441781147574,0.022522522522522525,8.0,0.8646816701021308,False,4.0,True,reset,0,109
62,18.0,0.053120543218519084,0.3522070135209608,0.022321428571428572,8.0,0.8646816701021308,False,-8.0,True,reset,0,109
63,4.0,0.14161611843975802,0.34896715359663455,0.022123893805309738,8.0,0.8646816701021308,False,6.0,True,reset,0,109
64,4.0,0.22933541668537205,0.3471545515222215,0.021929824561403508,8.0,0.8646816701021308,False,6.0,True,reset,0,109
65,6.0,0.2728136775549373,0.3460449862391277,0.02173913043478261,8.0,0.8646816701021308,False,4.0,True,reset,0,109
66,14.0,0.1435033327273511,0.3430664325110134,0.021551724137931032,8.0,0.8646816701021308,False,-4.0,True,reset,0,109
67,4.0,0.2289734181974366,0.3414129105644398,0.02136752136752137,8.0,0.8646816701021308,False,6.0,True,reset,0,109
68,8.0,0.2289734181974366,0.33980663210205403,0.0211864406779661,8.0,0.8646816701021308,False,2.0,True,reset,0,109
69,4.0,0.31300703164281474,0.33942917294065633,0.02100840336134454,8.0,0.8646816701021308,False,6.0,True,reset,0,109
70,8.0,0.31300703164281474,0.3390621987559641,0.020833333333333332,8.0,0.8646816701021308,False,2.0,True,reset,0,109
71,8.0,0.31300703164281474,0.3387052786585237,0.02066115702479339,8.0,0.8646816701021308,False,2.0,True,reset,0,109
72,6.0,0.3539906382001918,0.33891183757124893,0.020491803278688527,8.0,0.8646816701021308,False,4.0,True,reset,0,109
73,6.0,0.3946410447042568,0.3396548936663557,0.020325203252032523,8.0,0.8646816701021308,False,4.0,True,reset,0,109
74,10.0,0.3543184640590955,0.33984783538204966,0.020161290322580648,8.0,0.8646816701021308,False,0.0,True,reset,0,109
75,10.0,0.3143184640590955,0.33951628510512816,0.02,8.0,0.8646816701021308,False,0.0,True,reset,0,109
76,6.0,0.35400100374163523,0.339701986626109,0.019841269841269844,8.0,0.8646816701021308,False,4.0,True,reset,0,109
77,8.0,0.35400100374163523,0.3398829868427613,0.01968503937007874,8.0,0.8646816701021308,False,2.0,True,reset,0,109
78,10.0,0.31493850374163523,0.33957118080399723,0.01953125,8.0,0.8646816701021308,False,0.0,True,reset,0,109
79,12.0,0.237419123896674,0.33831004429896855,0.01937984496124031,8.0,0.8646816701021308,False,-2.0,True,reset,0,109
80,4.0,0.31434220081975095,0.33801775352483177,0.019230769230769232,8.0,0.8646816701021308,False,6.0,True,reset,0,109
81,10.0,0.27617426188845323,0.33727265121595973,0.019083969465648856,8.0,0.8646816701021308,False,0.0,True,reset,0,109
82,14.0,0.16253789825208959,0.33519247558543747,0.01893939393939394,8.0,0.8646816701021308,False,-4.0,True,reset,0,109
83,4.0,0.2377258681769016,0.3340458096159253,0.018796992481203006,8.0,0.8646816701021308,False,-54.0,False,reset,0,109
84,6.0,0.2750393010127225,0.3333596874228648,0.01865671641791045,8.0,0.8646816701021308,False,4.0,True,reset,0,109
85,10.0,0.23800226397568547,0.33226362508439145,0.018518518518518517,8.0,0.8646816701021308,False,0.0,True,reset,0,109
86,6.0,0.2747669698580384,0.3316102540022738,0.018382352941176475,8.0,0.8646816701021308,False,4.0,True,reset,0,109
87,6.0,0.3112633202230019,0.33138163676879884,0.01824817518248175,8.0,0.8646816701021308,False,4.0,True,reset,0,109
88,6.0,0.3474952042809729,0.331560676407823,0.01811594202898551,8.0,0.8646816701021308,False,4.0,True,reset,0,109
89,10.0,0.3115239812593902,0.33134049294465345,0.017985611510791366,8.0,0.8646816701021308,False,0.0,True,reset,0,109
90,10.0,0.2758096955451045,0.3307368973207453,0.01785714285714286,8.0,0.8646816701021308,False,0.0,True,reset,0,109
91,8.0,0.2758096955451045,0.3301462822478889,0.017730496453900707,8.0,0.8646816701021308,False,2.0,True,reset,0,109
92,8.0,0.2758096955451045,0.3295682334531784,0.017605633802816902,8.0,0.8646816701021308,False,2.0,True,reset,0,109
93,8.0,0.2758096955451045,0.32900235410677764,0.01748251748251748,8.0,0.8646816701021308,False,2.0,True,reset,0,109
94,8.0,0.2758096955451045,0.32844826391342685,0.017361111111111112,8.0,0.8646816701021308,False,2.0,True,reset,0,109
95,6.0,0.31029245416579415,0.3282610906170595,0.017241379310344827,8.0,0.8646816701021308,False,4.0,True,reset,0,109
96,18.0,0.13905957745346537,0.3263304629317167,0.01712328767123288,8.0,0.8646816701021308,False,-8.0,True,reset,0,109
97,4.0,0.20708678833781913,0.3251259813701622,0.017006802721088437,8.0,0.8646816701021308,False,6.0,True,reset,0,109
98,8.0,0.20708678833781913,0.32394558943983875,0.016891891891891893,8.0,0.8646816701021308,False,2.0,True,reset,0,109
99,4.0,0.2742008822975507,0.3234530675869448,0.016778523489932886,8.0,0.8646816701021308,False,6.0,True,reset,0,109
100,8.0,0.2742008822975507,0.32297020302528406,0.016666666666666666,8.0,0.8646816701021308,False,2.0,True,reset,0,109
101,12.0,0.20797571673463677,0.32185375170207386,0.016556291390728478,8.0,0.8646816701021308,False,-2.0,True,reset,0,109
102,8.0,0.20797571673463677,0.3207587705966178,0.01644736842105263,8.0,0.8646816701021308,False,2.0,True,reset,0,109
103,4.0,0.27333519385881977,0.3203071174848292,0.016339869281045753,8.0,0.8646816701021308,False,6.0,True,reset,0,109
104,12.0,0.2084001289237548,0.3192513911776493,0.016233766233766236,8.0,0.8646816701021308,False,-2.0,True,reset,0,109
105,4.0,0.2729162579560129,0.31881835254940966,0.016129032258064516,8.0,0.8646816701021308,False,6.0,True,reset,0,109
106,10.0,0.24086497590473083,0.31809656202492187,0.016025641025641028,8.0,0.8646816701021308,False,0.0,True,reset,0,109
107,4.0,0.3045592434206544,0.3179723664413965,0.01592356687898089,8.0,0.8646816701021308,False,6.0,True,reset,0,109
108,8.0,0.3045592434206544,0.31785042895938975,0.015822784810126583,8.0,0.8646816701021308,False,2.0,True,reset,0,109
109,8.0,0.3045592434206544,0.3177306885491309,0.015723270440251572,8.0,0.8646816701021308,False,2.0,True,reset,0,109
110,6.0,0.3358092434206544,0.31789210421762665,0.015625,8.0,0.8646816701021308,False,4.0,True,reset,0,109
111,10.0,0.30475334279953636,0.3177758319926878,0.015527950310559006,8.0,0.8646816701021308,False,0.0,True,reset,0,109
112,6.0,0.3356175403304006,0.31793233820617656,0.015432098765432098,8.0,0.8646816701021308,False,4.0,True,reset,0,109
113,6.0,0.36629238695616745,0.31835286036921995,0.015337423312883436,8.0,0.8646816701021308,False,4.0,True,reset,0,109
114,6.0,0.3967801918342162,0.319028958054263,0.01524390243902439,8.0,0.8646816701021308,False,4.0,True,reset,0,109
115,8.0,0.3967801918342162,0.31969349851392076,0.015151515151515152,8.0,0.8646816701021308,False,2.0,True,reset,0,109
116,6.0,0.42690067376192703,0.32060203389737846,0.015060240963855423,8.0,0.8646816701021308,False,4.0,True,reset,0,109
117,8.0,0.42690067376192703,0.32149529977859315,0.014970059880239523,8.0,0.8646816701021308,False,2.0,True,reset,0,109
118,8.0,0.42690067376192703,0.32237367789512095,0.014880952380952382,8.0,0.8646816701021308,False,2.0,True,reset,0,109
119,6.0,0.45648647257849506,0.3234820480991158,0.014792899408284025,8.0,0.8646816701021308,False,4.0,True,reset,0,109
120,12.0,0.39766294316673034,0.3240900882226208,0.014705882352941178,8.0,0.8646816701021308,False,-2.0,True,reset,0,109
121,6.0,0.4269027092486017,0.3249259631903117,0.014619883040935673,8.0,0.8646816701021308,False,4.0,True,reset,0,109
122,14.0,0.3396934069230203,0.3250450554784787,0.014534883720930234,8.0,0.8646816701021308,False,-4.0,True,reset,0,109
123,6.0,0.36859514102706653,0.32539345616286736,0.014450867052023123,8.0,0.8646816701021308,False,4.0,True,reset,0,109
124,6.0,0.3973307732109746,0.32596438725055077,0.014367816091954025,8.0,0.8646816701021308,False,4.0,True,reset,0,109
125,6.0,0.4259022017824032,0.32675129917599843,0.014285714285714287,8.0,0.8646816701021308,False,4.0,True,reset,0,109
126,8.0,0.4259022017824032,0.327525915602611,0.014204545454545456,8.0,0.8646816701021308,False,2.0,True,reset,0,109
127,10.0,0.3976536142117817,0.32806954117322473,0.014124293785310734,8.0,0.8646816701021308,False,0.0,True,reset,0,109
128,8.0,0.3976536142117817,0.3286048032735214,0.01404494382022472,8.0,0.8646816701021308,False,2.0,True,reset,0,109
129,14.0,0.3138547315302174,0.32849220730601525,0.013966480446927375,8.0,0.8646816701021308,False,-4.0,True,reset,0,109
130,6.0,0.3416325093079952,0.32859175504845445,0.01388888888888889,8.0,0.8646816701021308,False,4.0,True,reset,0,109
131,6.0,0.3692568187002604,0.32889750740673873,0.013812154696132598,8.0,0.8646816701021308,False,4.0,True,reset,0,109
132,8.0,0.3692568187002604,0.32919869629698884,0.013736263736263736,8.0,0.8646816701021308,False,2.0,True,reset,0,109
133,12.0,0.314612009957091,0.32909064676854516,0.01366120218579235,8.0,0.8646816701021308,False,-2.0,True,reset,0,109
134,6.0,0.34178592300056926,0.32918399438789825,0.01358695652173913,8.0,0.8646816701021308,False,4.0,True,reset,0,109
135,6.0,0.3688129500275963,0.3294732568378231,0.013513513513513514,8.0,0.8646816701021308,False,4.0,True,reset,0,109
136,14.0,0.2881677887372737,0.3291739418515872,0.013440860215053764,8.0,0.8646816701021308,False,-4.0,True,reset,0,109
137,12.0,0.23469185290839673,0.32849421459300315,0.013368983957219251,8.0,0.8646816701021308,False,-2.0,True,reset,0,109
138,6.0,0.2612875975892478,0.3280141673286906,0.013297872340425532,8.0,0.8646816701021308,False,4.0,True,reset,0,109
139,4.0,0.3141976504993007,0.3279161778476311,0.013227513227513227,8.0,0.8646816701021308,False,6.0,True,reset,0,109
140,10.0,0.2878818610256165,0.32763424603902536,0.013157894736842105,8.0,0.8646816701021308,False,0.0,True,reset,0,109
141,6.0,0.31405987149682074,0.32753932034292604,0.013089005235602096,8.0,0.8646816701021308,False,4.0,True,reset,0,109
142,8.0,0.31405987149682074,0.32744571305927256,0.013020833333333334,8.0,0.8646816701021308,False,2.0,True,reset,0,109
143,12.0,0.26224639999423005,0.3269960626243412,0.01295336787564767,8.0,0.8646816701021308,False,-2.0,True,reset,0,109
144,8.0,0.26224639999423005,0.326552571784409,0.012886597938144331,8.0,0.8646816701021308,False,2.0,True,reset,0,109
145,4.0,0.3135284512762813,0.32646397232517005,0.012820512820512822,8.0,0.8646816701021308,False,6.0,True,reset,0,109
146,8.0,0.3135284512762813,0.3263765701559208,0.012755102040816327,8.0,0.8646816701021308,False,2.0,True,reset,0,109
147,8.0,0.3135284512762813,0.32629034117015143,0.01269035532994924,8.0,0.8646816701021308,False,2.0,True,reset,0,109
148,6.0,0.33878097652880657,0.3263736120725425,0.012626262626262628,8.0,0.8646816701021308,False,4.0,True,reset,0,109
149,16.0,0.2382784639659925,0.3257902004956779,0.01256281407035176,8.0,0.8646816701021308,False,-6.0,True,reset,0,109
150,8.0,0.2382784639659925,0.32521446538692994,0.0125,8.0,0.8646816701021308,False,2.0,True,reset,0,109
151,4.0,0.288029707747087,0.32497142775529697,0.012437810945273634,8.0,0.8646816701021308,False,6.0,True,reset,0,109
152,8.0,0.288029707747087,0.3247315464565424,0.012376237623762377,8.0,0.8646816701021308,False,2.0,True,reset,0,109
153,6.0,0.3126602496190082,0.32465366712210664,0.01231527093596059,8.0,0.8646816701021308,False,4.0,True,reset,0,109
154,6.0,0.33717005354057683,0.3247339003683789,0.012254901960784314,8.0,0.8646816701021308,False,4.0,True,reset,0,109
155,8.0,0.33717005354057683,0.3248131115350808,0.012195121951219514,8.0,0.8646816701021308,False,2.0,True,reset,0,109
156,8.0,0.33717005354057683,0.32489132002878646,0.012135922330097087,8.0,0.8646816701021308,False,2.0,True,reset,0,109
157,10.0,0.31301546416859616,0.3248166291114267,0.012077294685990338,8.0,0.8646816701021308,False,0.0,True,reset,0,109
158,8.0,0.31301546416859616,0.324742871830534,0.01201923076923077,8.0,0.8646816701021308,False,2.0,True,reset,0,109
159,6.0,0.3369389091446727,0.3248186236150939,0.01196172248803828,8.0,0.8646816701021308,False,4.0,True,reset,0,109
160,10.0,0.3131293853351489,0.3247464678232424,0.011904761904761904,8.0,0.8646816701021308,False,0.0,True,reset,0,109
161,14.0,0.24203933794178395,0.32423906211844816,0.011848341232227487,8.0,0.8646816701021308,False,-4.0,True,reset,0,109
162,8.0,0.24203933794178395,0.32373784428810265,0.01179245283018868,8.0,0.8646816701021308,False,2.0,True,reset,0,109
163,10.0,0.21856515953802808,0.32310043407749617,0.011737089201877935,8.0,0.8646816701021308,False,0.0,True,reset,0,109
164,4.0,0.2652941315006449,0.3227522033390814,0.011682242990654205,8.0,0.8646816701021308,False,6.0,True,reset,0,109
165,4.0,0.3118057594076216,0.3226866557706295,0.011627906976744184,8.0,0.8646816701021308,False,6.0,True,reset,0,109
166,12.0,0.26550946311132534,0.3223463153381337,0.011574074074074073,8.0,0.8646816701021308,False,-2.0,True,reset,0,109
167,4.0,0.3115924124200811,0.3222826827764884,0.01152073732718894,8.0,0.8646816701021308,False,6.0,True,reset,0,109
168,8.0,0.3115924124200811,0.32221979883321544,0.011467889908256883,8.0,0.8646816701021308,False,2.0,True,reset,0,109
169,14.0,0.24309926173514962,0.32175710563381155,0.011415525114155252,8.0,0.8646816701021308,False,-4.0,True,reset,0,109
170,6.0,0.2658265344624223,0.32143192789444297,0.011363636363636364,8.0,0.8646816701021308,False,4.0,True,reset,0,109
171,8.0,0.2658265344624223,0.32111050943529834,0.011312217194570137,8.0,0.8646816701021308,False,2.0,True,reset,0,109
172,6.0,0.28834905698494484,0.32092222522581354,0.011261261261261262,8.0,0.8646816701021308,False,4.0,True,reset,0,109
173,10.0,0.2659275323212677,0.32060796983778755,0.011210762331838566,8.0,0.8646816701021308,False,0.0,True,reset,0,109
174,4.0,0.31057038946412485,0.320550938131119,0.011160714285714286,8.0,0.8646816701021308,False,6.0,True,reset,0,109
175,6.0,0.33279261168634705,0.32062010012860614,0.011111111111111112,8.0,0.8646816701021308,False,4.0,True,reset,0,109
176,8.0,0.33279261168634705,0.32068848502499797,0.011061946902654869,8.0,0.8646816701021308,False,2.0,True,reset,0,109
177,6.0,0.35481904340440873,0.3208791585354975,0.011013215859030838,8.0,0.8646816701021308,False,4.0,True,reset,0,109
178,10.0,0.3328892188430052,0.3209458810927614,0.010964912280701754,8.0,0.8646816701021308,False,0.0,True,reset,0,109
179,12.0,0.28922109657226286,0.320770606040162,0.01091703056768559,8.0,0.8646816701021308,False,-2.0,True,reset,0,109
180,6.0,0.31096022700704545,0.32071670285866133,0.010869565217391306,8.0,0.8646816701021308,False,4.0,True,reset,0,109
181,22.0,0.15944507549189393,0.3198354371353457,0.010822510822510822,8.0,0.8646816701021308,False,-12.0,True,reset,0,109
182,4.0,0.202548523767756,0.3191980082583479,0.010775862068965516,8.0,0.8646816701021308,False,6.0,True,reset,0,109
183,6.0,0.22400775123556715,0.31868346632849504,0.01072961373390558,8.0,0.8646816701021308,False,4.0,True,reset,0,109
184,4.0,0.2667427939706099,0.3184042154018397,0.010683760683760686,8.0,0.8646816701021308,False,6.0,True,reset,0,109
185,6.0,0.28801938971529073,0.31824172970298115,0.010638297872340425,8.0,0.8646816701021308,False,4.0,True,reset,0,109
186,8.0,0.28801938971529073,0.31808097257538703,0.01059322033898305,8.0,0.8646816701021308,False,2.0,True,reset,0,109
187,16.0,0.2036312040612823,0.31747541824462455,0.010548523206751054,8.0,0.8646816701021308,False,-6.0,True,reset,0,109
188,8.0,0.2036312040612823,0.3168762381699754,0.01050420168067227,8.0,0.8646816701021308,False,2.0,True,reset,0,109
189,4.0,0.2454722082453827,0.31650239508136496,0.010460251046025104,8.0,0.8646816701021308,False,6.0,True,reset,0,109
190,6.0,0.26630554157871605,0.31624095313603867,0.010416666666666666,8.0,0.8646816701021308,False,4.0,True,reset,0,109
191,4.0,0.30779931751232603,0.3161972140913562,0.01037344398340249,8.0,0.8646816701021308,False,6.0,True,reset,0,109
192,10.0,0.28713816048753266,0.316047425155254,0.010330578512396695,8.0,0.8646816701021308,False,0.0,True,reset,0,109
193,22.0,0.14310523867683306,0.31516054214767236,0.010288065843621401,8.0,0.8646816701021308,False,-12.0,True,reset,0,109
194,4.0,0.1840888452342101,0.31449180900015467,0.010245901639344263,8.0,0.8646816701021308,False,6.0,True,reset,0,109
195,6.0,0.20449700849951621,0.3139334597590347,0.01020408163265306,8.0,0.8646816701021308,False,4.0,True,reset,0,109
196,6.0,0.22482221175154873,0.3134834029509161,0.010162601626016262,8.0,0.8646816701021308,False,4.0,True,reset,0,109
197,4.0,0.2653080417110629,0.3132413157085048,0.010121457489878544,8.0,0.8646816701021308,False,6.0,True,reset,0,109
198,4.0,0.30563062235622424,0.3132032622417434,0.010080645161290324,8.0,0.8646816701021308,False,6.0,True,reset,0,109
199,10.0,0.2855503010710837,0.31306568532049633,0.010040160642570281,8.0,0.8646816701021308,False,0.0,True,reset,0,109
200,14.0,0.2255503010710837,0.31263244084401404,0.01,8.0,0.8646816701021308,True,-40.0,True,reset,0,109
201,6.0,0.24547061979618331,0.3123015944349114,0.0099601593625498,8.0,0.8646816701021308,True,40.0,True,reset,0,109
202,10.0,0.22562934995491346,0.31187673049138204,0.009920634920634922,8.0,0.8646816701021308,True,0.0,True,reset,0,109
203,14.0,0.16634081240550636,0.31116679918364604,0.009881422924901186,8.0,0.8646816701021308,True,-40.0,True,reset,0,109
204,10.0,0.14665577303542762,0.3103682019693343,0.00984251968503937,8.0,0.8646816701021308,True,0.0,True,reset,0,109
205,4.0,0.18587145930993743,0.30976676842991696,0.009803921568627453,8.0,0.8646816701021308,True,60.0,True,reset,0,109
206,4.0,0.22493395930993743,0.3093589183860709,0.009765625,8.0,0.8646816701021308,True,60.0,True,reset,0,109
207,4.0,0.26384446514651333,0.3091411458825324,0.00972762645914397,8.0,0.8646816701021308,True,60.0,True,reset,0,109
208,6.0,0.2832243101077536,0.30901773237884295,0.009689922480620155,8.0,0.8646816701021308,True,40.0,True,reset,0,109
209,4.0,0.32183434871779226,0.3090784746363735,0.009652509652509654,8.0,0.8646816701021308,True,-540.0,False,reset,0,109
210,8.0,0.32183434871779226,0.3091386438537387,0.009615384615384616,8.0,0.8646816701021308,True,20.0,True,reset,0,109
211,6.0,0.3409914368403976,0.309288187482784,0.009578544061302683,8.0,0.8646816701021308,True,-560.0,False,reset,0,109
212,6.0,0.36007540630604645,0.3095255109352292,0.009541984732824428,8.0,0.8646816701021308,True,40.0,True,reset,0,109
213,8.0,0.36007540630604645,0.3097606267276516,0.009505703422053233,8.0,0.8646816701021308,True,20.0,True,reset,0,109
214,4.0,0.39795419418483435,0.31016893028069414,0.00946969696969697,8.0,0.8646816701021308,True,60.0,True,reset,0,109
215,4.0,0.4356900432414381,0.310747368589269,0.009433962264150945,8.0,0.8646816701021308,True,-540.0,False,reset,0,109
216,4.0,0.47328402820384413,0.3114929495966753,0.009398496240601503,8.0,0.8646816701021308,True,60.0,True,reset,0,109
217,4.0,0.5107372117244434,0.31240274074794366,0.009363295880149813,8.0,0.8646816701021308,True,-540.0,False,reset,0,109
218,6.0,0.5293939281423539,0.3133890643270092,0.009328358208955223,8.0,0.8646816701021308,True,40.0,True,reset,0,109
219,6.0,0.5479812887371494,0.3144505676048831,0.00929368029739777,8.0,0.8646816701021308,True,40.0,True,reset,0,109
220,8.0,0.5479812887371494,0.3155025077901636,0.009259259259259259,8.0,0.8646816701021308,True,20.0,True,reset,0,109
221,4.0,0.5848816577408393,0.31671048604106344,0.00922509225092251,8.0,0.8646816701021308,True,60.0,True,reset,0,109
222,4.0,0.7848816577408393,0.3188005359147232,0.05,8.0,0.8646816701021308,True,60.0,True,reset,1,109
223,6.0,0.8829208734271138,0.32130773741477825,0.049019607843137254,8.0,0.8646816701021308,True,40.0,True,reset,1,109
224,4.0,1.0752285657348062,0.3246436702834509,0.04807692307692308,8.0,0.8646816701021308,True,60.0,True,reset,1,109
225,4.0,1.263907811017825,0.32878139777567283,0.04716981132075472,8.0,0.8646816701021308,True,60.0,True,reset,1,109
226,8.0,1.263907811017825,0.33288282941269987,0.046296296296296294,8.0,0.8646816701021308,True,20.0,True,reset,1,109
227,4.0,1.445725992836007,0.3377424065455527,0.045454545454545456,8.0,0.8646816701021308,True,60.0,True,reset,1,109
228,8.0,1.445725992836007,0.34255972648594596,0.044642857142857144,8.0,0.8646816701021308,True,20.0,True,reset,1,109
229,4.0,1.6211645893272348,0.3480948124722719,0.043859649122807015,8.0,0.8646816701021308,True,60.0,True,reset,1,109
230,4.0,1.7935783824306832,0.35432534510140296,0.04310344827586207,8.0,0.8646816701021308,True,60.0,True,reset,1,109
231,8.0,1.7935783824306832,0.3605023967637604,0.04237288135593221,8.0,0.8646816701021308,True,20.0,True,reset,1,109
232,6.0,1.8769117157640165,0.36698277846888966,0.04166666666666667,8.0,0.8646816701021308,True,40.0,True,reset,1,109
233,6.0,1.9588789288787707,0.3737568046408466,0.04098360655737705,8.0,0.8646816701021308,True,40.0,True,reset,1,109
234,6.0,2.039524090169093,0.3808151405964748,0.040322580645161296,8.0,0.8646816701021308,True,40.0,True,reset,1,109
235,6.0,2.1188891695341727,0.38814878628819505,0.03968253968253969,8.0,0.8646816701021308,True,40.0,True,reset,1,109
236,10.0,2.0407641695341727,0.39509254840267394,0.0390625,8.0,0.8646816701021308,True,0.0,True,reset,1,109
237,4.0,2.1946103233803265,0.4026219114778942,0.038461538461538464,8.0,0.8646816701021308,True,60.0,True,reset,1,109
238,8.0,2.1946103233803265,0.41008852986082106,0.03787878787878788,8.0,0.8646816701021308,True,20.0,True,reset,1,109
239,8.0,2.1946103233803265,0.4174931846057153,0.03731343283582089,8.0,0.8646816701021308,True,20.0,True,reset,1,109
240,4.0,2.341669146909738,0.4254443249458146,0.03676470588235295,8.0,0.8646816701021308,True,60.0,True,reset,1,109
241,6.0,2.41413291502568,0.43362822860869465,0.03623188405797102,8.0,0.8646816701021308,True,40.0,True,reset,1,109
242,6.0,2.4855614864542517,0.4420377911408485,0.03571428571428572,8.0,0.8646816701021308,True,40.0,True,reset,1,109
243,8.0,2.4855614864542517,0.45037870418294407,0.035211267605633804,8.0,0.8646816701021308,True,20.0,True,reset,1,109
244,4.0,2.6244503753431405,0.45921639390310753,0.034722222222222224,8.0,0.8646816701021308,True,60.0,True,reset,1,109
245,6.0,2.692943526028072,0.468259823587824,0.03424657534246576,8.0,0.8646816701021308,True,40.0,True,reset,1,109
246,10.0,2.6253759584605043,0.4769578725187622,0.033783783783783786,8.0,0.8646816701021308,True,0.0,True,reset,1,109
247,6.0,2.692042625127171,0.48585379522000083,0.03333333333333333,8.0,0.8646816701021308,True,40.0,True,reset,1,109
248,6.0,2.757832098811382,0.4949417084343663,0.03289473684210526,8.0,0.8646816701021308,True,40.0,True,reset,1,109
249,6.0,2.822767163746447,0.5042159134356097,0.03246753246753247,8.0,0.8646816701021308,True,40.0,True,reset,1,109
250,6.0,2.886869727849011,0.5136708888896311,0.032051282051282055,8.0,0.8646816701021308,True,40.0,True,reset,1,109
251,10.0,2.823578588608505,0.5228009588489942,0.03164556962025317,8.0,0.8646816701021308,True,0.0,True,reset,1,109
252,16.0,2.573578588608505,0.5308748865252129,0.03125,8.0,0.8646816701021308,True,-60.0,True,reset,1,109
253,4.0,2.697035378731962,0.5393696335534746,0.030864197530864196,8.0,0.8646816701021308,True,60.0,True,reset,1,109
254,14.0,2.514108549463669,0.5470834574437488,0.03048780487804878,8.0,0.8646816701021308,True,-40.0,True,reset,1,109
255,6.0,2.5743495133190906,0.5549716522136917,0.030120481927710843,8.0,0.8646816701021308,True,40.0,True,reset,1,109
256,6.0,2.6338733228429,0.5630294106269832,0.02976190476190476,8.0,0.8646816701021308,True,40.0,True,reset,1,109
257,14.0,2.457402734607606,0.570343593345055,0.029411764705882353,8.0,0.8646816701021308,True,-40.0,True,reset,1,109
258,6.0,2.515542269491327,0.5778251267148484,0.029069767441860468,8.0,0.8646816701021308,True,40.0,True,reset,1,109
259,4.0,2.6304847982269592,0.5856897231574235,0.02873563218390805,8.0,0.8646816701021308,True,60.0,True,reset,1,109
260,4.0,2.744121161863323,0.5939280110914155,0.02840909090909091,8.0,0.8646816701021308,True,60.0,True,reset,1,109
261,6.0,2.800300937144222,0.6023172617608178,0.02808988764044944,8.0,0.8646816701021308,True,40.0,True,reset,1,109
262,6.0,2.855856492699777,0.6108533952113442,0.02777777777777778,8.0,0.8646816701021308,True,-560.0,False,reset,1,109
263,6.0,2.910801547644832,0.6195324448431686,0.027472527472527472,8.0,0.8646816701021308,True,40.0,True,reset,1,109
264,6.0,2.9651493737317884,0.628350553598389,0.027173913043478264,8.0,0.8646816701021308,True,40.0,True,reset,1,109
265,8.0,2.9651493737317884,0.6371026091045066,0.02688172043010753,8.0,0.8646816701021308,True,20.0,True,reset,1,109
266,8.0,2.9651493737317884,0.6457893507635635,0.026595744680851068,8.0,0.8646816701021308,True,20.0,True,reset,1,109
267,6.0,3.017780952679157,0.6546071634100898,0.026315789473684213,8.0,0.8646816701021308,True,40.0,True,reset,1,109
268,6.0,3.0698642860124905,0.6635525601604692,0.026041666666666668,8.0,0.8646816701021308,True,40.0,True,reset,1,109
269,8.0,3.0698642860124905,0.6724319392226537,0.025773195876288662,8.0,0.8646816701021308,True,20.0,True,reset,1,109
270,8.0,3.0698642860124905,0.6812460287329104,0.025510204081632654,8.0,0.8646816701021308,True,20.0,True,reset,1,109
271,12.0,2.9688541850023893,0.6896255457888426,0.025252525252525256,8.0,0.8646816701021308,True,-20.0,True,reset,1,109
272,10.0,2.9188541850023895,0.6977614167348775,0.025,8.0,0.8646816701021308,True,-600.0,False,reset,1,109
273,6.0,2.968359135497439,0.706018135712196,0.024752475247524754,8.0,0.8646816701021308,True,40.0,True,reset,1,109
274,8.0,2.968359135497439,0.7142150233925773,0.024509803921568627,8.0,0.8646816701021308,True,20.0,True,reset,1,109
275,12.0,2.8712717568566624,0.7220022318166354,0.024271844660194174,8.0,0.8646816701021308,True,-20.0,True,reset,1,109
276,10.0,2.8231948337797395,0.7295604785862868,0.02403846153846154,8.0,0.8646816701021308,True,0.0,True,reset,1,109
277,6.0,2.870813881398787,0.7372352219655431,0.023809523809523808,8.0,0.8646816701021308,True,40.0,True,reset,1,109
278,10.0,2.823644070078032,0.7446866821373733,0.02358490566037736,8.0,0.8646816701021308,True,0.0,True,reset,1,109
279,8.0,2.823644070078032,0.7520851070054897,0.02336448598130841,8.0,0.8646816701021308,True,20.0,True,reset,1,109
280,8.0,2.823644070078032,0.7594310607752505,0.023148148148148147,8.0,0.8646816701021308,True,20.0,True,reset,1,109
281,10.0,2.7777725104450046,0.766563009360656,0.022935779816513766,8.0,0.8646816701021308,True,0.0,True,reset,1,109
282,10.0,2.732317964990459,0.7734846817396342,0.022727272727272728,8.0,0.8646816701021308,True,0.0,True,reset,1,109
283,6.0,2.7773630100355042,0.7805158337687426,0.022522522522522525,8.0,0.8646816701021308,True,40.0,True,reset,1,109
284,12.0,2.68807729574979,0.7871856290903546,0.022321428571428572,8.0,0.8646816701021308,True,-20.0,True,reset,1,109
285,6.0,2.732325083360409,0.7939631184780552,0.022123893805309738,8.0,0.8646816701021308,True,40.0,True,reset,1,109
286,8.0,2.732325083360409,0.8006935419672301,0.021929824561403508,8.0,0.8646816701021308,True,20.0,True,reset,1,109
287,12.0,2.6453685616212788,0.8070765005127458,0.02173913043478261,8.0,0.8646816701021308,True,-20.0,True,reset,1,109
288,8.0,2.6453685616212788,0.8134154386544993,0.021551724137931032,8.0,0.8646816701021308,True,20.0,True,reset,1,109
289,6.0,2.6881036043563213,0.8198576660280451,0.02136752136752137,8.0,0.8646816701021308,True,40.0,True,reset,1,109
290,4.0,2.7728493670681855,0.8265459937713332,0.0211864406779661,8.0,0.8646816701021308,True,60.0,True,reset,1,109
291,8.0,2.7728493670681855,0.8331886674003326,0.02100840336134454,8.0,0.8646816701021308,True,20.0,True,reset,1,109
292,14.0,2.6478493670681855,0.8393609827053253,0.020833333333333332,8.0,0.8646816701021308,True,-40.0,True,reset,1,109
293,4.0,2.7304939951673592,0.8457716030865525,0.02066115702479339,8.0,0.8646816701021308,True,-540.0,False,reset,1,109
294,6.0,2.7714776017247362,0.8522773665954654,0.020491803278688527,8.0,0.8646816701021308,True,40.0,True,reset,1,109
295,6.0,2.812128008228801,0.8588761903046684,0.020325203252032523,8.0,0.8646816701021308,True,40.0,True,reset,1,109
296,8.0,2.812128008228801,0.8654307266064273,0.020161290322580648,8.0,0.8646816701021308,True,20.0,True,reset,1,109
297,10.0,2.772128008228801,0.8718076405917864,0.02,8.0,0.8646816701021308,True,0.0,True,reset,1,109
298,18.0,2.5737153098161025,0.8774806661558675,0.019841269841269844,8.0,0.8646816701021308,True,-80.0,True,reset,1,109
299,6.0,2.61308538855626,0.883246794801716,0.01968503937007874,8.0,0.8646816701021308,True,40.0,True,reset,1,109
300,12.0,2.53496038855626,0.8887160451121615,0.01953125,8.0,0.8646816701021308,True,-620.0,False,reset,1,109
301,6.0,2.5737200784787406,0.894277114529213,0.01937984496124031,8.0,0.8646816701021308,True,40.0,True,reset,1,109
302,4.0,2.6506431554018177,0.9000546344005045,0.019230769230769232,8.0,0.8646816701021308,True,60.0,True,reset,1,109
303,4.0,2.726979033264413,0.9060445504623533,0.019083969465648856,8.0,0.8646816701021308,True,60.0,True,reset,1,109
304,10.0,2.689100245385625,0.9118715298575275,0.01893939393939394,8.0,0.8646816701021308,True,-600.0,False,reset,1,109
305,6.0,2.726694230348031,0.917783004451959,0.018796992481203006,8.0,0.8646816701021308,True,40.0,True,reset,1,109
306,8.0,2.726694230348031,0.9236560928477254,0.01865671641791045,8.0,0.8646816701021308,True,20.0,True,reset,1,109
307,8.0,2.726694230348031,0.9294911677263672,0.018518518518518517,8.0,0.8646816701021308,True,20.0,True,reset,1,109
308,10.0,2.6899295244656782,0.9351700011352038,0.018382352941176475,8.0,0.8646816701021308,True,0.0,True,reset,1,109
309,4.0,2.7629222251956054,0.9410470179328256,0.01824817518248175,8.0,0.8646816701021308,True,60.0,True,reset,1,109
310,8.0,2.7629222251956054,0.9468863615458474,0.01811594202898551,8.0,0.8646816701021308,True,20.0,True,reset,1,109
311,12.0,2.69097977915244,0.9524585449886799,0.017985611510791366,8.0,0.8646816701021308,True,-20.0,True,reset,1,109
312,8.0,2.69097977915244,0.9579952368172269,0.01785714285714286,8.0,0.8646816701021308,True,20.0,True,reset,1,109
313,6.0,2.7264407720602413,0.9636093496275221,0.017730496453900707,8.0,0.8646816701021308,True,40.0,True,reset,1,109
314,8.0,2.7264407720602413,0.9691879300782585,0.017605633802816902,8.0,0.8646816701021308,True,20.0,True,reset,1,109
315,6.0,2.7614058070252763,0.9748416142326656,0.01748251748251748,8.0,0.8646816701021308,True,40.0,True,reset,1,109
316,8.0,2.7614058070252763,0.980459740625095,0.017361111111111112,8.0,0.8646816701021308,True,20.0,True,reset,1,109
317,6.0,2.7958885656459658,0.9861507400765711,0.017241379310344827,8.0,0.8646816701021308,True,40.0,True,reset,1,109
318,10.0,2.7616419903035,0.9916991502335302,0.01712328767123288,8.0,0.8646816701021308,True,0.0,True,reset,1,109
319,6.0,2.795655595745677,0.9973189522444715,0.017006802721088437,8.0,0.8646816701021308,True,-560.0,False,reset,1,109
320,14.0,2.6943042443943255,1.002589092903322,0.016891891891891893,8.0,0.8646816701021308,True,-40.0,True,reset,1,109
321,6.0,2.7278612913741913,1.007930492898588,0.016778523489932886,8.0,0.8646816701021308,True,40.0,True,reset,1,109
322,6.0,2.7611946247075245,1.013341801947381,0.016666666666666666,8.0,0.8646816701021308,True,40.0,True,reset,1,109
323,8.0,2.7611946247075245,1.0187198106327968,0.016556291390728478,8.0,0.8646816701021308,True,20.0,True,reset,1,109
324,14.0,2.6625104141812086,1.023762113097669,0.01644736842105263,8.0,0.8646816701021308,True,-40.0,True,reset,1,109
325,8.0,2.6625104141812086,1.0287735757921144,0.016339869281045753,8.0,0.8646816701021308,True,20.0,True,reset,1,109
326,4.0,2.7274454791162737,1.0339524535461513,0.016233766233766236,8.0,0.8646816701021308,True,60.0,True,reset,1,109
327,12.0,2.6629293500840157,1.0389037511040173,0.016129032258064516,8.0,0.8646816701021308,True,-20.0,True,reset,1,109
328,10.0,2.6308780680327337,1.043727915700771,0.016025641025641028,8.0,0.8646816701021308,True,0.0,True,reset,1,109
329,4.0,2.6945723355486573,1.048715361077955,0.01592356687898089,8.0,0.8646816701021308,True,60.0,True,reset,1,109
330,6.0,2.7262179051689106,1.0537680795842532,0.015822784810126583,8.0,0.8646816701021308,True,-560.0,False,reset,1,109
331,6.0,2.757664446049414,1.058884885489554,0.015723270440251572,8.0,0.8646816701021308,True,40.0,True,reset,1,109
332,6.0,2.788914446049414,1.0640646147127872,0.015625,8.0,0.8646816701021308,True,40.0,True,reset,1,109
333,6.0,2.819970346670532,1.0693061243604223,0.015527950310559006,8.0,0.8646816701021308,True,40.0,True,reset,1,109
334,12.0,2.7582419516088037,1.0743327190843757,0.015432098765432098,8.0,0.8646816701021308,True,-20.0,True,reset,1,109
335,10.0,2.727567104983037,1.079238459101879,0.015337423312883436,8.0,0.8646816701021308,True,0.0,True,reset,1,109
336,12.0,2.6665914952269394,1.0839347698596458,0.01524390243902439,8.0,0.8646816701021308,True,-20.0,True,reset,1,109
337,10.0,2.636288464923909,1.0885139842993632,0.015151515151515152,8.0,0.8646816701021308,True,0.0,True,reset,1,109
338,4.0,2.6965294287793307,1.0932434414890102,0.015060240963855423,8.0,0.8646816701021308,True,-540.0,False,reset,1,109
339,4.0,2.7564096683002886,1.0981207618022397,0.014970059880239523,8.0,0.8646816701021308,True,-540.0,False,reset,1,109
340,6.0,2.786171573062193,1.1030565828877952,0.014880952380952382,8.0,0.8646816701021308,True,40.0,True,reset,1,109
341,10.0,2.7565857742456252,1.1078773677022495,0.014792899408284025,8.0,0.8646816701021308,True,0.0,True,reset,1,109
342,12.0,2.6977622448338607,1.1124991260660044,0.014705882352941178,8.0,0.8646816701021308,True,-20.0,True,reset,1,109
343,4.0,2.7562417769976033,1.11726359751798,0.014619883040935673,8.0,0.8646816701021308,True,60.0,True,reset,1,109
344,18.0,2.610892939788301,1.1215804453280098,0.014534883720930234,8.0,0.8646816701021308,True,-80.0,True,reset,1,109
345,8.0,2.610892939788301,1.125872412170835,0.014450867052023123,8.0,0.8646816701021308,True,-580.0,False,reset,1,109
346,6.0,2.6396285719722092,1.1302222861932527,0.014367816091954025,8.0,0.8646816701021308,True,-560.0,False,reset,1,109
347,14.0,2.5539142862579234,1.1343016328983089,0.014285714285714287,8.0,0.8646816701021308,True,-640.0,False,reset,1,109
348,10.0,2.5255051953488326,1.1382765002195963,0.014204545454545456,8.0,0.8646816701021308,True,0.0,True,reset,1,109
349,8.0,2.5255051953488326,1.142228718724238,0.014124293785310734,8.0,0.8646816701021308,True,20.0,True,reset,1,109
350,4.0,2.5816849706297313,1.146318083076242,0.01404494382022472,8.0,0.8646816701021308,True,60.0,True,reset,1,109
351,6.0,2.609617931523586,1.1504634084259513,0.013966480446927375,8.0,0.8646816701021308,True,-560.0,False,reset,1,109
352,4.0,2.6651734870791413,1.1547422504560452,0.01388888888888889,8.0,0.8646816701021308,True,60.0,True,reset,1,109
353,4.0,2.7204221058636717,1.1591526162459258,0.013812154696132598,8.0,0.8646816701021308,True,60.0,True,reset,1,109
354,8.0,2.7204221058636717,1.1635382046999083,0.013736263736263736,8.0,0.8646816701021308,True,20.0,True,reset,1,109
355,6.0,2.7477445102352562,1.1679757573764777,0.01366120218579235,8.0,0.8646816701021308,True,40.0,True,reset,1,109
356,12.0,2.6933966841482997,1.1722367096858963,0.01358695652173913,8.0,0.8646816701021308,True,-20.0,True,reset,1,109
357,8.0,2.6933966841482997,1.1764739240994406,0.013513513513513514,8.0,0.8646816701021308,True,20.0,True,reset,1,109
358,4.0,2.7471601250085147,1.180836941324188,0.013440860215053764,8.0,0.8646816701021308,True,60.0,True,reset,1,109
359,16.0,2.6402082533507607,1.184879521135896,0.013368983957219251,8.0,0.8646816701021308,True,-60.0,True,reset,1,109
360,6.0,2.666803998031612,1.1889732351604698,0.013297872340425532,8.0,0.8646816701021308,True,40.0,True,reset,1,109
361,4.0,2.719714050941665,1.1931901520083519,0.013227513227513227,8.0,0.8646816701021308,True,60.0,True,reset,1,109
362,6.0,2.746029840415349,1.197456195108371,0.013157894736842105,8.0,0.8646816701021308,True,40.0,True,reset,1,109
363,16.0,2.6413177985305323,1.2014119803232264,0.013089005235602096,8.0,0.8646816701021308,True,-60.0,True,reset,1,109
364,10.0,2.6152761318638658,1.2052749971307144,0.013020833333333334,8.0,0.8646816701021308,True,0.0,True,reset,1,109
365,6.0,2.641182867615161,1.2091875526361215,0.01295336787564767,8.0,0.8646816701021308,True,40.0,True,reset,1,109
366,4.0,2.6927292593677383,1.2132189159696316,0.012886597938144331,8.0,0.8646816701021308,True,60.0,True,reset,1,109
367,10.0,2.6670882337267128,1.2171589412210058,0.012820512820512822,8.0,0.8646816701021308,True,-600.0,False,reset,1,109
368,4.0,2.718108641889978,1.2212155620336245,0.012755102040816327,8.0,0.8646816701021308,True,60.0,True,reset,1,109
369,8.0,2.718108641889978,1.225250314270434,0.01269035532994924,8.0,0.8646816701021308,True,20.0,True,reset,1,109
370,6.0,2.743361167142503,1.229331257423316,0.012626262626262628,8.0,0.8646816701021308,True,40.0,True,reset,1,109
371,6.0,2.7684867952832066,1.2334576797768275,0.01256281407035176,8.0,0.8646816701021308,True,40.0,True,reset,1,109
372,10.0,2.7434867952832067,1.2374951907808553,0.0125,8.0,0.8646816701021308,True,0.0,True,reset,1,109
373,10.0,2.7186111733926595,1.2414448334011536,0.012437810945273634,8.0,0.8646816701021308,True,0.0,True,reset,1,109
374,18.0,2.5948487971550356,1.2450443120281585,0.012376237623762377,8.0,0.8646816701021308,True,-80.0,True,reset,1,109
375,12.0,2.545587713411193,1.2484940292732063,0.01231527093596059,8.0,0.8646816701021308,True,-20.0,True,reset,1,109
376,4.0,2.59460732125433,1.2520551755482887,0.012254901960784314,8.0,0.8646816701021308,True,60.0,True,reset,1,109
377,10.0,2.570217077351891,1.2555331752891954,0.012195121951219514,8.0,0.8646816701021308,True,0.0,True,reset,1,109
378,4.0,2.6187607666722794,1.2591206163191508,0.012135922330097087,8.0,0.8646816701021308,True,60.0,True,reset,1,109
379,6.0,2.64291535604426,1.2627526235100304,0.012077294685990338,8.0,0.8646816701021308,True,40.0,True,reset,1,109
380,10.0,2.6188768945057985,1.2663026870466685,0.01201923076923077,8.0,0.8646816701021308,True,-600.0,False,reset,1,109
381,4.0,2.6667237844579517,1.269959138998134,0.01196172248803828,8.0,0.8646816701021308,True,60.0,True,reset,1,109
382,4.0,2.714342832076999,1.2737205548655268,0.011904761904761904,8.0,0.8646816701021308,True,-540.0,False,reset,1,109
383,6.0,2.738039514541454,1.2775239807348149,0.011848341232227487,8.0,0.8646816701021308,True,40.0,True,reset,1,109
384,14.0,2.6672847975603218,1.2811243973587154,0.01179245283018868,8.0,0.8646816701021308,True,-40.0,True,reset,1,109
385,4.0,2.7142331543678333,1.2848275207618396,0.011737089201877935,8.0,0.8646816701021308,True,60.0,True,reset,1,109
386,6.0,2.7375976403491418,1.2885717736473739,0.011682242990654205,8.0,0.8646816701021308,True,40.0,True,reset,1,109
387,10.0,2.7143418263956534,1.292236992291971,0.011627906976744184,8.0,0.8646816701021308,True,0.0,True,reset,1,109
388,10.0,2.691193678247505,1.295824060717498,0.011574074074074073,8.0,0.8646816701021308,True,0.0,True,reset,1,109
389,4.0,2.7372766275562608,1.2995106401723284,0.01152073732718894,8.0,0.8646816701021308,True,60.0,True,reset,1,109
390,8.0,2.7372766275562608,1.3031784105483077,0.011467889908256883,8.0,0.8646816701021308,True,20.0,True,reset,1,109
391,10.0,2.7144455773279503,1.3067694211508005,0.011415525114155252,8.0,0.8646816701021308,True,0.0,True,reset,1,109
392,22.0,2.555354668237041,1.3099384192398518,0.011363636363636364,8.0,0.8646816701021308,True,-120.0,True,reset,1,109
393,12.0,2.510105799458761,1.3129768176707857,0.011312217194570137,8.0,0.8646816701021308,True,-20.0,True,reset,1,109
394,6.0,2.5326283219812833,1.3160567457119738,0.011261261261261262,8.0,0.8646816701021308,True,-560.0,False,reset,1,109
395,4.0,2.5774713713086377,1.3192341125270788,0.011210762331838566,8.0,0.8646816701021308,True,60.0,True,reset,1,109
396,12.0,2.5328285141657805,1.3222833446920002,0.011160714285714286,8.0,0.8646816701021308,True,-20.0,True,reset,1,109
397,4.0,2.5772729586102248,1.3254286820702414,0.011111111111111112,8.0,0.8646816701021308,True,60.0,True,reset,1,109
398,4.0,2.621520746220844,1.328668912230618,0.011061946902654869,8.0,0.8646816701021308,True,60.0,True,reset,1,109
399,10.0,2.5994943145027825,1.3318380528846632,0.011013215859030838,8.0,0.8646816701021308,True,0.0,True,reset,1,109
0,8.0,1.0,1.0,0.05,8.0,0.8646816701021308,False,2.0,True,reset,0,110
1,8.0,1.0,1.0,0.049019607843137254,8.0,0.8646816701021308,False,2.0,True,reset,0,110
2,6.0,1.0961538461538463,1.0240384615384617,0.04807692307692308,8.0,0.8646816701021308,False,-56.0,False,reset,0,110
3,6.0,1.1904934687953557,1.0573294629898404,0.04716981132075472,8.0,0.8646816701021308,False,4.0,True,reset,0,110
4,8.0,1.1904934687953557,1.0795234639574263,0.046296296296296294,8.0,0.8646816701021308,False,2.0,True,reset,0,110
5,18.0,0.7359480142499011,1.0304412568563512,0.045454545454545456,8.0,0.8646816701021308,False,-8.0,True,reset,0,110
6,10.0,0.6466622999641868,0.9824688872448307,0.044642857142857144,8.0,0.8646816701021308,False,0.0,True,reset,0,110
7,10.0,0.5589430017185728,0.9354104555196909,0.043859649122807015,8.0,0.8646816701021308,False,0.0,True,reset,0,110
8,8.0,0.5589430017185728,0.8977637101395791,0.04310344827586207,8.0,0.8646816701021308,False,2.0,True,reset,0,110
9,12.0,0.389451476294844,0.8515535070627851,0.04237288135593221,8.0,0.8646816701021308,False,-2.0,True,reset,0,110
10,14.0,0.139451476294844,0.7922116711654567,0.04166666666666667,8.0,0.8646816701021308,False,-4.0,True,reset,0,110
11,10.0,0.057484263180089895,0.7356941782435054,0.04098360655737705,8.0,0.8646816701021308,False,0.0,True,reset,0,110
12,6.0,0.1381294244704125,0.6930109815454273,0.040322580645161296,8.0,0.8646816701021308,False,4.0,True,reset,0,110
13,8.0,0.1381294244704125,0.6560188777404262,0.03968253968253969,8.0,0.8646816701021308,False,2.0,True,reset,0,110
14,8.0,0.1381294244704125,0.6236507869110504,0.0390625,8.0,0.8646816701021308,False,2.0,True,reset,0,110
15,4.0,0.29197557831656634,0.6041404805231396,0.038461538461538464,8.0,0.8646816701021308,False,6.0,True,reset,0,110
16,10.0,0.2162180025589906,0.5825892317473536,0.03787878787878788,8.0,0.8646816701021308,False,0.0,True,reset,0,110
17,4.0,0.36547173390227417,0.5711619950186652,0.03731343283582089,8.0,0.8646816701021308,False,6.0,True,reset,0,110
18,12.0,0.21841291037286237,0.5535245407863749,0.03676470588235295,8.0,0.8646816701021308,False,-2.0,True,reset,0,110
19,4.0,0.36334044660474646,0.5444681553491546,0.03623188405797102,8.0,0.8646816701021308,False,6.0,True,reset,0,110
20,14.0,0.14905473231903216,0.5264948179386945,0.03571428571428572,8.0,0.8646816701021308,False,-4.0,True,reset,0,110
21,4.0,0.28989980274156735,0.516208078147515,0.035211267605633804,8.0,0.8646816701021308,False,6.0,True,reset,0,110
22,6.0,0.35934424718601177,0.5096720851907858,0.034722222222222224,8.0,0.8646816701021308,False,4.0,True,reset,0,110
23,10.0,0.29085109650108026,0.5009192456431976,0.03424657534246576,8.0,0.8646816701021308,False,0.0,True,reset,0,110
24,14.0,0.08814839379837755,0.485043443649166,0.033783783783783786,8.0,0.8646816701021308,False,-4.0,True,reset,0,110
25,4.0,0.22148172713171088,0.47528189859296394,0.03333333333333333,8.0,0.8646816701021308,False,6.0,True,reset,0,110
26,4.0,0.3530606745001319,0.4709168548753628,0.03289473684210526,8.0,0.8646816701021308,False,6.0,True,reset,0,110
27,6.0,0.41799573943519686,0.46909198882570186,0.03246753246753247,8.0,0.8646816701021308,False,4.0,True,reset,0,110
28,20.0,0.033380354819812164,0.45456826769217223,0.032051282051282055,8.0,0.8646816701021308,False,-10.0,True,reset,0,110
29,4.0,0.15996263330082483,0.44506486013116103,0.03164556962025317,8.0,0.8646816701021308,False,6.0,True,reset,0,110
30,10.0,0.09746263330082483,0.43420229054271303,0.03125,8.0,0.8646816701021308,False,-60.0,False,reset,0,110
31,4.0,0.2209194234242816,0.427739173357306,0.030864197530864196,8.0,0.8646816701021308,False,6.0,True,reset,0,110
32,8.0,0.2209194234242816,0.42165623953574644,0.03048780487804878,8.0,0.8646816701021308,False,2.0,True,reset,0,110
33,8.0,0.2209194234242816,0.4159209019325617,0.030120481927710843,8.0,0.8646816701021308,False,2.0,True,reset,0,110
34,6.0,0.28044323294809115,0.4121576333496597,0.02976190476190476,8.0,0.8646816701021308,False,4.0,True,reset,0,110
35,6.0,0.33926676235985587,0.4101876098093948,0.029411764705882353,8.0,0.8646816701021308,False,4.0,True,reset,0,110
36,8.0,0.33926676235985587,0.40832127171861743,0.029069767441860468,8.0,0.8646816701021308,False,2.0,True,reset,0,110
37,8.0,0.33926676235985587,0.406550643273521,0.02873563218390805,8.0,0.8646816701021308,False,2.0,True,reset,0,110
38,8.0,0.33926676235985587,0.40486854625067936,0.02840909090909091,8.0,0.8646816701021308,False,2.0,True,reset,0,110
39,10.0,0.28308698707895696,0.40189826431966175,0.02808988764044944,8.0,0.8646816701021308,False,0.0,True,reset,0,110
40,8.0,0.28308698707895696,0.3990694243853592,0.02777777777777778,8.0,0.8646816701021308,False,2.0,True,reset,0,110
41,10.0,0.22814193213390202,0.39509436642602297,0.027472527472527472,8.0,0.8646816701021308,False,0.0,True,reset,0,110
42,4.0,0.3368375843078151,0.39377034865060917,0.027173913043478264,8.0,0.8646816701021308,False,6.0,True,reset,0,110
43,6.0,0.39060102516803014,0.39369991923988523,0.02688172043010753,8.0,0.8646816701021308,False,4.0,True,reset,0,110
44,10.0,0.337409535806328,0.39247621525219917,0.026595744680851068,8.0,0.8646816701021308,False,0.0,True,reset,0,110
45,8.0,0.337409535806328,0.3913045837746274,0.026315789473684213,8.0,0.8646816701021308,False,2.0,True,reset,0,110
46,14.0,0.181159535806328,0.38692656194195446,0.026041666666666668,8.0,0.8646816701021308,False,-4.0,True,reset,0,110
47,4.0,0.28425231931148265,0.3848311692352102,0.025773195876288662,8.0,0.8646816701021308,False,6.0,True,reset,0,110
48,6.0,0.33527272747474796,0.38384000040000094,0.025510204081632654,8.0,0.8646816701021308,False,4.0,True,reset,0,110
49,6.0,0.38577777797979845,0.3838779960388205,0.025252525252525256,8.0,0.8646816701021308,False,4.0,True,reset,0,110
50,10.0,0.33577777797979846,0.3829529918453778,0.025,8.0,0.8646816701021308,False,0.0,True,reset,0,110
51,10.0,0.28627282748474897,0.3811288378008376,0.024752475247524754,8.0,0.8646816701021308,False,0.0,True,reset,0,110
52,22.0,0.0,0.37407089636008134,0.024509803921568627,8.0,0.8646816701021308,False,-12.0,True,reset,0,110
53,4.0,0.0970873786407767,0.3690348324015485,0.024271844660194174,8.0,0.8646816701021308,False,6.0,True,reset,0,110
54,6.0,0.14516430171769978,0.3650371443536226,0.02403846153846154,8.0,0.8646816701021308,False,4.0,True,reset,0,110
55,12.0,0.04992620647960455,0.3595088822856574,0.023809523809523808,8.0,0.8646816701021308,False,-2.0,True,reset,0,110
56,4.0,0.144265829121114,0.3557977951621308,0.02358490566037736,8.0,0.8646816701021308,False,6.0,True,reset,0,110
57,12.0,0.05080788519588035,0.35062847465422825,0.02336448598130841,8.0,0.8646816701021308,False,-2.0,True,reset,0,110
58,14.0,0.0,0.3447846667433244,0.023148148148148147,8.0,0.8646816701021308,False,-4.0,True,reset,0,110
59,4.0,0.09174311926605506,0.34063644465353315,0.022935779816513766,8.0,0.8646816701021308,False,6.0,True,reset,0,110
60,4.0,0.182652210175146,0.3380883118393656,0.022727272727272728,8.0,0.8646816701021308,False,6.0,True,reset,0,110
61,4.0,0.2727423002652361,0.33705107356041114,0.022522522522522525,8.0,0.8646816701021308,False,6.0,True,reset,0,110
62,6.0,0.31738515740809325,0.3367437936205312,0.022321428571428572,8.0,0.8646816701021308,False,4.0,True,reset,0,110
63,6.0,0.36163294501871274,0.33712670364204167,0.022123893805309738,8.0,0.8646816701021308,False,4.0,True,reset,0,110
64,8.0,0.36163294501871274,0.337498010329567,0.021929824561403508,8.0,0.8646816701021308,False,2.0,True,reset,0,110
65,6.0,0.405111205888278,0.33850716250208507,0.02173913043478261,8.0,0.8646816701021308,False,4.0,True,reset,0,110
66,6.0,0.44821465416414,0.34012050796770354,0.021551724137931032,8.0,0.8646816701021308,False,4.0,True,reset,0,110
67,10.0,0.4054796114290973,0.341067741351202,0.02136752136752137,8.0,0.8646816701021308,False,0.0,True,reset,0,110
68,14.0,0.27836096736130067,0.3401719302942034,0.0211864406779661,8.0,0.8646816701021308,False,-4.0,True,reset,0,110
69,8.0,0.27836096736130067,0.3393013533514865,0.02100840336134454,8.0,0.8646816701021308,False,2.0,True,reset,0,110
70,6.0,0.32002763402796736,0.3390336628053265,0.020833333333333332,8.0,0.8646816701021308,False,4.0,True,reset,0,110
71,14.0,0.19606069187920702,0.33707512895702346,0.02066115702479339,8.0,0.8646816701021308,False,-4.0,True,reset,0,110
72,4.0,0.27802790499396113,0.3362771934980632,0.020491803278688527,8.0,0.8646816701021308,False,6.0,True,reset,0,110
73,6.0,0.31867831149802617,0.3360425417380627,0.020325203252032523,8.0,0.8646816701021308,False,4.0,True,reset,0,110
74,6.0,0.3590008921431875,0.3363446252960248,0.020161290322580648,8.0,0.8646816701021308,False,4.0,True,reset,0,110
75,8.0,0.3590008921431875,0.33663886252780617,0.02,8.0,0.8646816701021308,False,2.0,True,reset,0,110
76,8.0,0.3590008921431875,0.3369255552151828,0.019841269841269844,8.0,0.8646816701021308,False,2.0,True,reset,0,110
77,6.0,0.39837097088334494,0.3377033452869317,0.01968503937007874,8.0,0.8646816701021308,False,4.0,True,reset,0,110
78,12.0,0.32024597088334494,0.33748512810688686,0.01953125,8.0,0.8646816701021308,False,-2.0,True,reset,0,110
79,18.0,0.12644752127094183,0.3348797255533567,0.01937984496124031,8.0,0.8646816701021308,False,-8.0,True,reset,0,110
80,4.0,0.20337059819401876,0.3332759557075111,0.019230769230769232,8.0,0.8646816701021308,False,6.0,True,reset,0,110
81,6.0,0.24153853712531648,0.33217068560411117,0.019083969465648856,8.0,0.8646816701021308,False,4.0,True,reset,0,110
82,4.0,0.3172961128828922,0.33199360735743,0.01893939393939394,8.0,0.8646816701021308,False,6.0,True,reset,0,110
83,22.0,0.05413821814605013,0.3287247204255314,0.018796992481203006,8.0,0.8646816701021308,False,-12.0,True,reset,0,110
84,6.0,0.09145165098187102,0.32596573124595396,0.01865671641791045,8.0,0.8646816701021308,False,-56.0,False,reset,0,110
85,6.0,0.12848868801890806,0.3236958801743787,0.018518518518518517,8.0,0.8646816701021308,False,4.0,True,reset,0,110
86,8.0,0.12848868801890806,0.3214776166271575,0.018382352941176475,8.0,0.8646816701021308,False,-58.0,False,reset,0,110
87,6.0,0.16498503838387157,0.31971927305139025,0.01824817518248175,8.0,0.8646816701021308,False,4.0,True,reset,0,110
88,4.0,0.23744880649981362,0.3188051567563727,0.01811594202898551,8.0,0.8646816701021308,False,6.0,True,reset,0,110
89,6.0,0.2734200295213963,0.3183064190944499,0.017985611510791366,8.0,0.8646816701021308,False,4.0,True,reset,0,110
90,12.0,0.20199145809282487,0.3170421260400844,0.01785714285714286,8.0,0.8646816701021308,False,-2.0,True,reset,0,110
91,4.0,0.2729134439084277,0.3165676240816795,0.017730496453900707,8.0,0.8646816701021308,False,6.0,True,reset,0,110
92,12.0,0.20249090869716008,0.3153540420031208,0.017605633802816902,8.0,0.8646816701021308,False,-2.0,True,reset,0,110
93,8.0,0.20249090869716008,0.3141660090209528,0.01748251748251748,8.0,0.8646816701021308,False,2.0,True,reset,0,110
94,6.0,0.2372131309193823,0.3133644165407281,0.017361111111111112,8.0,0.8646816701021308,False,4.0,True,reset,0,110
95,4.0,0.30617864816076157,0.3132903364543367,0.017241379310344827,8.0,0.8646816701021308,False,6.0,True,reset,0,110
96,6.0,0.34042522350322735,0.3135672230568764,0.01712328767123288,8.0,0.8646816701021308,False,4.0,True,reset,0,110
97,8.0,0.34042522350322735,0.3138385159906779,0.017006802721088437,8.0,0.8646816701021308,False,2.0,True,reset,0,110
98,6.0,0.3742090072870111,0.31444222090364127,0.016891891891891893,8.0,0.8646816701021308,False,4.0,True,reset,0,110
99,10.0,0.34065196030714534,0.31470172327397294,0.016778523489932886,8.0,0.8646816701021308,False,0.0,True,reset,0,110
100,10.0,0.307318626973812,0.31462933997691256,0.016666666666666666,8.0,0.8646816701021308,False,0.0,True,reset,0,110
101,8.0,0.307318626973812,0.31455836218076594,0.016556291390728478,8.0,0.8646816701021308,False,2.0,True,reset,0,110
102,20.0,0.10995020592118043,0.3125909760628853,0.01644736842105263,8.0,0.8646816701021308,False,-10.0,True,reset,0,110
103,10.0,0.07727046735908893,0.31034982836094444,0.016339869281045753,8.0,0.8646816701021308,False,0.0,True,reset,0,110
104,4.0,0.1422055322941539,0.3087635614169181,0.016233766233766236,8.0,0.8646816701021308,False,6.0,True,reset,0,110
105,6.0,0.17446359681028292,0.30750842156078134,0.016129032258064516,8.0,0.8646816701021308,False,4.0,True,reset,0,110
106,6.0,0.20651487886156497,0.3065732961654182,0.016025641025641028,8.0,0.8646816701021308,False,4.0,True,reset,0,110
107,8.0,0.20651487886156497,0.3056553290341901,0.01592356687898089,8.0,0.8646816701021308,False,2.0,True,reset,0,110
108,4.0,0.2698060181020713,0.30532942620753456,0.015822784810126583,8.0,0.8646816701021308,False,6.0,True,reset,0,110
109,4.0,0.33269909986307755,0.30557599984407097,0.015723270440251572,8.0,0.8646816701021308,False,6.0,True,reset,0,110
110,6.0,0.36394909986307755,0.3060971882370978,0.015625,8.0,0.8646816701021308,False,4.0,True,reset,0,110
111,12.0,0.3018372986208415,0.3060594900989008,0.015527950310559006,8.0,0.8646816701021308,False,-2.0,True,reset,0,110
112,8.0,0.3018372986208415,0.3060224533315494,0.015432098765432098,8.0,0.8646816701021308,False,2.0,True,reset,0,110
113,6.0,0.3325121452466084,0.3062527984786369,0.015337423312883436,8.0,0.8646816701021308,False,4.0,True,reset,0,110
114,10.0,0.30202434036855963,0.30621634625355004,0.01524390243902439,8.0,0.8646816701021308,False,0.0,True,reset,0,110
115,16.0,0.18081221915643841,0.3051445161074209,0.015151515151515152,8.0,0.8646816701021308,False,-6.0,True,reset,0,110
116,8.0,0.18081221915643841,0.304090852573938,0.015060240963855423,8.0,0.8646816701021308,False,2.0,True,reset,0,110
117,4.0,0.2406924586773965,0.30355809296136194,0.014970059880239523,8.0,0.8646816701021308,False,6.0,True,reset,0,110
118,4.0,0.300216268201206,0.30353024442169396,0.014880952380952382,8.0,0.8646816701021308,False,6.0,True,reset,0,110
119,10.0,0.270630469384638,0.3032583454544455,0.014792899408284025,8.0,0.8646816701021308,False,0.0,True,reset,0,110
120,8.0,0.270630469384638,0.302990903847316,0.014705882352941178,8.0,0.8646816701021308,False,2.0,True,reset,0,110
121,6.0,0.2998702354665093,0.3029655325596671,0.014619883040935673,8.0,0.8646816701021308,False,-56.0,False,reset,0,110
122,8.0,0.2998702354665093,0.30294057048633516,0.014534883720930234,8.0,0.8646816701021308,False,2.0,True,reset,0,110
123,6.0,0.32877196957055554,0.3031472216790089,0.014450867052023123,8.0,0.8646816701021308,False,4.0,True,reset,0,110
124,10.0,0.3000363373866475,0.30312253212113305,0.014367816091954025,8.0,0.8646816701021308,False,0.0,True,reset,0,110
125,10.0,0.2714649088152189,0.30287325949667704,0.014285714285714287,8.0,0.8646816701021308,False,0.0,True,reset,0,110
126,6.0,0.29987399972430984,0.3028498277797054,0.014204545454545456,8.0,0.8646816701021308,False,4.0,True,reset,0,110
127,6.0,0.3281225872949313,0.3030457406441645,0.014124293785310734,8.0,0.8646816701021308,False,4.0,True,reset,0,110
128,6.0,0.3562124749353808,0.30345471552332776,0.01404494382022472,8.0,0.8646816701021308,False,4.0,True,reset,0,110
129,10.0,0.328279514041526,0.3036442178020926,0.013966480446927375,8.0,0.8646816701021308,False,0.0,True,reset,0,110
130,8.0,0.328279514041526,0.3038308488342095,0.01388888888888889,8.0,0.8646816701021308,False,2.0,True,reset,0,110
131,8.0,0.328279514041526,0.3040146733846405,0.013812154696132598,8.0,0.8646816701021308,False,2.0,True,reset,0,110
132,16.0,0.2183894041514161,0.3033756788381239,0.013736263736263736,8.0,0.8646816701021308,False,-6.0,True,reset,0,110
133,4.0,0.2730342128945855,0.30315092723854214,0.01366120218579235,8.0,0.8646816701021308,False,6.0,True,reset,0,110
134,12.0,0.218686386807629,0.30252986444125596,0.01358695652173913,8.0,0.8646816701021308,False,-2.0,True,reset,0,110
135,4.0,0.27274044086168303,0.3023124233932299,0.013513513513513514,8.0,0.8646816701021308,False,6.0,True,reset,0,110
136,8.0,0.27274044086168303,0.3020981336647404,0.013440860215053764,8.0,0.8646816701021308,False,2.0,True,reset,0,110
137,10.0,0.24600247294724453,0.301694567760298,0.013368983957219251,8.0,0.8646816701021308,False,0.0,True,reset,0,110
138,8.0,0.24600247294724453,0.3012967670830619,0.013297872340425532,8.0,0.8646816701021308,False,2.0,True,reset,0,110
139,4.0,0.29891252585729744,0.30127985757082243,0.013227513227513227,8.0,0.8646816701021308,False,6.0,True,reset,0,110
140,8.0,0.29891252585729744,0.30126318622072723,0.013157894736842105,8.0,0.8646816701021308,False,2.0,True,reset,0,110
141,14.0,0.22037849444368485,0.30069755900550316,0.013089005235602096,8.0,0.8646816701021308,False,-4.0,True,reset,0,110
142,4.0,0.27246182777701816,0.30050147753863865,0.013020833333333334,8.0,0.8646816701021308,False,6.0,True,reset,0,110
143,6.0,0.2983685635283135,0.3004867677868433,0.01295336787564767,8.0,0.8646816701021308,False,4.0,True,reset,0,110
144,8.0,0.2983685635283135,0.3004722595384972,0.012886597938144331,8.0,0.8646816701021308,False,2.0,True,reset,0,110
145,8.0,0.2983685635283135,0.30045794868128506,0.012820512820512822,8.0,0.8646816701021308,False,2.0,True,reset,0,110
146,6.0,0.32387876760994616,0.3006161974578301,0.012755102040816327,8.0,0.8646816701021308,False,4.0,True,reset,0,110
147,12.0,0.2731173462901492,0.30043164140972484,0.01269035532994924,8.0,0.8646816701021308,False,-2.0,True,reset,0,110
148,6.0,0.29836987154267447,0.30041789627727783,0.012626262626262628,8.0,0.8646816701021308,False,4.0,True,reset,0,110
149,10.0,0.27324424340197095,0.3002379383112162,0.01256281407035176,8.0,0.8646816701021308,False,0.0,True,reset,0,110
150,10.0,0.24824424340197096,0.2998958745289185,0.0125,8.0,0.8646816701021308,False,0.0,True,reset,0,110
151,6.0,0.27311986529251825,0.2997208679326022,0.012437810945273634,8.0,0.8646816701021308,False,4.0,True,reset,0,110
152,10.0,0.2483673900449935,0.29938740379047485,0.012376237623762377,8.0,0.8646816701021308,False,0.0,True,reset,0,110
153,4.0,0.29762847378883583,0.2993760558549804,0.01231527093596059,8.0,0.8646816701021308,False,6.0,True,reset,0,110
154,10.0,0.2731186698672672,0.2992077392781361,0.012254901960784314,8.0,0.8646816701021308,False,0.0,True,reset,0,110
155,6.0,0.29750891376970623,0.2991969187334964,0.012195121951219514,8.0,0.8646816701021308,False,4.0,True,reset,0,110
156,14.0,0.2246933797891237,0.2987253773477725,0.012135922330097087,8.0,0.8646816701021308,False,-4.0,True,reset,0,110
157,4.0,0.2730025585330851,0.29856359861308895,0.012077294685990338,8.0,0.8646816701021308,False,6.0,True,reset,0,110
158,6.0,0.29704102007154665,0.2985540824972043,0.01201923076923077,8.0,0.8646816701021308,False,4.0,True,reset,0,110
159,8.0,0.29704102007154665,0.29854468459393935,0.01196172248803828,8.0,0.8646816701021308,False,2.0,True,reset,0,110
160,6.0,0.3208505438810705,0.2986823750833661,0.011904761904761904,8.0,0.8646816701021308,False,4.0,True,reset,0,110
161,10.0,0.2971538614166155,0.2986729976989075,0.011848341232227487,8.0,0.8646816701021308,False,0.0,True,reset,0,110
162,10.0,0.27356895575623813,0.29851992427242785,0.01179245283018868,8.0,0.8646816701021308,False,0.0,True,reset,0,110
163,14.0,0.2031464205449705,0.29794190303771595,0.011737089201877935,8.0,0.8646816701021308,False,-4.0,True,reset,0,110
164,8.0,0.2031464205449705,0.29737084591426566,0.011682242990654205,8.0,0.8646816701021308,False,2.0,True,reset,0,110
165,4.0,0.24965804845194725,0.2970851405402398,0.011627906976744184,8.0,0.8646816701021308,False,6.0,True,reset,0,110
166,4.0,0.29595434474824356,0.2970784096129065,0.011574074074074073,8.0,0.8646816701021308,False,6.0,True,reset,0,110
167,8.0,0.29595434474824356,0.297071758341518,0.01152073732718894,8.0,0.8646816701021308,False,2.0,True,reset,0,110
168,20.0,0.15833966584916095,0.29625568720921003,0.011467889908256883,8.0,0.8646816701021308,False,-10.0,True,reset,0,110
169,6.0,0.18117071607747146,0.2955826756821238,0.011415525114155252,8.0,0.8646816701021308,False,4.0,True,reset,0,110
170,4.0,0.2266252615320169,0.2951817604835767,0.011363636363636364,8.0,0.8646816701021308,False,6.0,True,reset,0,110
171,4.0,0.27187413031029745,0.295047034297604,0.011312217194570137,8.0,0.8646816701021308,False,6.0,True,reset,0,110
172,10.0,0.24935160778777493,0.2947844169038693,0.011261261261261262,8.0,0.8646816701021308,False,0.0,True,reset,0,110
173,4.0,0.2941946571151292,0.29478104684793366,0.011210762331838566,8.0,0.8646816701021308,False,6.0,True,reset,0,110
174,8.0,0.2941946571151292,0.29477771508808814,0.011160714285714286,8.0,0.8646816701021308,False,2.0,True,reset,0,110
175,6.0,0.3164168793373514,0.29489997025333825,0.011111111111111112,8.0,0.8646816701021308,False,-56.0,False,reset,0,110
176,8.0,0.3164168793373514,0.29502085176504617,0.011061946902654869,8.0,0.8646816701021308,False,2.0,True,reset,0,110
177,8.0,0.3164168793373514,0.2951403826453384,0.011013215859030838,8.0,0.8646816701021308,False,2.0,True,reset,0,110
178,6.0,0.33834670389875493,0.29538041776341295,0.010964912280701754,8.0,0.8646816701021308,False,4.0,True,reset,0,110
179,8.0,0.33834670389875493,0.2956178005597408,0.01091703056768559,8.0,0.8646816701021308,False,2.0,True,reset,0,110
180,8.0,0.33834670389875493,0.29585257475391125,0.010869565217391306,8.0,0.8646816701021308,False,2.0,True,reset,0,110
181,6.0,0.35999172554377656,0.29620306191669743,0.010822510822510822,8.0,0.8646816701021308,False,4.0,True,reset,0,110
182,8.0,0.35999172554377656,0.2965497394364098,0.010775862068965516,8.0,0.8646816701021308,False,2.0,True,reset,0,110
183,6.0,0.3814509530115877,0.29700866491519456,0.01072961373390558,8.0,0.8646816701021308,False,4.0,True,reset,0,110
184,8.0,0.3814509530115877,0.2974626557114117,0.010683760683760686,8.0,0.8646816701021308,False,2.0,True,reset,0,110
185,8.0,0.3814509530115877,0.2979117909910918,0.010638297872340425,8.0,0.8646816701021308,False,2.0,True,reset,0,110
186,12.0,0.3390780716556555,0.29813076056909477,0.01059322033898305,8.0,0.8646816701021308,False,-2.0,True,reset,0,110
187,14.0,0.2757869324151492,0.298012539256111,0.010548523206751054,8.0,0.8646816701021308,False,-4.0,True,reset,0,110
188,18.0,0.17074491560842647,0.2973427096579652,0.01050420168067227,8.0,0.8646816701021308,False,-8.0,True,reset,0,110
189,4.0,0.2125859197925269,0.2968989568314446,0.010460251046025104,8.0,0.8646816701021308,False,6.0,True,reset,0,110
190,6.0,0.23341925312586023,0.29656833337464467,0.010416666666666666,8.0,0.8646816701021308,False,4.0,True,reset,0,110
191,6.0,0.2541661410926652,0.2963486328964997,0.01037344398340249,8.0,0.8646816701021308,False,4.0,True,reset,0,110
192,6.0,0.2748272981174586,0.2962376981811438,0.010330578512396695,8.0,0.8646816701021308,False,4.0,True,reset,0,110
193,6.0,0.2954034298047014,0.2962334198817775,0.010288065843621401,8.0,0.8646816701021308,False,4.0,True,reset,0,110
194,6.0,0.31589523308338996,0.2963337352552551,0.010245901639344263,8.0,0.8646816701021308,False,4.0,True,reset,0,110
195,12.0,0.2750789065527777,0.2962258427237704,0.01020408163265306,8.0,0.8646816701021308,False,-2.0,True,reset,0,110
196,18.0,0.17345289029261513,0.29560577730745147,0.010162601626016262,8.0,0.8646816701021308,False,-8.0,True,reset,0,110
197,6.0,0.1936958052723722,0.2950936668952149,0.010121457489878544,8.0,0.8646816701021308,False,4.0,True,reset,0,110
198,4.0,0.2340183859175335,0.29478829049032645,0.010080645161290324,8.0,0.8646816701021308,False,-54.0,False,reset,0,110
199,4.0,0.2741790284878146,0.29468575684852294,0.010040160642570281,8.0,0.8646816701021308,False,-54.0,False,reset,0,110
200,6.0,0.29417902848781463,0.2946832482922818,0.01,8.0,0.8646816701021308,True,-560.0,False,reset,0,110
201,6.0,0.3140993472129142,0.29477889409977265,0.0099601593625498,8.0,0.8646816701021308,True,40.0,True,reset,0,110
202,4.0,0.3537818868954539,0.29506812445661423,0.009920634920634922,8.0,0.8646816701021308,True,60.0,True,reset,0,110
203,4.0,0.39330757859505866,0.29554734130607,0.009881422924901186,8.0,0.8646816701021308,True,60.0,True,reset,0,110
204,6.0,0.4129926179651374,0.2961174640082985,0.00984251968503937,8.0,0.8646816701021308,True,40.0,True,reset,0,110
205,8.0,0.4129926179651374,0.2966820782786214,0.009803921568627453,8.0,0.8646816701021308,True,20.0,True,reset,0,110
206,6.0,0.4325238679651374,0.2973351638059604,0.009765625,8.0,0.8646816701021308,True,40.0,True,reset,0,110
207,4.0,0.4714343738017133,0.2981681743801028,0.00972762645914397,8.0,0.8646816701021308,True,60.0,True,reset,0,110
208,10.0,0.45205452884047304,0.2989009665441998,0.009689922480620155,8.0,0.8646816701021308,True,0.0,True,reset,0,110
209,4.0,0.4906645674505117,0.29980979877598324,0.009652509652509654,8.0,0.8646816701021308,True,60.0,True,reset,0,110
210,4.0,0.5291261059120501,0.30089147947002126,0.009615384615384616,8.0,0.8646816701021308,True,-540.0,False,reset,0,110
211,4.0,0.5674402821572608,0.30214288229953884,0.009578544061302683,8.0,0.8646816701021308,True,60.0,True,reset,0,110
212,4.0,0.6056082210885585,0.3035609446303286,0.009541984732824428,8.0,0.8646816701021308,True,-540.0,False,reset,0,110
213,4.0,0.6436310347767714,0.30514266597984696,0.009505703422053233,8.0,0.8646816701021308,True,60.0,True,reset,0,110
214,8.0,0.6436310347767714,0.3067097417613142,0.00946969696969697,8.0,0.8646816701021308,True,-580.0,False,reset,0,110
215,10.0,0.6247631102484695,0.3081754254870615,0.009433962264150945,8.0,0.8646816701021308,True,0.0,True,reset,0,110
216,4.0,0.8247631102484696,0.31054509376578354,0.05,8.0,0.8646816701021308,True,-540.0,False,reset,1,110
217,4.0,1.0208415416210186,0.3137884565413782,0.049019607843137254,8.0,0.8646816701021308,True,60.0,True,reset,1,110
218,4.0,1.2131492339287109,0.31787646007495707,0.04807692307692308,8.0,0.8646816701021308,True,-540.0,False,reset,1,110
219,8.0,1.2131492339287109,0.3219274681014447,0.04716981132075472,8.0,0.8646816701021308,True,20.0,True,reset,1,110
220,4.0,1.398334419113896,0.3267761480609602,0.046296296296296294,8.0,0.8646816701021308,True,60.0,True,reset,1,110
221,10.0,1.3074253282048052,0.3311736780167622,0.045454545454545456,8.0,0.8646816701021308,True,0.0,True,reset,1,110
222,8.0,1.3074253282048052,0.3355319443122445,0.044642857142857144,8.0,0.8646816701021308,True,20.0,True,reset,1,110
223,10.0,1.219706029959191,0.3394616069151198,0.043859649122807015,8.0,0.8646816701021308,True,-600.0,False,reset,1,110
224,4.0,1.3921198230626395,0.3441193866325867,0.04310344827586207,8.0,0.8646816701021308,True,60.0,True,reset,1,110
225,8.0,1.3921198230626395,0.3487361286432918,0.04237288135593221,8.0,0.8646816701021308,True,-580.0,False,reset,1,110
226,4.0,1.5587864897293062,0.3540433670691076,0.04166666666666667,8.0,0.8646816701021308,True,60.0,True,reset,1,110
227,10.0,1.476819276614552,0.35894631863917503,0.04098360655737705,8.0,0.8646816701021308,True,-600.0,False,reset,1,110
228,4.0,1.6381095991951973,0.3645078981198534,0.040322580645161296,8.0,0.8646816701021308,True,60.0,True,reset,1,110
229,4.0,1.796839757925356,0.37070846894152226,0.03968253968253969,8.0,0.8646816701021308,True,60.0,True,reset,1,110
230,4.0,1.953089757925356,0.3775290779457629,0.0390625,8.0,0.8646816701021308,True,60.0,True,reset,1,110
231,12.0,1.7992436040792024,0.3836308570278807,0.038461538461538464,8.0,0.8646816701021308,True,-20.0,True,reset,1,110
232,4.0,1.950758755594354,0.3903279847995323,0.03787878787878788,8.0,0.8646816701021308,True,-540.0,False,reset,1,110
233,6.0,2.025385621265996,0.39728567686960237,0.03731343283582089,8.0,0.8646816701021308,True,-560.0,False,reset,1,110
234,6.0,2.098915033030702,0.40449597075164095,0.03676470588235295,8.0,0.8646816701021308,True,-560.0,False,reset,1,110
235,4.0,2.2438425692625863,0.41225692686350146,0.03623188405797102,8.0,0.8646816701021308,True,60.0,True,reset,1,110
236,6.0,2.315271140691158,0.4202527849047941,0.03571428571428572,8.0,0.8646816701021308,True,40.0,True,reset,1,110
237,6.0,2.3856936759024254,0.4284763869591775,0.035211267605633804,8.0,0.8646816701021308,True,40.0,True,reset,1,110
238,10.0,2.316249231457981,0.43634210714458915,0.034722222222222224,8.0,0.8646816701021308,True,0.0,True,reset,1,110
239,4.0,2.453235532827844,0.44471095953331635,0.03424657534246576,8.0,0.8646816701021308,True,60.0,True,reset,1,110
240,4.0,2.588370667962979,0.45356905750203397,0.033783783783783786,8.0,0.8646816701021308,True,60.0,True,reset,1,110
241,6.0,2.655037334629646,0.462628597737127,0.03333333333333333,8.0,0.8646816701021308,True,40.0,True,reset,1,110
242,10.0,2.5892478609454352,0.47134425045519385,0.03289473684210526,8.0,0.8646816701021308,True,-600.0,False,reset,1,110
243,10.0,2.52431279601037,0.4797237139064394,0.03246753246753247,8.0,0.8646816701021308,True,0.0,True,reset,1,110
244,10.0,2.460210231907806,0.48777447210969704,0.032051282051282055,8.0,0.8646816701021308,True,0.0,True,reset,1,110
245,8.0,2.460210231907806,0.4957600419874222,0.03164556962025317,8.0,0.8646816701021308,True,20.0,True,reset,1,110
246,6.0,2.522710231907806,0.5039332282371012,0.03125,8.0,0.8646816701021308,True,40.0,True,reset,1,110
247,4.0,2.6461670220312627,0.5125365768065556,0.030864197530864196,8.0,0.8646816701021308,True,60.0,True,reset,1,110
248,4.0,2.768118241543458,0.5215589034655033,0.03048780487804878,8.0,0.8646816701021308,True,60.0,True,reset,1,110
249,6.0,2.8283592053988795,0.530749342915437,0.030120481927710843,8.0,0.8646816701021308,True,40.0,True,reset,1,110
250,12.0,2.7093115863512605,0.5393944311830394,0.02976190476190476,8.0,0.8646816701021308,True,-20.0,True,reset,1,110
251,4.0,2.82695864517479,0.5484361869695681,0.029411764705882353,8.0,0.8646816701021308,True,60.0,True,reset,1,110
252,8.0,2.82695864517479,0.5574067478286436,0.029069767441860468,8.0,0.8646816701021308,True,20.0,True,reset,1,110
253,8.0,2.82695864517479,0.5663069513476482,0.02873563218390805,8.0,0.8646816701021308,True,20.0,True,reset,1,110
254,12.0,2.713322281538426,0.5746937299812059,0.02840909090909091,8.0,0.8646816701021308,True,-20.0,True,reset,1,110
255,10.0,2.6571425062575273,0.5827966435075729,0.02808988764044944,8.0,0.8646816701021308,True,0.0,True,reset,1,110
256,6.0,2.7126980618130827,0.5910520753614702,0.02777777777777778,8.0,0.8646816701021308,True,40.0,True,reset,1,110
257,6.0,2.7676431167581375,0.5994559017761292,0.027472527472527472,8.0,0.8646816701021308,True,40.0,True,reset,1,110
258,14.0,2.604599638497268,0.6071679930712105,0.027173913043478264,8.0,0.8646816701021308,True,-40.0,True,reset,1,110
259,4.0,2.712126520217698,0.6152329682710055,0.02688172043010753,8.0,0.8646816701021308,True,60.0,True,reset,1,110
260,8.0,2.712126520217698,0.6232363787746188,0.026595744680851068,8.0,0.8646816701021308,True,20.0,True,reset,1,110
261,6.0,2.7647580991650664,0.6313790469129856,0.026315789473684213,8.0,0.8646816701021308,True,-560.0,False,reset,1,110
262,8.0,2.7647580991650664,0.6394600281715163,0.026041666666666668,8.0,0.8646816701021308,True,20.0,True,reset,1,110
263,6.0,2.8163044909176436,0.6476745355781054,0.025773195876288662,8.0,0.8646816701021308,True,40.0,True,reset,1,110
264,8.0,2.8163044909176436,0.6558272797711112,0.025510204081632654,8.0,0.8646816701021308,True,20.0,True,reset,1,110
265,8.0,2.8163044909176436,0.6639189547192256,0.025252525252525256,8.0,0.8646816701021308,True,20.0,True,reset,1,110
266,12.0,2.7163044909176435,0.6715771097050406,0.025,8.0,0.8646816701021308,True,-20.0,True,reset,1,110
267,10.0,2.666799540422594,0.678994293462355,0.024752475247524754,8.0,0.8646816701021308,True,0.0,True,reset,1,110
268,6.0,2.715819148265731,0.686538089220886,0.024509803921568627,8.0,0.8646816701021308,True,40.0,True,reset,1,110
269,12.0,2.6187317696249544,0.6936679552002367,0.024271844660194174,8.0,0.8646816701021308,True,-20.0,True,reset,1,110
270,4.0,2.7148856157788006,0.7010989024817755,0.02403846153846154,8.0,0.8646816701021308,True,60.0,True,reset,1,110
271,10.0,2.667266568159753,0.7083009818432334,0.023809523809523808,8.0,0.8646816701021308,True,0.0,True,reset,1,110
272,8.0,2.667266568159753,0.7154504912823448,0.02358490566037736,8.0,0.8646816701021308,True,20.0,True,reset,1,110
273,4.0,2.7607245120849866,0.7228878513579907,0.02336448598130841,8.0,0.8646816701021308,True,60.0,True,reset,1,110
274,6.0,2.807020808381283,0.7304390577240172,0.023148148148148147,8.0,0.8646816701021308,True,40.0,True,reset,1,110
275,6.0,2.8528923680143103,0.7381013440427547,0.022935779816513766,8.0,0.8646816701021308,True,40.0,True,reset,1,110
276,8.0,2.8528923680143103,0.745708505999487,0.022727272727272728,8.0,0.8646816701021308,True,20.0,True,reset,1,110
277,12.0,2.7628022779242203,0.7529382327805791,0.022522522522522525,8.0,0.8646816701021308,True,-20.0,True,reset,1,110
278,6.0,2.8074451350670775,0.7602757574316024,0.022321428571428572,8.0,0.8646816701021308,True,40.0,True,reset,1,110
279,8.0,2.8074451350670775,0.7675610577078852,0.022123893805309738,8.0,0.8646816701021308,True,20.0,True,reset,1,110
280,6.0,2.8513047841898844,0.7749502198585306,0.021929824561403508,8.0,0.8646816701021308,True,40.0,True,reset,1,110
281,14.0,2.7208700015811886,0.7818262614900594,0.02173913043478261,8.0,0.8646816701021308,True,-40.0,True,reset,1,110
282,16.0,2.5484562084777402,0.7880467894724104,0.021551724137931032,8.0,0.8646816701021308,True,-60.0,True,reset,1,110
283,4.0,2.633926293947826,0.7945235596635523,0.02136752136752137,8.0,0.8646816701021308,True,60.0,True,reset,1,110
284,6.0,2.676299175303758,0.8011031946832733,0.0211864406779661,8.0,0.8646816701021308,True,40.0,True,reset,1,110
285,10.0,2.634282368581069,0.8074905785644503,0.02100840336134454,8.0,0.8646816701021308,True,0.0,True,reset,1,110
286,8.0,2.634282368581069,0.813833605613119,0.020833333333333332,8.0,0.8646816701021308,True,-580.0,False,reset,1,110
287,4.0,2.7169269966802427,0.8204187038521056,0.02066115702479339,8.0,0.8646816701021308,True,60.0,True,reset,1,110
288,10.0,2.6759433901228658,0.8268170648392461,0.020491803278688527,8.0,0.8646816701021308,True,0.0,True,reset,1,110
289,6.0,2.7165937966269307,0.833311142955355,0.020325203252032523,8.0,0.8646816701021308,True,-560.0,False,reset,1,110
290,6.0,2.756916377272092,0.839898832113974,0.020161290322580648,8.0,0.8646816701021308,True,40.0,True,reset,1,110
291,10.0,2.716916377272092,0.8463050353397696,0.02,8.0,0.8646816701021308,True,0.0,True,reset,1,110
292,6.0,2.7565989169546317,0.8528026335765548,0.019841269841269844,8.0,0.8646816701021308,True,40.0,True,reset,1,110
293,18.0,2.559748523253844,0.8585888908296981,0.01968503937007874,8.0,0.8646816701021308,True,-80.0,True,reset,1,110
294,4.0,2.637873523253844,0.8645999875608608,0.01953125,8.0,0.8646816701021308,True,60.0,True,reset,1,110
295,6.0,2.676633213176325,0.87070110953263,0.01937984496124031,8.0,0.8646816701021308,True,40.0,True,reset,1,110
296,6.0,2.715094751637863,0.8768903499423792,0.019230769230769232,8.0,0.8646816701021308,True,40.0,True,reset,1,110
297,8.0,2.715094751637863,0.8830381907507253,0.019083969465648856,8.0,0.8646816701021308,True,20.0,True,reset,1,110
298,6.0,2.7529735395166512,0.8892713085799451,0.01893939393939394,8.0,0.8646816701021308,True,40.0,True,reset,1,110
299,10.0,2.715379554554245,0.8953381133838464,0.018796992481203006,8.0,0.8646816701021308,True,0.0,True,reset,1,110
300,10.0,2.678066121718424,0.9012411862591264,0.01865671641791045,8.0,0.8646816701021308,True,0.0,True,reset,1,110
301,6.0,2.7151031587554613,0.9072275294026788,0.018518518518518517,8.0,0.8646816701021308,True,40.0,True,reset,1,110
302,6.0,2.751867864637814,0.913295425242268,0.018382352941176475,8.0,0.8646816701021308,True,40.0,True,reset,1,110
303,6.0,2.7883642150027774,0.919443191766073,0.01824817518248175,8.0,0.8646816701021308,True,40.0,True,reset,1,110
304,6.0,2.8245960990607486,0.9256691816591928,0.01811594202898551,8.0,0.8646816701021308,True,40.0,True,reset,1,110
305,16.0,2.6807112069744177,0.9313859309273206,0.017985611510791366,8.0,0.8646816701021308,True,-60.0,True,reset,1,110
306,8.0,2.6807112069744177,0.9370655584469539,0.01785714285714286,8.0,0.8646816701021308,True,20.0,True,reset,1,110
307,4.0,2.7516331927900204,0.9429379456131127,0.017730496453900707,8.0,0.8646816701021308,True,60.0,True,reset,1,110
308,8.0,2.7516331927900204,0.9487724464104574,0.017605633802816902,8.0,0.8646816701021308,True,20.0,True,reset,1,110
309,6.0,2.7865982277550554,0.954681854067514,0.01748251748251748,8.0,0.8646816701021308,True,40.0,True,reset,1,110
310,6.0,2.8213204499772777,0.9606646700800454,0.017361111111111112,8.0,0.8646816701021308,True,40.0,True,reset,1,110
311,14.0,2.7178721741152088,0.9662787515625859,0.017241379310344827,8.0,0.8646816701021308,True,-40.0,True,reset,1,110
312,8.0,2.7178721741152088,0.9718570745643458,0.01712328767123288,8.0,0.8646816701021308,True,20.0,True,reset,1,110
313,6.0,2.7518857795573854,0.9775079593421014,0.017006802721088437,8.0,0.8646816701021308,True,40.0,True,reset,1,110
314,8.0,2.7518857795573854,0.983123079026327,0.016891891891891893,8.0,0.8646816701021308,True,20.0,True,reset,1,110
315,14.0,2.651214638617788,0.9883851975108425,0.016778523489932886,8.0,0.8646816701021308,True,-40.0,True,reset,1,110
316,18.0,2.4845479719511214,0.9930901118958749,0.016666666666666666,8.0,0.8646816701021308,True,-80.0,True,reset,1,110
317,8.0,2.4845479719511214,0.9977655283850764,0.016556291390728478,8.0,0.8646816701021308,True,20.0,True,reset,1,110
318,6.0,2.5174427087932267,1.0025145195738518,0.01644736842105263,8.0,0.8646816701021308,True,40.0,True,reset,1,110
319,8.0,2.5174427087932267,1.0072339220324793,0.016339869281045753,8.0,0.8646816701021308,True,20.0,True,reset,1,110
320,4.0,2.582377773728292,1.0121256731247024,0.016233766233766236,8.0,0.8646816701021308,True,60.0,True,reset,1,110
321,4.0,2.64689390276055,1.0171868750740392,0.016129032258064516,8.0,0.8646816701021308,True,60.0,True,reset,1,110
322,8.0,2.64689390276055,1.0222168350360348,0.016025641025641028,8.0,0.8646816701021308,True,20.0,True,reset,1,110
323,10.0,2.615046769002588,1.02711785021747,0.01592356687898089,8.0,0.8646816701021308,True,-600.0,False,reset,1,110
324,6.0,2.646692338622841,1.032085870120554,0.015822784810126583,8.0,0.8646816701021308,True,40.0,True,reset,1,110
325,6.0,2.6781388795033445,1.0371196713724893,0.015723270440251572,8.0,0.8646816701021308,True,-560.0,False,reset,1,110
326,8.0,2.6781388795033445,1.0421227787143517,0.015625,8.0,0.8646816701021308,True,20.0,True,reset,1,110
327,8.0,2.6781388795033445,1.0470954720298198,0.015527950310559006,8.0,0.8646816701021308,True,20.0,True,reset,1,110
328,8.0,2.6781388795033445,1.0520380278100425,0.015432098765432098,8.0,0.8646816701021308,True,20.0,True,reset,1,110
329,4.0,2.7394885727548783,1.057136065710178,0.015337423312883436,8.0,0.8646816701021308,True,60.0,True,reset,1,110
330,8.0,2.7394885727548783,1.0622033925386258,0.01524390243902439,8.0,0.8646816701021308,True,20.0,True,reset,1,110
331,6.0,2.7697916030579086,1.0673312850627077,0.015151515151515152,8.0,0.8646816701021308,True,40.0,True,reset,1,110
332,6.0,2.7999120849856194,1.0725186527271477,0.015060240963855423,8.0,0.8646816701021308,True,40.0,True,reset,1,110
333,10.0,2.76997196522514,1.0775856775405745,0.014970059880239523,8.0,0.8646816701021308,True,0.0,True,reset,1,110
334,8.0,2.76997196522514,1.0826225414920165,0.014880952380952382,8.0,0.8646816701021308,True,20.0,True,reset,1,110
335,10.0,2.7403861664085722,1.0875417213879115,0.014792899408284025,8.0,0.8646816701021308,True,0.0,True,reset,1,110
336,12.0,2.6815626369968077,1.0922577595997722,0.014705882352941178,8.0,0.8646816701021308,True,-20.0,True,reset,1,110
337,4.0,2.7400421691605503,1.0971184805719278,0.014619883040935673,8.0,0.8646816701021308,True,60.0,True,reset,1,110
338,6.0,2.769111936602411,1.1020361083837824,0.014534883720930234,8.0,0.8646816701021308,True,40.0,True,reset,1,110
339,6.0,2.798013670706457,1.1070096496222652,0.014450867052023123,8.0,0.8646816701021308,True,40.0,True,reset,1,110
340,14.0,2.711806774154733,1.111702038875284,0.014367816091954025,8.0,0.8646816701021308,True,-40.0,True,reset,1,110
341,16.0,2.5975210598690186,1.1160338727557324,0.014285714285714287,8.0,0.8646816701021308,True,-60.0,True,reset,1,110
342,6.0,2.6259301507781094,1.1204231061220764,0.014204545454545456,8.0,0.8646816701021308,True,40.0,True,reset,1,110
343,10.0,2.597681563207488,1.1247050146933386,0.014124293785310734,8.0,0.8646816701021308,True,0.0,True,reset,1,110
344,12.0,2.541501787926589,1.1287998030552844,0.01404494382022472,8.0,0.8646816701021308,True,-20.0,True,reset,1,110
345,4.0,2.5973677097142986,1.1330319872243306,0.013966480446927375,8.0,0.8646816701021308,True,60.0,True,reset,1,110
346,8.0,2.5973677097142986,1.1372398484958535,0.01388888888888889,8.0,0.8646816701021308,True,20.0,True,reset,1,110
347,6.0,2.6249920191065637,1.1415027486981766,0.013812154696132598,8.0,0.8646816701021308,True,-560.0,False,reset,1,110
348,6.0,2.652464546579091,1.1458197824064076,0.013736263736263736,8.0,0.8646816701021308,True,40.0,True,reset,1,110
349,4.0,2.7071093553222605,1.1502679008477634,0.01366120218579235,8.0,0.8646816701021308,True,60.0,True,reset,1,110
350,8.0,2.7071093553222605,1.154690745888884,0.01358695652173913,8.0,0.8646816701021308,True,20.0,True,reset,1,110
351,4.0,2.7611634093763144,1.1592416599497548,0.013513513513513514,8.0,0.8646816701021308,True,60.0,True,reset,1,110
352,10.0,2.734281688946207,1.163690925568389,0.013440860215053764,8.0,0.8646816701021308,True,0.0,True,reset,1,110
353,6.0,2.7610196568606455,1.168190443121325,0.013368983957219251,8.0,0.8646816701021308,True,40.0,True,reset,1,110
354,16.0,2.6546366781372415,1.1723658538938415,0.013297872340425532,8.0,0.8646816701021308,True,-60.0,True,reset,1,110
355,10.0,2.628181651682215,1.176443769293809,0.013227513227513227,8.0,0.8646816701021308,True,0.0,True,reset,1,110
356,6.0,2.654497441155899,1.1805724108353233,0.013157894736842105,8.0,0.8646816701021308,True,40.0,True,reset,1,110
357,4.0,2.7068534620983074,1.1848238900867523,0.013089005235602096,8.0,0.8646816701021308,True,60.0,True,reset,1,110
358,6.0,2.732895128764974,1.1891240879719696,0.013020833333333334,8.0,0.8646816701021308,True,40.0,True,reset,1,110
359,16.0,2.6292681857597926,1.1931134068024067,0.01295336787564767,8.0,0.8646816701021308,True,-60.0,True,reset,1,110
360,4.0,2.6808145775123697,1.1972230785446993,0.012886597938144331,8.0,0.8646816701021308,True,60.0,True,reset,1,110
361,4.0,2.732096628794421,1.201451380336021,0.012820512820512822,8.0,0.8646816701021308,True,60.0,True,reset,1,110
362,8.0,2.732096628794421,1.2056564496999176,0.012755102040816327,8.0,0.8646816701021308,True,20.0,True,reset,1,110
363,8.0,2.732096628794421,1.2098384775878477,0.01269035532994924,8.0,0.8646816701021308,True,20.0,True,reset,1,110
364,12.0,2.6815915782893702,1.2138596609230978,0.012626262626262628,8.0,0.8646816701021308,True,-20.0,True,reset,1,110
365,12.0,2.631340322007963,1.2177220060486698,0.01256281407035176,8.0,0.8646816701021308,True,-20.0,True,reset,1,110
366,4.0,2.681340322007963,1.2216992297333416,0.0125,8.0,0.8646816701021308,True,60.0,True,reset,1,110
367,4.0,2.7310915657890575,1.2257897238689939,0.012437810945273634,8.0,0.8646816701021308,True,60.0,True,reset,1,110
368,8.0,2.7310915657890575,1.2298581072255346,0.012376237623762377,8.0,0.8646816701021308,True,20.0,True,reset,1,110
369,8.0,2.7310915657890575,1.2339045585963255,0.01231527093596059,8.0,0.8646816701021308,True,-580.0,False,reset,1,110
370,6.0,2.755601369710626,1.2379951414219017,0.012254901960784314,8.0,0.8646816701021308,True,40.0,True,reset,1,110
371,6.0,2.779991613613065,1.2421291802213417,0.012195121951219514,8.0,0.8646816701021308,True,40.0,True,reset,1,110
372,8.0,2.779991613613065,1.2462411118614265,0.012135922330097087,8.0,0.8646816701021308,True,20.0,True,reset,1,110
373,6.0,2.804146202985046,1.2503955254377563,0.012077294685990338,8.0,0.8646816701021308,True,40.0,True,reset,1,110
374,6.0,2.8281846645235076,1.2545917731480907,0.01201923076923077,8.0,0.8646816701021308,True,40.0,True,reset,1,110
375,6.0,2.852108109499584,1.258829217011092,0.01196172248803828,8.0,0.8646816701021308,True,40.0,True,reset,1,110
376,10.0,2.82829858569006,1.2629812523779675,0.011904761904761904,8.0,0.8646816701021308,True,0.0,True,reset,1,110
377,14.0,2.757208538296695,1.2669238045835578,0.011848341232227487,8.0,0.8646816701021308,True,-40.0,True,reset,1,110
378,12.0,2.7100387269759403,1.270721475431959,0.01179245283018868,8.0,0.8646816701021308,True,-20.0,True,reset,1,110
379,4.0,2.756987083783452,1.2746224350339312,0.011737089201877935,8.0,0.8646816701021308,True,60.0,True,reset,1,110
380,10.0,2.7336225978021433,1.2784418071877748,0.011682242990654205,8.0,0.8646816701021308,True,0.0,True,reset,1,110
381,10.0,2.710366783848655,1.2821805146986387,0.011627906976744184,8.0,0.8646816701021308,True,0.0,True,reset,1,110
382,4.0,2.756663080144951,1.2860203130461552,0.011574074074074073,8.0,0.8646816701021308,True,60.0,True,reset,1,110
383,8.0,2.756663080144951,1.289840164389269,0.01152073732718894,8.0,0.8646816701021308,True,20.0,True,reset,1,110
384,14.0,2.68785574069541,1.2934619664004245,0.011467889908256883,8.0,0.8646816701021308,True,-40.0,True,reset,1,110
385,6.0,2.7106867909237202,1.2971240460503557,0.011415525114155252,8.0,0.8646816701021308,True,40.0,True,reset,1,110
386,4.0,2.7561413363782656,1.300884399891407,0.011363636363636364,8.0,0.8646816701021308,True,60.0,True,reset,1,110
387,10.0,2.7335169019891254,1.3045672597939717,0.011312217194570137,8.0,0.8646816701021308,True,0.0,True,reset,1,110
388,10.0,2.710994379466603,1.3081734831777478,0.011261261261261262,8.0,0.8646816701021308,True,0.0,True,reset,1,110
389,8.0,2.710994379466603,1.3117612604061082,0.011210762331838566,8.0,0.8646816701021308,True,20.0,True,reset,1,110
390,4.0,2.75563723660946,1.3154446174882595,0.011160714285714286,8.0,0.8646816701021308,True,60.0,True,reset,1,110
391,10.0,2.733415014387238,1.3190526846559414,0.011111111111111112,8.0,0.8646816701021308,True,0.0,True,reset,1,110
392,12.0,2.6891672267766187,1.3225301327323897,0.011061946902654869,8.0,0.8646816701021308,True,-20.0,True,reset,1,110
393,10.0,2.667140795058557,1.3259342103585319,0.011013215859030838,8.0,0.8646816701021308,True,0.0,True,reset,1,110
394,10.0,2.6452109704971534,1.329265717328579,0.010964912280701754,8.0,0.8646816701021308,True,0.0,True,reset,1,110
395,6.0,2.6670450316325245,1.332635438523299,0.01091703056768559,8.0,0.8646816701021308,True,40.0,True,reset,1,110
396,8.0,2.6670450316325245,1.335988226445684,0.010869565217391306,8.0,0.8646816701021308,True,20.0,True,reset,1,110
397,8.0,2.6670450316325245,1.3393242084135706,0.010822510822510822,8.0,0.8646816701021308,True,20.0,True,reset,1,110
398,4.0,2.7101484799083866,1.3427512690923078,0.010775862068965516,8.0,0.8646816701021308,True,60.0,True,reset,1,110
399,4.0,2.753066934844009,1.3462682657650054,0.01072961373390558,8.0,0.8646816701021308,True,60.0,True,reset,1,110
