env_id,alpha,p,cost,horizon,best_w,best_reward,w1_reward,ratio,near_optimal
0,19.352465823520763,0.9302857225639665,3.686770314875885,1,5.0,0.20748993806788696,-5.898249808988343,-28.426678729156215,False
0,19.352465823520763,0.9302857225639665,3.686770314875885,2,5.0,2.257782338760642,0.07506494381352975,0.033247201257998564,False
0,19.352465823520763,0.9302857225639665,3.686770314875885,3,50.0,1.6678990883805,-0.5885537128641295,-0.3528712959700725,False
0,19.352465823520763,0.9302857225639665,3.686770314875885,5,2.0,1.889105307273053,-0.2936120876740589,-0.15542388587002148,False
1,30.334265725654795,0.6124074561769747,0.864373149647393,1,50.0,-41.77683852500299,-135.00199548765943,3.2315033940843128,False
1,30.334265725654795,0.6124074561769747,0.864373149647393,2,50.0,-49.73786304344285,-84.22313842503081,1.6933405110603017,False
1,30.334265725654795,0.6124074561769747,0.864373149647393,3,1.0,-44.59059484238629,-44.59059484238629,1.0,True
1,30.334265725654795,0.6124074561769747,0.864373149647393,5,50.0,-25.552111075559342,-53.88275401128315,2.1087398161329274,False
2,3.8460969962417737,0.8964704583099741,3.0454635575417233,1,0.01,2.593049145840681,2.1084394462165035,0.8131120266650155,False
2,3.8460969962417737,0.8964704583099741,3.0454635575417233,2,50.0,1.9653051472548482,1.8434866049531788,0.938015456545348,False
2,3.8460969962417737,0.8964704583099741,3.0454635575417233,3,0.5,2.569068919598196,1.4171217068973374,0.5516090658708277,False
2,3.8460969962417737,0.8964704583099741,3.0454635575417233,5,0.1,3.0776588454648586,1.414457237314839,0.4595887030816098,False
3,35.69555631200623,0.558233797718321,4.852558275593773,1,2.0,-123.28700536761556,-181.99989546682562,1.47622934731962,False
3,35.69555631200623,0.558233797718321,4.852558275593773,2,10.0,-129.63210844238876,-163.62862077831315,1.2622537945607293,False
3,35.69555631200623,0.558233797718321,4.852558275593773,3,1.0,-132.81640824603,-132.81640824603,1.0,True
3,35.69555631200623,0.558233797718321,4.852558275593773,5,0.5,-112.83714893457565,-142.38769631520438,1.2618866894426986,False
4,41.78968939922066,0.6349356442713104,0.9909423393147931,1,50.0,-45.929584818534835,-157.8707309962754,3.437234009843843,False
4,41.78968939922066,0.6349356442713104,0.9909423393147931,2,50.0,-48.46639720718069,-83.68338516811848,1.7266269000849128,False
4,41.78968939922066,0.6349356442713104,0.9909423393147931,3,5.0,-44.65927665829404,-65.83611404325512,1.474186752888846,False
4,41.78968939922066,0.6349356442713104,0.9909423393147931,5,0.01,-23.585337439100122,-25.94187824075149,1.0999155007951957,False
5,9.986820982818257,0.6716968971838151,2.6713065149979656,1,50.0,-21.402495611668034,-24.53308736517091,1.1462722763880007,False
5,9.986820982818257,0.6716968971838151,2.6713065149979656,2,2.0,-13.01459315457442,-17.439481039984365,1.3399943304301194,False
5,9.986820982818257,0.6716968971838151,2.6713065149979656,3,2.0,-17.409321547701726,-21.536919289329227,1.2370912462221941,False
5,9.986820982818257,0.6716968971838151,2.6713065149979656,5,0.5,-10.389819915611097,-15.562673625220468,1.497877128922799,False
6,22.165305913463673,0.6664916560792168,3.0980791841396598,1,50.0,-49.73826589749369,-69.54358869856978,1.3981908585613572,False
6,22.165305913463673,0.6664916560792168,3.0980791841396598,2,0.1,-32.09743533336487,-33.15078225597235,1.032817167841212,True
6,22.165305913463673,0.6664916560792168,3.0980791841396598,3,1.0,-23.39313041307503,-23.39313041307503,1.0,True
6,22.165305913463673,0.6664916560792168,3.0980791841396598,5,1.0,-28.335999514181744,-28.335999514181744,1.0,True
7,7.83519917195005,0.6668578594140873,1.8951730321390894,1,50.0,-10.095209476265955,-28.1194896371343,2.785429039708765,False
7,7.83519917195005,0.6668578594140873,1.8951730321390894,2,1.0,-8.99064413080586,-8.99064413080586,1.0,True
7,7.83519917195005,0.6668578594140873,1.8951730321390894,3,0.01,-8.964480992574103,-12.801788346496371,1.4280568341994337,False
7,7.83519917195005,0.6668578594140873,1.8951730321390894,5,0.5,-8.351650286697991,-13.477675302474847,1.6137739057322935,False
8,23.34742922663476,0.8640703845572054,1.0784015325759628,1,50.0,6.0530503907719755,-27.59954537252809,-4.55960938547683,False
8,23.34742922663476,0.8640703845572054,1.0784015325759628,2,1.0,2.4129422925816217,2.4129422925816217,1.0,True
8,23.34742922663476,0.8640703845572054,1.0784015325759628,3,50.0,5.880506145559821,3.2300829163811553,0.5492865471826921,False
8,23.34742922663476,0.8640703845572054,1.0784015325759628,5,5.0,5.664825839044629,2.9496985179114033,0.5207041843335591,False
9,26.19748748226697,0.786965827544817,0.3276070223279889,1,10.0,8.309547764787578,-47.44233073508863,-5.7093757780814,False
9,26.19748748226697,0.786965827544817,0.3276070223279889,2,10.0,8.054014287371746,-7.353730679916626,-0.9130516060105422,False
9,26.19748748226697,0.786965827544817,0.3276070223279889,3,0.5,8.106431410944223,2.9421238132463414,0.36293698966900256,False
9,26.19748748226697,0.786965827544817,0.3276070223279889,5,0.01,7.896762916654312,7.759167967276557,0.9825757780966722,True
10,30.76969774317048,0.6182096494749166,0.41875280562786965,1,50.0,-21.30059913400644,-101.61269490672454,4.770414872720632,False
10,30.76969774317048,0.6182096494749166,0.41875280562786965,2,50.0,-11.641240461709128,-99.60823298816554,8.556496476110192,False
10,30.76969774317048,0.6182096494749166,0.41875280562786965,3,50.0,-26.889585068740008,-57.08204422195273,2.122830979951134,False
10,30.76969774317048,0.6182096494749166,0.41875280562786965,5,2.0,-13.246523194523188,-16.113615892675615,1.2164411488244578,False
11,47.49539132541333,0.9362528132298237,4.06114700577066,1,50.0,0.6593618867274829,-18.30884266847731,-27.767517408910283,False
11,47.49539132541333,0.9362528132298237,4.06114700577066,2,0.1,1.146699527419962,0.4969160064966565,0.43334456378010544,False
11,47.49539132541333,0.9362528132298237,4.06114700577066,3,0.1,1.3091454076507878,0.9842536471891357,0.7518291256548361,False
11,47.49539132541333,0.9362528132298237,4.06114700577066,5,0.5,1.3091454076507885,0.3344701262658297,0.25548737696450663,False
12,15.926074689495163,0.5890688456025536,3.452741829909569,1,5.0,-62.84964805683974,-71.31268540158732,1.1346552861695232,False
12,15.926074689495163,0.5890688456025536,3.452741829909569,2,10.0,-43.88110788164113,-68.1300511397199,1.5526055386633477,False
12,15.926074689495163,0.5890688456025536,3.452741829909569,3,0.1,-54.65824622472194,-60.219452487757856,1.101745054902998,False
12,15.926074689495163,0.5890688456025536,3.452741829909569,5,5.0,-44.95222182120693,-66.71366301716314,1.484101570830252,False
13,22.567472193240462,0.5988152939379116,2.526366859545224,1,5.0,-77.36926675521086,-89.15300285183112,1.1523051282611079,False
13,22.567472193240462,0.5988152939379116,2.526366859545224,2,5.0,-60.67351241993343,-88.85342437744019,1.46445163356405,False
13,22.567472193240462,0.5988152939379116,2.526366859545224,3,1.0,-53.08713085891278,-53.08713085891278,1.0,True
13,22.567472193240462,0.5988152939379116,2.526366859545224,5,5.0,-51.08407499992507,-69.7359434057538,1.3651209972159835,False
14,2.6850375346457014,0.9137281608315128,1.368021909840083,1,2.0,6.0524518159079275,4.9469405555142165,0.817344888646937,False
14,2.6850375346457014,0.9137281608315128,1.368021909840083,2,1.0,6.908270483761414,6.908270483761414,1.0,True
14,2.6850375346457014,0.9137281608315128,1.368021909840083,3,0.1,6.826189169171009,6.48504585390324,0.9500243390838818,True
14,2.6850375346457014,0.9137281608315128,1.368021909840083,5,2.0,6.826189169171009,6.552584787202993,0.9599184295677462,True
15,33.463591933345114,0.6746844304357644,2.648333303771273,1,50.0,-44.22368427791068,-123.60998265048272,2.795108202059609,False
15,33.463591933345114,0.6746844304357644,2.648333303771273,2,2.0,-32.88529183933776,-62.36296536472918,1.896378650656519,False
15,33.463591933345114,0.6746844304357644,2.648333303771273,3,50.0,-30.38175494006535,-52.0662767555055,1.71373499846265,False
15,33.463591933345114,0.6746844304357644,2.648333303771273,5,5.0,-25.8230957591469,-43.05489172581947,1.6673017103524017,False
16,27.788803687820703,0.6239417822102108,4.850964676046337,1,2.0,-86.97513647707257,-115.76394016489328,1.3310003853274748,False
16,27.788803687820703,0.6239417822102108,4.850964676046337,2,0.1,-76.5566016845365,-78.69102614199689,1.0278803448754898,True
16,27.788803687820703,0.6239417822102108,4.850964676046337,3,10.0,-63.32258339690981,-104.76328961123164,1.6544380218123598,False
16,27.788803687820703,0.6239417822102108,4.850964676046337,5,50.0,-60.05562585404404,-96.05747968224277,1.5994751252063495,False
17,38.98150834469461,0.9257995766256756,4.48465401709548,1,50.0,-0.5837834803453319,-38.46431319625955,65.88797814817633,False
17,38.98150834469461,0.9257995766256756,4.48465401709548,2,0.01,-0.13531807863578393,-0.7631696410291511,5.639820257005454,False
17,38.98150834469461,0.9257995766256756,4.48465401709548,3,0.1,0.13376116238994484,-4.043775832763334,-30.23131498345378,False
17,38.98150834469461,0.9257995766256756,4.48465401709548,5,0.5,-0.04562499829387434,-0.9425558017129703,20.65875807034318,False
18,30.29709896174317,0.9187496940092467,0.5336132600544056,1,5.0,8.772689501874869,-9.311872637100304,-1.061461554647546,False
18,30.29709896174317,0.9187496940092467,0.5336132600544056,2,2.0,8.740672706271603,-0.6164401866480852,-0.07052548555053176,False
18,30.29709896174317,0.9187496940092467,0.5336132600544056,3,1.0,8.185714915815021,8.185714915815021,1.0,True
18,30.29709896174317,0.9187496940092467,0.5336132600544056,5,0.5,8.164370385412845,8.143025855010672,0.9973856489362231,True
19,10.603160258538114,0.5680909155642153,1.6941186207399954,1,2.0,-32.3051795256234,-38.10675965489245,1.1795866859265534,False
19,10.603160258538114,0.5680909155642153,1.6941186207399954,2,0.01,-31.992543727551926,-39.23381422574381,1.2263424427847451,False
19,10.603160258538114,0.5680909155642153,1.6941186207399954,3,5.0,-32.51741004127514,-36.47271133264378,1.1216364183478353,False
19,10.603160258538114,0.5680909155642153,1.6941186207399954,5,0.1,-33.43223409647475,-34.55866774991376,1.0336930415774332,True
20,20.045187194784617,0.6585396127095584,4.160813794844454,1,5.0,-46.77378178180598,-74.13252513502599,1.5849162139774207,False
20,20.045187194784617,0.6585396127095584,4.160813794844454,2,0.1,-44.77424095768081,-65.67710742272787,1.4668502696629473,False
20,20.045187194784617,0.6585396127095584,4.160813794844454,3,50.0,-40.53874149406779,-51.94407169714132,1.2813439633971497,False
20,20.045187194784617,0.6585396127095584,4.160813794844454,5,5.0,-40.38553995460205,-52.77388425351033,1.3067519788724922,False
21,18.480913007985876,0.6623738038749524,2.7592108074754176,1,1.0,-55.0981324330302,-55.0981324330302,1.0,True
21,18.480913007985876,0.6623738038749524,2.7592108074754176,2,2.0,-22.648043922700452,-41.229365736728404,1.8204382629002072,False
21,18.480913007985876,0.6623738038749524,2.7592108074754176,3,50.0,-29.915716718869763,-45.66599977370698,1.5264885746461994,False
21,18.480913007985876,0.6623738038749524,2.7592108074754176,5,10.0,-20.94783924096994,-32.967492342658524,1.573789638321286,False
22,7.9052870237633694,0.8708787923016158,0.46529815403087704,1,50.0,8.120195457715257,-1.1516425825469205,-0.14182449037636258,False
22,7.9052870237633694,0.8708787923016158,0.46529815403087704,2,2.0,8.753000947197249,7.834554355579059,0.8950706623752531,False
22,7.9052870237633694,0.8708787923016158,0.46529815403087704,3,2.0,8.25978490392452,8.045747753070318,0.974086837206559,True
22,7.9052870237633694,0.8708787923016158,0.46529815403087704,5,0.01,8.213255088521434,8.1946431623602,0.9977339159735528,True
23,49.35745989342535,0.8588979077186629,1.073706839517445,1,50.0,5.72664677872057,-61.574150690312926,-10.75221732185648,False
23,49.35745989342535,0.8588979077186629,1.073706839517445,2,0.1,7.143939806883598,-13.041992424067244,-1.8256022274292587,False
23,49.35745989342535,0.8588979077186629,1.073706839517445,3,0.5,5.705172641930222,5.619276094768827,0.9849440932724634,True
23,49.35745989342535,0.8588979077186629,1.073706839517445,5,2.0,5.726646778720571,5.490431274026732,0.9587515148355957,True
24,1.2705837390565176,0.8761845713819336,3.5636009848533243,1,2.0,4.619932023901461,4.165815276090158,0.9017048853831818,False
24,1.2705837390565176,0.8761845713819336,3.5636009848533243,2,1.0,4.39287364999581,4.39287364999581,1.0,True
24,1.2705837390565176,0.8761845713819336,3.5636009848533243,3,1.0,4.39287364999581,4.39287364999581,1.0,True
24,1.2705837390565176,0.8761845713819336,3.5636009848533243,5,2.0,4.619932023901462,1.8952315370336408,0.41022931229909027,False
25,36.72135123400838,0.8585081386743783,0.4628187934970428,1,5.0,8.787414761037748,-31.956305150906264,-3.636599161404826,False
25,36.72135123400838,0.8585081386743783,0.4628187934970428,2,10.0,7.917315429263308,-6.310382108435541,-0.7970355816709845,False
25,36.72135123400838,0.8585081386743783,0.4628187934970428,3,0.01,8.167237577751711,8.03764831557254,0.9841330362995458,True
25,36.72135123400838,0.8585081386743783,0.4628187934970428,5,0.01,7.565573146205557,7.343420125326975,0.970636326344951,True
26,18.564820698669358,0.5963476238100519,4.329206786790409,1,0.1,-54.98015095266543,-66.71904337186706,1.2135114621512788,False
26,18.564820698669358,0.5963476238100519,4.329206786790409,2,2.0,-40.577022334899546,-66.2360885983205,1.6323545885561956,False
26,18.564820698669358,0.5963476238100519,4.329206786790409,3,0.1,-59.535754083418254,-60.40159544077633,1.0145432164367132,True
26,18.564820698669358,0.5963476238100519,4.329206786790409,5,50.0,-52.197571543932,-62.01174096770005,1.1880196555793399,False
27,31.541608214550337,0.6823592099410597,0.41143591640151583,1,50.0,0.014747586216168588,-101.05290384587268,-6852.165660512148,False
27,31.541608214550337,0.6823592099410597,0.41143591640151583,2,50.0,-6.353685845117388,-43.49014141402978,6.844868077235926,False
27,31.541608214550337,0.6823592099410597,0.41143591640151583,3,50.0,-0.0017098504398920422,-31.748949469054356,1.0,False
27,31.541608214550337,0.6823592099410597,0.41143591640151583,5,0.5,1.0433373772199583,-2.0709352326585586,-1.9849142548469825,False
28,16.23813376406745,0.6800733288106988,3.675070273856514,1,5.0,-33.32277793121164,-48.83709831887234,1.465577042216798,False
28,16.23813376406745,0.6800733288106988,3.675070273856514,2,5.0,-26.26111917342092,-31.579562113595422,1.202521564486762,False
28,16.23813376406745,0.6800733288106988,3.675070273856514,3,1.0,-20.94267623324643,-20.94267623324643,1.0,True
28,16.23813376406745,0.6800733288106988,3.675070273856514,5,0.5,-18.765391287379053,-28.67420241756837,1.5280364783469043,False
29,32.240316096405444,0.9048850970305305,2.413853133293552,1,2.0,-2.3859479622151896,-12.358042791136818,5.179510612487634,False
29,32.240316096405444,0.9048850970305305,2.413853133293552,2,0.01,4.255029542761348,-2.3447566138538694,-0.5510553076753055,False
29,32.240316096405444,0.9048850970305305,2.413853133293552,3,1.0,4.544691918756574,4.544691918756574,1.0,True
29,32.240316096405444,0.9048850970305305,2.413853133293552,5,0.1,1.6480681588043107,0.34458746682579283,0.20908568919612788,False
30,6.860118050976784,0.835297914889198,3.8278467382227976,1,10.0,-3.259988399394938,-6.404035619785651,1.964435094607777,False
30,6.860118050976784,0.835297914889198,3.8278467382227976,2,0.01,-2.596222216277013,-2.8463354780234997,1.0963373859827565,False
30,6.860118050976784,0.835297914889198,3.8278467382227976,3,2.0,-0.7384133244769514,-3.632347283121178,4.919124781089398,False
30,6.860118050976784,0.835297914889198,3.8278467382227976,5,5.0,-1.9276522608500284,-5.893383306196637,3.057285500029895,False
31,28.502582680905316,0.8583868719818244,2.5195984221855148,1,50.0,-8.100029127825914,-24.972439371181363,3.0830061197426932,False
31,28.502582680905316,0.8583868719818244,2.5195984221855148,2,0.01,2.844340480993138,-20.001846137075457,-7.032156055414138,False
31,28.502582680905316,0.8583868719818244,2.5195984221855148,3,0.01,-0.028001720298348617,-0.6830973100665824,24.39483370265889,False
31,28.502582680905316,0.8583868719818244,2.5195984221855148,5,0.1,-0.12878565718576923,-2.7263001461703293,21.169283954017704,False
32,26.61390863971771,0.7210164073434199,0.22455372104606644,1,50.0,6.973015840299025,-59.25932532034034,-8.498378130430162,False
32,26.61390863971771,0.7210164073434199,0.22455372104606644,2,50.0,6.878703277459677,-15.571089683093353,-2.263666428833633,False
32,26.61390863971771,0.7210164073434199,0.22455372104606644,3,10.0,8.190097008368703,-5.181223092660781,-0.6326204790207697,False
32,26.61390863971771,0.7210164073434199,0.22455372104606644,5,10.0,7.570328738281561,4.871812916202689,0.6435404702528907,False
33,6.286679922671918,0.5625716742746938,3.2184110151925243,1,10.0,-21.636462713613003,-23.82246669041458,1.1010333345952252,False
33,6.286679922671918,0.5625716742746938,3.2184110151925243,2,2.0,-23.82246669041458,-27.465806651750544,1.1529371415933989,False
33,6.286679922671918,0.5625716742746938,3.2184110151925243,3,5.0,-22.36513070588019,-28.194474644017728,1.2606443045112585,False
33,6.286679922671918,0.5625716742746938,3.2184110151925243,5,0.5,-20.907794721345812,-23.093798698147392,1.1045544977811448,False
34,16.403443072740007,0.7534282764658811,4.547075722237856,1,50.0,-17.654923139350327,-29.35396186771787,1.6626502214723349,False
34,16.403443072740007,0.7534282764658811,4.547075722237856,2,0.1,-17.09681851985817,-20.668448648850926,1.2089061262973728,False
34,16.403443072740007,0.7534282764658811,4.547075722237856,3,1.0,-15.0836496692499,-15.0836496692499,1.0,True
34,16.403443072740007,0.7534282764658811,4.547075722237856,5,2.0,-11.51201954025714,-15.277988230963029,1.3271336256454764,False
35,13.215319228294872,0.7141531692142519,3.8022005788609388,1,2.0,-23.65437095828016,-30.7620305724276,1.3004797560114114,False
35,13.215319228294872,0.7141531692142519,3.8022005788609388,2,5.0,-13.539297234990899,-31.053944378408058,2.2936156758677537,False
35,13.215319228294872,0.7141531692142519,3.8022005788609388,3,0.1,-17.727848991902142,-17.97928532377147,1.014183126897357,True
35,13.215319228294872,0.7141531692142519,3.8022005788609388,5,0.01,-14.603913397071965,-24.934856914764467,1.7074092564643544,False
36,12.2111101090895,0.5807919639315172,1.5197821192774634,1,0.1,-36.43755649018177,-40.40088952290862,1.1087705492489537,False
36,12.2111101090895,0.5807919639315172,1.5197821192774634,2,0.5,-32.46232393484947,-52.91729758858025,1.630114273235122,False
36,12.2111101090895,0.5807919639315172,1.5197821192774634,3,5.0,-34.95916434191428,-43.97347693607309,1.2578526336040332,False
36,12.2111101090895,0.5807919639315172,1.5197821192774634,5,0.01,-26.076134974178228,-35.12524094217237,1.3470263509893232,False
37,8.899843075446217,0.9218790609370292,4.059789859865643,1,50.0,0.9872665110982723,0.0003042948666255363,0.000308219577190993,False
37,8.899843075446217,0.9218790609370292,4.059789859865643,2,0.1,0.5812875251117084,-1.723464278766787,-2.9649084219304065,False
37,8.899843075446217,0.9218790609370292,4.059789859865643,3,10.0,0.6624833223090212,-1.6422684815694744,-2.4789582262169367,False
37,8.899843075446217,0.9218790609370292,4.059789859865643,5,10.0,0.9060707139009597,-0.3275009852356005,-0.36145190459317594,False
38,32.03678406901075,0.8985842360750871,4.037993176805661,1,50.0,-6.702339755816304,-33.682134059618576,5.025429221249065,False
38,32.03678406901075,0.8985842360750871,4.037993176805661,2,10.0,0.7933755568830931,0.4703361027386404,0.5928290815845568,False
38,32.03678406901075,0.8985842360750871,4.037993176805661,3,1.0,0.14729664859418765,0.14729664859418765,1.0,True
38,32.03678406901075,0.8985842360750871,4.037993176805661,5,0.1,0.4703361027386404,-2.99486203123466,-6.367493402688812,False
39,10.141932885415756,0.9070235993959911,2.742776985386689,1,1.0,2.8004498604470096,2.8004498604470096,1.0,True
39,10.141932885415756,0.9070235993959911,2.742776985386689,2,0.5,3.3076241556564794,3.197913076241012,0.9668308507096107,True
39,10.141932885415756,0.9070235993959911,2.742776985386689,3,2.0,3.4721907747796807,2.0837197876994358,0.6001167340327529,False
39,10.141932885415756,0.9070235993959911,2.742776985386689,5,5.0,3.3624796953642133,2.2482864068226376,0.6686394002385523,False
40,40.564567603039066,0.9084365199693972,1.658217027362133,1,50.0,6.119772155972608,-37.37924139070511,-6.107946576773244,False
40,40.564567603039066,0.9084365199693972,1.658217027362133,2,0.5,6.053443474878123,-2.2263057051824457,-0.3677750877532179,False
40,40.564567603039066,0.9084365199693972,1.658217027362133,3,5.0,4.096747382590808,3.367131890551468,0.8219037143613366,False
40,40.564567603039066,0.9084365199693972,1.658217027362133,5,50.0,4.295733425874263,4.0304187014963215,0.9382376190338335,False
41,6.392544301856161,0.6411740650167767,2.192828164268656,1,1.0,-12.891952209465908,-12.891952209465908,1.0,True
41,6.392544301856161,0.6411740650167767,2.192828164268656,2,0.01,-12.165605526986461,-16.07485334867568,1.3213360660936686,False
41,6.392544301856161,0.6411740650167767,2.192828164268656,3,0.5,-9.408949185673679,-12.341031780127953,1.3116269985726718,False
41,6.392544301856161,0.6411740650167767,2.192828164268656,5,2.0,-14.596344488304446,-15.680144279107324,1.0742514532779965,False
42,41.08272353020216,0.8942922333025374,0.13406543960283446,1,5.0,9.503957873469512,1.261698238912764,0.1327550327674347,False
42,41.08272353020216,0.8942922333025374,0.13406543960283446,2,2.0,9.686286871329369,1.2697421652889345,0.13108657446923952,False
42,41.08272353020216,0.8942922333025374,0.13406543960283446,3,10.0,9.536133578974193,9.495913947093342,0.9957823963404279,True
42,41.08272353020216,0.8942922333025374,0.13406543960283446,5,0.01,9.369892433866676,9.340398037154053,0.9968522160824367,True
43,26.026617826300722,0.7169644012595116,1.1883282713065784,1,50.0,-5.268448217104742,-72.26818175020874,13.717166568246821,False
43,26.026617826300722,0.7169644012595116,1.1883282713065784,2,50.0,-8.82670635507555,-45.29582373070921,5.131679010105861,False
43,26.026617826300722,0.7169644012595116,1.1883282713065784,3,10.0,-8.46348119773465,-11.831606812296405,1.3979598389683046,False
43,26.026617826300722,0.7169644012595116,1.1883282713065784,5,0.1,-0.10079030610591445,-0.9088535305943876,9.017271260584605,False
44,6.873402999350457,0.6850460685614512,4.720257549171344,1,2.0,-14.403765047547488,-18.340466547222718,1.2733105883551974,False
44,6.873402999350457,0.6850460685614512,4.720257549171344,2,2.0,-13.616424747612442,-17.553126247287672,1.2891141817800231,False
44,6.873402999350457,0.6850460685614512,4.720257549171344,3,1.0,-13.616424747612442,-13.616424747612442,1.0,True
44,6.873402999350457,0.6850460685614512,4.720257549171344,5,2.0,-16.76578594735263,-19.127806847157764,1.140883398322171,False
45,16.836943669017007,0.7575162486973465,3.5447928985863717,1,1.0,-22.083902769013577,-22.083902769013577,1.0,True
45,16.836943669017007,0.7575162486973465,3.5447928985863717,2,0.5,-9.04528160685701,-16.109163216492085,1.7809465660284272,False
45,16.836943669017007,0.7575162486973465,3.5447928985863717,3,0.01,-9.836433962154526,-10.641992587381198,1.081895393018043,False
45,16.836943669017007,0.7575162486973465,3.5447928985863717,5,0.5,-9.28367336830986,-18.75801414898367,2.0205379276930184,False
46,18.817850516585406,0.9387128330883843,4.815991745216345,1,10.0,-0.7613469001919659,-8.688487106826129,11.411995116333191,False
46,18.817850516585406,0.9387128330883843,4.815991745216345,2,1.0,-0.5951818394759588,-0.5951818394759588,1.0,True
46,18.817850516585406,0.9387128330883843,4.815991745216345,3,10.0,-0.7878215092846128,-1.0767810139975933,1.3667829594743768,False
46,18.817850516585406,0.9387128330883843,4.815991745216345,5,5.0,-0.20990249985865128,-0.5951818394759586,2.8355157269530142,False
47,13.337332495442844,0.7488994023569542,1.5743037181021715,1,50.0,-1.9039698409950325,-31.718834705342132,16.65931572149566,False
47,13.337332495442844,0.7488994023569542,1.5743037181021715,2,0.5,-4.570127454944244,-7.595024325843029,1.6618845755879883,False
47,13.337332495442844,0.7488994023569542,1.5743037181021715,3,10.0,-1.1168179819439477,-1.4946508742884668,1.3383119706640632,False
47,13.337332495442844,0.7488994023569542,1.5743037181021715,5,0.1,-1.3057344281162062,-3.589591685435663,2.7490978319491783,False
48,14.957184224495913,0.5647547789418131,3.086865236501495,1,5.0,-48.93701002223719,-53.72416528958596,1.0978227984336082,False
48,14.957184224495913,0.5647547789418131,3.086865236501495,2,10.0,-51.32083360410308,-56.04625156672182,1.0920760172968225,False
48,14.957184224495913,0.5647547789418131,3.086865236501495,3,1.0,-47.1510513840546,-47.1510513840546,1.0,True
48,14.957184224495913,0.5647547789418131,3.086865236501495,5,1.0,-45.24664643795486,-45.24664643795486,1.0,True
49,25.631272138214214,0.5705915004999957,1.4653676747593962,1,50.0,-79.34856573086631,-111.30609229672338,1.4027486353597152,False
49,25.631272138214214,0.5705915004999957,1.4653676747593962,2,2.0,-70.66349151399889,-113.09768281417053,1.6005108209486811,False
49,25.631272138214214,0.5705915004999957,1.4653676747593962,3,1.0,-63.414477618395686,-63.414477618395686,1.0,True
49,25.631272138214214,0.5705915004999957,1.4653676747593962,5,1.0,-65.43284305532298,-65.43284305532298,1.0,True
50,45.50502841236603,0.645824756266789,0.8099848732469932,1,50.0,-29.76119559175559,-121.02406442787188,4.066505461944473,False
50,45.50502841236603,0.645824756266789,0.8099848732469932,2,50.0,-34.37929903806232,-128.08832219138452,3.7257397845597207,False
50,45.50502841236603,0.645824756266789,0.8099848732469932,3,50.0,-24.68950061643056,-89.18214155887415,3.6121484571269344,False
50,45.50502841236603,0.645824756266789,0.8099848732469932,5,2.0,-6.848875032336322,-20.52498869914215,2.996840882953089,False
51,24.98318525360059,0.9442601816442402,1.2860708304063522,1,10.0,7.196365589714153,-4.277663457206644,-0.5944199754554933,False
51,24.98318525360059,0.9442601816442402,1.2860708304063522,2,0.5,7.144922756497898,7.042037090065391,0.985600170927119,True
51,24.98318525360059,0.9442601816442402,1.2860708304063522,3,0.5,7.144922756497899,7.119201339889773,0.9964000427317798,True
51,24.98318525360059,0.9442601816442402,1.2860708304063522,5,1.0,7.273529839538535,7.273529839538535,1.0,True
52,33.93464182288805,0.854647846131487,1.2644239655627585,1,50.0,4.81586174119269,-22.705601606162,-4.714753625908446,False
52,33.93464182288805,0.854647846131487,1.2644239655627585,2,50.0,4.234226717033821,-3.894337253885866,-0.9197280906616034,False
52,33.93464182288805,0.854647846131487,1.2644239655627585,3,10.0,4.967592617060221,4.310092154967586,0.867642032513983,False
52,33.93464182288805,0.854647846131487,1.2644239655627585,5,0.5,5.119323492927752,1.7523017071952238,0.3422916542812728,False
53,36.68260108198112,0.6971132530877013,3.19829856990854,1,50.0,-42.13317841367377,-136.3921826814368,3.237168137241042,False
53,36.68260108198112,0.6971132530877013,3.19829856990854,2,50.0,-24.134899909447345,-64.99860294845512,2.6931374562283605,False
53,36.68260108198112,0.6971132530877013,3.19829856990854,3,0.5,-20.052542148552345,-43.49366042591724,2.168984865046509,False
53,36.68260108198112,0.6971132530877013,3.19829856990854,5,0.01,-25.67008322300345,-49.94275912854455,1.945562805335586,False
54,32.04295582728384,0.7643098736299034,0.5424198732666007,1,50.0,2.9530072917320704,-79.75840060693295,-27.00921221232444,False
54,32.04295582728384,0.7643098736299034,0.5424198732666007,2,50.0,1.6511995958922296,-21.561191018731243,-13.057895043318856,False
54,32.04295582728384,0.7643098736299034,0.5424198732666007,3,50.0,4.695133639452645,-2.798560473963469,-0.596055552167355,False
54,32.04295582728384,0.7643098736299034,0.5424198732666007,5,5.0,5.942699347965825,-0.4923174580456293,-0.08284407963767318,False
55,41.92982228387266,0.6783120259886943,1.0139407009592858,1,50.0,-36.247521656360135,-98.33849641064091,2.712971588593728,False
55,41.92982228387266,0.6783120259886943,1.0139407009592858,2,50.0,-13.004201224415576,-62.35818099166887,4.79523347228667,False
55,41.92982228387266,0.6783120259886943,1.0139407009592858,3,10.0,-22.713526578904293,-35.89665547435388,1.5804087203126667,False
55,41.92982228387266,0.6783120259886943,1.0139407009592858,5,0.01,-12.497230873935932,-20.839849562480232,1.667557379126568,False
56,2.997981936183432,0.7863571772752967,3.420065373027184,1,0.5,0.5829617226976684,0.18316352907932518,0.3141947780580376,False
56,2.997981936183432,0.7863571772752967,3.420065373027184,2,0.5,0.18316352907932498,-0.616432858157361,-3.365478167274199,False
56,2.997981936183432,0.7863571772752967,3.420065373027184,3,0.5,0.5829617226976683,0.18316352907932512,0.3141947780580375,False
56,2.997981936183432,0.7863571772752967,3.420065373027184,5,0.1,-1.0162310517757043,-3.015222019867419,2.967063459238715,False
57,1.8128036174649513,0.7548372233197124,1.209829298469896,1,0.1,3.164563466600201,0.35175984913525093,0.11115588385185986,False
57,1.8128036174649513,0.7548372233197124,1.209829298469896,2,2.0,3.7028880029417492,2.480980212078175,0.6700122202203165,False
57,1.8128036174649513,0.7548372233197124,1.209829298469896,3,5.0,4.4257461583342455,2.840889577929704,0.6419007047161858,False
57,1.8128036174649513,0.7548372233197124,1.209829298469896,5,1.0,4.431785404531083,4.431785404531083,1.0,True
58,32.613466730063045,0.6197465716019966,3.4855949167020834,1,0.5,-94.32599510689118,-131.30080850996055,1.3919896457086842,False
58,32.613466730063045,0.6197465716019966,3.4855949167020834,2,2.0,-75.01864308827902,-112.27230408468454,1.496592039828911,False
58,32.613466730063045,0.6197465716019966,3.4855949167020834,3,2.0,-65.51648349534956,-100.36958884245306,1.531974603758723,False
58,32.613466730063045,0.6197465716019966,3.4855949167020834,5,0.1,-64.66476516236877,-84.97226899707466,1.314042798790271,False
59,19.950031968726332,0.9246919954946937,0.773852626315367,1,50.0,7.21413054526468,-13.818887791914335,-1.915530597236695,False
59,19.950031968726332,0.9246919954946937,0.773852626315367,2,0.01,8.29752422210619,8.235616012000962,0.9925389539761399,True
59,19.950031968726332,0.9246919954946937,0.773852626315367,3,5.0,7.430809280632982,7.384378123054059,0.9937515342104208,True
59,19.950031968726332,0.9246919954946937,0.773852626315367,5,2.0,7.399855175580367,7.291515807896217,0.9853592583755326,True
60,17.712251201462667,0.5953894084962357,4.630998729564958,1,0.01,-61.99510305483056,-65.7375532951231,1.0603668686054541,False
60,17.712251201462667,0.5953894084962357,4.630998729564958,2,0.01,-52.80388360795141,-68.51464436585195,1.2975304027739116,False
60,17.712251201462667,0.5953894084962357,4.630998729564958,3,0.5,-55.41606852482808,-90.48742030633036,1.632873329254479,False
60,17.712251201462667,0.5953894084962357,4.630998729564958,5,2.0,-62.307597901224796,-68.49581873753166,1.0993172750154316,False
61,43.98962831566807,0.6531766510860623,3.3339218255674776,1,10.0,-110.30695544630447,-164.29450942510618,1.4894301883355119,False
61,43.98962831566807,0.6531766510860623,3.3339218255674776,2,5.0,-70.62009446623799,-94.74669868565077,1.3416393648545346,False
61,43.98962831566807,0.6531766510860623,3.3339218255674776,3,10.0,-53.16133389796012,-68.59189705148968,1.290259141788044,False
61,43.98962831566807,0.6531766510860623,3.3339218255674776,5,2.0,-55.0283301202779,-78.32328551624815,1.4233265909587556,False
62,41.04388780985958,0.7720803246397849,2.695287833944432,1,50.0,-20.509617320381544,-93.60061857760742,4.563742809798372,False
62,41.04388780985958,0.7720803246397849,2.695287833944432,2,1.0,-16.197156786070458,-16.197156786070458,1.0,True
62,41.04388780985958,0.7720803246397849,2.695287833944432,3,5.0,-4.554554303299933,-12.208651271767405,2.680536987542735,False
62,41.04388780985958,0.7720803246397849,2.695287833944432,5,10.0,-2.9373816029332738,-13.556295188739623,4.615095013600645,False
63,12.850762254122133,0.5872411071223598,4.496357213971302,1,2.0,-40.20387265257434,-58.209863582933124,1.4478670770340782,False
63,12.850762254122133,0.5872411071223598,4.496357213971302,2,2.0,-33.278491525513274,-60.98001603375755,1.8324152699952352,False
63,12.850762254122133,0.5872411071223598,4.496357213971302,3,0.01,-33.278491525513274,-59.59493980834534,1.7907945064954733,False
63,12.850762254122133,0.5872411071223598,4.496357213971302,5,50.0,-41.0835730384403,-49.899406230459846,1.2145829230522602,False
64,45.120484801003194,0.8032405829093071,1.7612459761386334,1,50.0,-2.5376553727241697,-125.51065189904786,49.459297447593265,False
64,45.120484801003194,0.8032405829093071,1.7612459761386334,2,1.0,-4.0499109348204945,-4.0499109348204945,1.0,True
64,45.120484801003194,0.8032405829093071,1.7612459761386334,3,1.0,1.0880953607385155,1.0880953607385155,1.0,True
64,45.120484801003194,0.8032405829093071,1.7612459761386334,5,5.0,-0.9901748911050714,-6.867904496642308,6.936051962474504,False
65,18.111269156020384,0.8403822715480957,4.495840273767628,1,50.0,-3.8700620438239297,-21.251617092196167,5.491285889359509,False
65,18.111269156020384,0.8403822715480957,4.495840273767628,2,2.0,-5.6912721539506155,-12.41373776098561,2.1811885682480625,False
65,18.111269156020384,0.8403822715480957,4.495840273767628,3,0.01,-5.421521737524558,-9.333692374203986,1.721600101610163,False
65,18.111269156020384,0.8403822715480957,4.495840273767628,5,1.0,-2.408519155598653,-2.408519155598653,1.0,True
66,44.46723478899075,0.8619502183430495,3.2459550661560104,1,50.0,-16.626377087601924,-43.25991333404584,2.6018845299920574,False
66,44.46723478899075,0.8619502183430495,3.2459550661560104,2,1.0,-3.5704785628127835,-3.5704785628127835,1.0,True
66,44.46723478899075,0.8619502183430495,3.2459550661560104,3,0.01,-1.815276440807877,-4.022525885793964,2.2159301995919503,False
66,44.46723478899075,0.8619502183430495,3.2459550661560104,5,5.0,-3.0487393659471618,-8.634168466016158,2.832045455395546,False
67,5.122858284757393,0.6146514856378456,4.502915523782689,1,2.0,-14.708347863482082,-18.994348662812257,1.2913991999041217,False
67,5.122858284757393,0.6146514856378456,4.502915523782689,2,5.0,-14.09606203500634,-21.44349197671521,1.52123989831076,False
67,5.122858284757393,0.6146514856378456,4.502915523782689,3,0.1,-15.932919520433561,-21.44349197671522,1.3458608103313703,False
67,5.122858284757393,0.6146514856378456,4.502915523782689,5,0.5,-14.708347863482082,-15.320633691957818,1.04162845712916,True
68,30.715023923319908,0.5536788206466519,0.5972105600435573,1,5.0,-107.9427990763272,-130.14331582265115,1.2056692705423155,False
68,30.715023923319908,0.5536788206466519,0.5972105600435573,2,5.0,-112.66704892477247,-128.93066406726203,1.1443511239328612,False
68,30.715023923319908,0.5536788206466519,0.5972105600435573,3,5.0,-81.75794493901066,-111.59772770379381,1.3649771626114486,False
68,30.715023923319908,0.5536788206466519,0.5972105600435573,5,10.0,-78.07849925214093,-91.19450042470025,1.1679848011704665,False
69,33.511586686294734,0.5520246335384875,0.8879594519457434,1,2.0,-125.48314752849521,-139.2877822030131,1.1100118617233687,False
69,33.511586686294734,0.5520246335384875,0.8879594519457434,2,50.0,-100.5910341024134,-131.7224988762343,1.3094854829917093,False
69,33.511586686294734,0.5520246335384875,0.8879594519457434,3,0.5,-93.94922860565819,-104.5513332580914,1.1128492996673172,False
69,33.511586686294734,0.5520246335384875,0.8879594519457434,5,50.0,-91.9129290650619,-118.58096139503522,1.290144516133263,False
70,27.88795567896272,0.8267580790770773,3.2946101715627427,1,50.0,-10.25295312451073,-51.070521529488175,4.981054815065806,False
70,27.88795567896272,0.8267580790770773,3.2946101715627427,2,0.5,-5.79320605734328,-11.043659565685786,1.90631223132262,False
70,27.88795567896272,0.8267580790770773,3.2946101715627427,3,10.0,-3.7055783137010088,-7.516864729634849,2.0285267489401013,False
70,27.88795567896272,0.8267580790770773,3.2946101715627427,5,0.1,-4.2327159411510475,-7.450972526203595,1.7603289778471107,False
71,11.98919616356743,0.8348716885390143,1.2625205287343204,1,10.0,4.686265102268118,-15.941993239512433,-3.4018547588775174,False
71,11.98919616356743,0.8348716885390143,1.2625205287343204,2,50.0,4.7984154216145996,1.4712673387144224,0.30661524887717234,False
71,11.98919616356743,0.8348716885390143,1.2625205287343204,3,1.0,4.520660905293049,4.520660905293049,1.0,True
71,11.98919616356743,0.8348716885390143,1.2625205287343204,5,0.1,4.545911315867736,3.9651518726499484,0.8722457604505797,False
72,16.944585209804117,0.8485965620472097,3.283201205331352,1,50.0,-4.248018817335885,-14.816703457096292,3.4879090922644456,False
72,16.944585209804117,0.8485965620472097,3.283201205331352,2,5.0,-1.1187499441214512,-4.116690769122631,3.679723776304139,False
72,16.944585209804117,0.8485965620472097,3.283201205331352,3,0.5,-2.0595761517157114,-4.642002961975647,2.253863232058047,False
72,16.944585209804117,0.8485965620472097,3.283201205331352,5,0.5,-0.4621097030551809,-0.790429823588316,1.7104809060759543,False
73,42.61194711421472,0.8130451569201373,2.884712156343811,1,50.0,-3.962006836704046,-71.38621696193032,18.017691514463866,False
73,42.61194711421472,0.8130451569201373,2.884712156343811,2,50.0,-7.861647603110509,-24.30205654941838,3.091216724062158,False
73,42.61194711421472,0.8130451569201373,2.884712156343811,3,2.0,-3.44275864856216,-16.18017732406532,4.699771019621965,False
73,42.61194711421472,0.8130451569201373,2.884712156343811,5,10.0,-7.342399414968622,-7.630870630603003,1.0392884123201318,True
74,5.5900636235765315,0.6970863212237735,1.3994916016404548,1,50.0,-4.977050756726145,-15.782727008873621,3.171100272092733,False
74,5.5900636235765315,0.6970863212237735,1.3994916016404548,2,10.0,-0.7020783132261904,-2.6383579618365762,3.757925450955454,False
74,5.5900636235765315,0.6970863212237735,1.3994916016404548,3,1.0,-1.529023667780698,-1.529023667780698,1.0,True
74,5.5900636235765315,0.6970863212237735,1.3994916016404548,5,0.01,-3.386611569202584,-7.271920472853119,2.147255545626502,False
75,12.955492525575096,0.9392042219009782,2.0261788508671263,1,50.0,5.4613593740576345,0.9960748863453261,0.18238588932214342,False
75,12.955492525575096,0.9392042219009782,2.0261788508671263,2,0.01,5.54240652809232,5.177694334936239,0.9341960588225539,False
75,12.955492525575096,0.9392042219009782,2.0261788508671263,3,0.5,5.5829301051096625,4.268428006586839,0.7645497841143036,False
75,12.955492525575096,0.9392042219009782,2.0261788508671263,5,5.0,5.420835797040293,5.137170757918897,0.9476713463122655,False
76,44.71028120367855,0.8024554503989051,3.9945753873540775,1,50.0,-38.312276601763834,-76.2730815539755,1.9908261351001004,False
76,44.71028120367855,0.8024554503989051,3.9945753873540775,2,10.0,-6.554754282430086,-38.71173414049924,5.905901651304522,False
76,44.71028120367855,0.8024554503989051,3.9945753873540775,3,0.01,-8.295155274081674,-13.585206964173267,1.6377278682920418,False
76,44.71028120367855,0.8024554503989051,3.9945753873540775,5,0.01,-13.185749425437859,-22.647371697161887,1.7175642404875926,False
77,25.629217562154412,0.7807615538505437,2.513336699712433,1,50.0,-3.0693508385046524,-35.1200847991595,11.442186523150786,False
77,25.629217562154412,0.7807615538505437,2.513336699712433,2,50.0,-2.8180171685334083,-19.898985562740055,7.061342913356402,False
77,25.629217562154412,0.7807615538505437,2.513336699712433,3,1.0,-5.028538318800612,-5.028538318800612,1.0,True
77,25.629217562154412,0.7807615538505437,2.513336699712433,5,2.0,-4.576137712852375,-9.400529030820504,2.054249592274839,False
78,10.56690640210418,0.8389808461046021,1.4757845759601935,1,50.0,2.8811396729103995,-11.139525459537303,-3.8663607891958423,False
78,10.56690640210418,0.8389808461046021,1.4757845759601935,2,0.5,4.474987014947408,2.1616057345265727,0.4830417892401363,False
78,10.56690640210418,0.8389808461046021,1.4757845759601935,3,1.0,3.9197675470440028,3.9197675470440028,1.0,True
78,10.56690640210418,0.8389808461046021,1.4757845759601935,5,5.0,4.12637738767843,3.6836420148903724,0.8927060394160534,False
79,2.191482355141238,0.8081889183628671,0.9678423290945399,1,10.0,6.293883078829135,1.053451783052366,0.16737708182026506,False
79,2.191482355141238,0.8081889183628671,0.9678423290945399,2,0.1,6.458176541688133,5.375152065450545,0.8323018162717349,False
79,2.191482355141238,0.8081889183628671,0.9678423290945399,3,1.0,6.429381004902371,6.429381004902371,1.0,True
79,2.191482355141238,0.8081889183628671,0.9678423290945399,5,0.5,6.468094698066152,5.916664303569339,0.9147460851706947,False
80,47.0824706332928,0.9315714308010349,4.582835512080198,1,50.0,-0.26555154705964357,-4.199329638738755,15.813613911259099,False
80,47.0824706332928,0.9315714308010349,4.582835512080198,2,10.0,-0.26555154705964357,-5.073798610388925,19.10664300987611,False
80,47.0824706332928,0.9315714308010349,4.582835512080198,3,0.01,-0.1738948368180396,-5.257112030872133,30.23155906792724,False
80,47.0824706332928,0.9315714308010349,4.582835512080198,5,2.0,-0.08223812657643563,-0.7238350982676632,8.801697319732837,False
81,19.137776312516774,0.556182646611547,4.648760956679855,1,0.1,-67.14475568174026,-89.29630962550871,1.329907432365451,False
81,19.137776312516774,0.556182646611547,4.648760956679855,2,1.0,-67.14475568174026,-67.14475568174026,1.0,True
81,19.137776312516774,0.556182646611547,4.648760956679855,3,1.0,-71.17231094424362,-71.17231094424362,1.0,True
81,19.137776312516774,0.556182646611547,4.648760956679855,5,10.0,-63.117200419236916,-77.21364383799865,1.223337589834948,False
82,21.9810232675484,0.9366619276174678,4.821737887737339,1,10.0,0.5820574587529811,-6.312249521511539,-10.844718896026363,False
82,21.9810232675484,0.9366619276174678,4.821737887737339,2,0.5,-0.4149538375126529,-5.589767037550814,13.470816587833989,False
82,21.9810232675484,0.9366619276174678,4.821737887737339,3,50.0,-0.3185190797579061,-0.80069286853164,2.5137987625112297,False
82,21.9810232675484,0.9366619276174678,4.821737887737339,5,0.1,-0.6078233530221463,-1.282866657305374,2.1105912613045525,False
83,42.79746331790064,0.6677795568278343,1.986978870149434,1,50.0,-33.81202444291969,-127.7591151556414,3.7785112622085073,False
83,42.79746331790064,0.6677795568278343,1.986978870149434,2,50.0,-53.63590525945333,-76.38595367878901,1.4241570699569013,False
83,42.79746331790064,0.6677795568278343,1.986978870149434,3,5.0,-20.076691786504682,-78.92089381511899,3.930971031201898,False
83,42.79746331790064,0.6677795568278343,1.986978870149434,5,50.0,-18.21509995612197,-28.104086421908402,1.5429004776041764,False
84,42.70569690432599,0.6767688020625111,0.9305144587618532,1,50.0,-30.215507336625755,-108.93589610044202,3.60529760056007,False
84,42.70569690432599,0.6767688020625111,0.9305144587618532,2,50.0,-10.856437633944529,-67.6681470780721,6.232997356931885,False
84,42.70569690432599,0.6767688020625111,0.9305144587618532,3,2.0,-9.681141150156478,-22.495085594650487,2.3235985557639447,False
84,42.70569690432599,0.6767688020625111,0.9305144587618532,5,0.5,-3.920496303077326,-14.091779684687667,3.5943866784484833,False
85,28.283261860459156,0.9244619096643123,3.510546003707368,1,50.0,-1.4940584350918922,-14.00882930602878,9.376359703874076,False
85,28.283261860459156,0.9244619096643123,3.510546003707368,2,1.0,2.2065878717696434,2.2065878717696434,1.0,True
85,28.283261860459156,0.9244619096643123,3.510546003707368,3,0.1,2.55764247214038,-1.2132147547953023,-0.47434884586508114,False
85,28.283261860459156,0.9244619096643123,3.510546003707368,5,2.0,2.3470097119179383,-6.929445286738837,-2.9524570143666797,False
86,28.932997334378882,0.5888705975083075,3.113535410825932,1,0.01,-106.8589252814657,-124.81872368209307,1.1680701762002694,False
86,28.932997334378882,0.5888705975083075,3.113535410825932,2,0.5,-84.89657859880118,-94.49918488128003,1.1131094614290433,False
86,28.932997334378882,0.5888705975083075,3.113535410825932,3,5.0,-81.88175017013833,-93.41905414637424,1.1409020197084585,False
86,28.932997334378882,0.5888705975083075,3.113535410825932,5,0.5,-77.77188342784811,-79.82251105994823,1.0263672106385666,True
87,49.5126386551089,0.6060336060946097,2.6398152965823103,1,50.0,-154.28025899293078,-179.53657832048518,1.163704154325484,False
87,49.5126386551089,0.6060336060946097,2.6398152965823103,2,5.0,-120.94485306368426,-151.56921409233945,1.25320929541772,False
87,49.5126386551089,0.6060336060946097,2.6398152965823103,3,10.0,-92.09713313862767,-116.36750415740798,1.2635301468314735,False
87,49.5126386551089,0.6060336060946097,2.6398152965823103,5,0.5,-84.77437632390578,-120.08042707655035,1.416470781427483,False
88,43.991280524469815,0.8463074471016817,3.5153771308768134,1,50.0,-8.208544187791208,-61.00229791758153,7.431561129720409,False
88,43.991280524469815,0.8463074471016817,3.5153771308768134,2,1.0,0.29755911877999475,0.29755911877999475,1.0,True
88,43.991280524469815,0.8463074471016817,3.5153771308768134,3,0.5,-4.131816066124791,-11.232323195420618,2.718495454700953,False
88,43.991280524469815,0.8463074471016817,3.5153771308768134,5,50.0,-4.272431151359863,-5.256736748005369,1.2303853618172906,False
89,35.42172011536835,0.6937964604879021,1.5386000368960175,1,50.0,-27.762156450725826,-93.5194163599274,3.368593377316062,False
89,35.42172011536835,0.6937964604879021,1.5386000368960175,2,50.0,-18.908440390018217,-38.96807626462639,2.0608826249465646,False
89,35.42172011536835,0.6937964604879021,1.5386000368960175,3,50.0,-3.970488335015838,-25.403788318368207,6.3981521099889775,False
89,35.42172011536835,0.6937964604879021,1.5386000368960175,5,0.1,-6.4125523177737795,-17.61601635902557,2.747114641107716,False
90,40.658696618447166,0.8740453578716723,4.348654361042509,1,50.0,-17.622087637205986,-61.00256895055796,3.4617106784647693,False
90,40.658696618447166,0.8740453578716723,4.348654361042509,2,0.1,-0.3497973792811708,-9.464294487958258,27.056504846912414,False
90,40.658696618447166,0.8740453578716723,4.348654361042509,3,2.0,-5.298424826113542,-21.961903473492402,4.144987273434947,False
90,40.658696618447166,0.8740453578716723,4.348654361042509,5,0.5,-6.350940397519832,-11.038648582689653,1.7381124513466486,False
91,45.748787075267096,0.7545369595443752,2.5574298439672782,1,50.0,-31.910541999462897,-100.07964011708162,3.1362563543660937,False
91,45.748787075267096,0.7545369595443752,2.5574298439672782,2,0.5,-25.823858970820783,-31.368263825296378,1.214700864837451,False
91,45.748787075267096,0.7545369595443752,2.5574298439672782,3,0.1,-6.797096167931606,-28.309783826402445,4.164982093377865,False
91,45.748787075267096,0.7545369595443752,2.5574298439672782,5,0.5,-8.024662493035901,-27.286811888815528,3.400368789652653,False
92,40.11646376937198,0.809985572311106,3.5396376985627467,1,50.0,-33.7244623730996,-71.6609188603695,2.1248943294506013,False
92,40.11646376937198,0.809985572311106,3.5396376985627467,2,50.0,-6.707089937216165,-21.672694258173014,3.2313111142160187,False
92,40.11646376937198,0.809985572311106,3.5396376985627467,3,0.1,-10.252394282383325,-22.587333413194916,2.2031276588734694,False
92,40.11646376937198,0.809985572311106,3.5396376985627467,5,0.01,-6.21154065941738,-19.112821821999013,3.0769857061181547,False
93,39.99384080236895,0.9060021367270265,1.7561762685725255,1,50.0,-2.202850052819145,-49.14755339188905,22.310893711985255,False
93,39.99384080236895,0.9060021367270265,1.7561762685725255,2,2.0,5.750053430054489,-2.3433441543049494,-0.407534326908462,False
93,39.99384080236895,0.9060021367270265,1.7561762685725255,3,5.0,3.85338305999616,3.748012483881809,0.9726550476623375,True
93,39.99384080236895,0.9060021367270265,1.7561762685725255,5,50.0,3.6426419077674588,3.6075183823960075,0.9903576782289374,True
94,19.403564679357256,0.5875927759363476,2.9335726908812525,1,0.01,-64.34604906863166,-70.46711847243883,1.0951273542417255,False
94,19.403564679357256,0.5875927759363476,2.9335726908812525,2,2.0,-53.78614421495424,-66.90835482983297,1.2439700931607278,False
94,19.403564679357256,0.5875927759363476,2.9335726908812525,3,2.0,-60.72861397220818,-82.8205063965954,1.363780613114229,False
94,19.403564679357256,0.5875927759363476,2.9335726908812525,5,0.01,-44.76484157621624,-67.63260731591376,1.5108421014014548,False
95,2.761171416040362,0.7362392072529841,2.758958710067126,1,0.1,-0.2813015421478501,-4.418590099792249,15.707663975300461,False
95,2.761171416040362,0.7362392072529841,2.758958710067126,2,0.01,1.2231670242682953,-3.6663558165841765,-2.9974285962928153,False
95,2.761171416040362,0.7362392072529841,2.758958710067126,3,0.1,-0.6574186837518862,-5.9230586662083935,9.00956850268617,False
95,2.761171416040362,0.7362392072529841,2.758958710067126,5,0.5,0.4709327410602219,-2.538004391772068,-5.3893139518356685,False
96,15.040521354285936,0.7863333042276043,0.2494512247013422,1,50.0,7.919576785990804,-22.33049393327321,-2.819657481290458,False
96,15.040521354285936,0.7863333042276043,0.2494512247013422,2,5.0,8.832568268397718,-5.13992167251513,-0.5819283266573091,False
96,15.040521354285936,0.7863333042276043,0.2494512247013422,3,1.0,6.979064908267782,6.979064908267782,1.0,True
96,15.040521354285936,0.7863333042276043,0.2494512247013422,5,0.1,8.288764598548791,8.14907191271604,0.9831467422953225,True
97,2.830061248711506,0.8790402242638633,1.8649341429151882,1,1.0,5.454022982986755,5.454022982986755,1.0,True
97,2.830061248711506,0.8790402242638633,1.8649341429151882,2,1.0,5.06655456641579,5.06655456641579,1.0,True
97,2.830061248711506,0.8790402242638633,1.8649341429151882,3,1.0,5.263067276995423,5.263067276995423,1.0,True
97,2.830061248711506,0.8790402242638633,1.8649341429151882,5,2.0,4.890080448412384,4.0021528538070585,0.8184227020449939,False
98,7.225965119942354,0.7588973040219218,3.8729684101831934,1,50.0,-7.580002380874152,-17.72826725801602,2.3388208033744093,False
98,7.225965119942354,0.7588973040219218,3.8729684101831934,2,1.0,-7.067243341694572,-7.067243341694572,1.0,True
98,7.225965119942354,0.7588973040219218,3.8729684101831934,3,2.0,-5.606425592359499,-9.468483756008153,1.6888628235630043,False
98,7.225965119942354,0.7588973040219218,3.8729684101831934,5,0.5,-7.406537352755296,-12.54503799108563,1.693779075645756,False
99,11.575230347345316,0.7991561903276001,0.5182025784694633,1,50.0,5.937291784799409,-21.95627844683276,-3.69802920972235,False
99,11.575230347345316,0.7991561903276001,0.5182025784694633,2,50.0,6.538406775823985,-1.3971469303274682,-0.2136830849211575,False
99,11.575230347345316,0.7991561903276001,0.5182025784694633,3,5.0,7.719908654734363,6.2551045886120455,0.8102562955555178,False
99,11.575230347345316,0.7991561903276001,0.5182025784694633,5,2.0,6.73532375564238,6.244740537042657,0.9271626374027311,False
100,3.5324043372617773,0.7625418526272592,2.7491120958895223,1,1.0,-2.267161204139255,-2.267161204139255,1.0,True
100,3.5324043372617773,0.7625418526272592,2.7491120958895223,2,10.0,-1.7499127752585537,-2.258135450902522,1.2904274332009933,False
100,3.5324043372617773,0.7625418526272592,2.7491120958895223,3,2.0,-1.1733253593129411,-2.121405970299233,1.8080287393954013,False
100,3.5324043372617773,0.7625418526272592,2.7491120958895223,5,5.0,-0.04691552418942372,-4.291026153478395,91.46282019898504,False
101,32.23406517341212,0.8404365334890646,4.88167518936642,1,50.0,-26.444368632677826,-61.34980553619067,2.3199572804464506,False
101,32.23406517341212,0.8404365334890646,4.88167518936642,2,10.0,-3.278156515076662,-10.413137068695733,3.176522237667537,False
101,32.23406517341212,0.8404365334890646,4.88167518936642,3,0.01,-6.30866252105589,-12.17440752543969,1.9297921682775387,False
101,32.23406517341212,0.8404365334890646,4.88167518936642,5,0.01,-10.307768787764308,-15.779112388426743,1.5307980527422302,False
102,26.29871706675857,0.6791825891764984,3.9964123543666483,1,0.01,-62.243205021263094,-75.89256355464236,1.2192907407116402,False
102,26.29871706675857,0.6791825891764984,3.9964123543666483,2,1.0,-48.304816523795644,-48.304816523795644,1.0,True
102,26.29871706675857,0.6791825891764984,3.9964123543666483,3,0.1,-34.67382970897101,-48.230948689556435,1.390989951048812,False
102,26.29871706675857,0.6791825891764984,3.9964123543666483,5,0.1,-26.176812906300647,-48.24325999526296,1.8429768424425348,False
103,14.270780311841637,0.7255885682822545,0.4844362685771032,1,50.0,4.390228009877145,-33.242621141733686,-7.571957781451069,False
103,14.270780311841637,0.7255885682822545,0.4844362685771032,2,50.0,4.3611618337625195,-12.803335066194977,-2.935762430799114,False
103,14.270780311841637,0.7255885682822545,0.4844362685771032,3,50.0,4.45804908747794,2.5121482949848897,0.5635084418521044,False
103,14.270780311841637,0.7255885682822545,0.4844362685771032,5,0.01,4.752451426143684,1.3882561518860104,0.29211369615459554,False
104,2.242186427357418,0.93505936587117,4.196302590509809,1,0.01,4.831041481282966,4.831041481282966,1.0,True
104,2.242186427357418,0.93505936587117,4.196302590509809,2,0.1,5.1552601240187075,4.506822838547224,0.8742183187904777,False
104,2.242186427357418,0.93505936587117,4.196302590509809,3,0.1,5.479478766754447,3.858385553075741,0.7041519307430593,False
104,2.242186427357418,0.93505936587117,4.196302590509809,5,0.01,4.182604195811482,3.8583855530757405,0.9224840248904215,False
105,35.1027360985912,0.713581177765708,0.9491421683471444,1,50.0,2.0461886292509304,-102.8676240739799,-50.27279626299053,False
105,35.1027360985912,0.713581177765708,0.9491421683471444,2,50.0,-5.76282673484254,-54.430889149682834,9.44517190159285,False
105,35.1027360985912,0.713581177765708,0.9491421683471444,3,1.0,-6.67753658659577,-6.67753658659577,1.0,True
105,35.1027360985912,0.713581177765708,0.9491421683471444,5,1.0,1.6855146052790155,1.6855146052790155,1.0,True
106,8.665415090883217,0.6500971592658381,2.7912106570599904,1,0.1,-22.75399743879796,-24.6870804569746,1.0849557544064996,False
106,8.665415090883217,0.6500971592658381,2.7912106570599904,2,0.1,-17.35198698841128,-27.669762751300972,1.5946163842665704,False
106,8.665415090883217,0.6500971592658381,2.7912106570599904,3,0.5,-18.69176810380008,-28.18971055525969,1.5081350463324366,False
106,8.665415090883217,0.6500971592658381,2.7912106570599904,5,50.0,-17.288336557814436,-20.289905843129524,1.1736181659396467,False
107,36.01520021230306,0.8140789506870925,1.47167609503512,1,50.0,-4.084449513920053,-76.60663658333213,18.755682086962278,False
107,36.01520021230306,0.8140789506870925,1.47167609503512,2,50.0,-0.6478311897960716,-1.4942995866582436,2.3066187769203097,False
107,36.01520021230306,0.8140789506870925,1.47167609503512,3,0.5,3.230289962838449,-0.47123005839185533,-0.1458785631670621,False
107,36.01520021230306,0.8140789506870925,1.47167609503512,5,0.01,3.5540587037461755,-0.23576188318623736,-0.06633595639197834,False
108,47.78839875249651,0.8451587666783074,2.8163348573058635,1,50.0,-12.522257226205367,-51.3624133603017,4.101689690003766,False
108,47.78839875249651,0.8451587666783074,2.8163348573058635,2,50.0,-1.941259794976862,-7.530763956663487,3.879317944022658,False
108,47.78839875249651,0.8451587666783074,2.8163348573058635,3,10.0,-2.1665665835613304,-6.031525910180871,2.78390978423864,False
108,47.78839875249651,0.8451587666783074,2.8163348573058635,5,5.0,-1.941259794976862,-2.3355466749996823,1.2031087652683394,False
109,30.97431656548326,0.717840024971116,1.3138818485556716,1,50.0,-10.760290682368185,-77.64453657536048,7.215840061141549,False
109,30.97431656548326,0.717840024971116,1.3138818485556716,2,50.0,-3.787319355907038,-32.547324156986946,8.593762790619508,False
109,30.97431656548326,0.717840024971116,1.3138818485556716,3,10.0,-4.304432041401795,-13.896727011046773,3.228469372354435,False
109,30.97431656548326,0.717840024971116,1.3138818485556716,5,2.0,-1.0628851648387547,-5.2063117523471645,4.898282452871557,False
110,18.44266125391182,0.8531384441857476,0.17052809428580376,1,5.0,9.280371442113909,3.672670150397622,0.3957460294887778,False
110,18.44266125391182,0.8531384441857476,0.17052809428580376,2,5.0,9.338350994171083,1.7863835770636127,0.19129539874638013,False
110,18.44266125391182,0.8531384441857476,0.17052809428580376,3,0.01,9.294013689656772,7.315641945408431,0.7871348364323958,False
110,18.44266125391182,0.8531384441857476,0.17052809428580376,5,0.1,9.082558852742375,9.01775817691377,0.9928653723164106,True
111,6.687559384838895,0.5684010568087011,0.2995711313629537,1,50.0,-5.501234282870878,-22.587320547686314,4.1058641363477575,False
111,6.687559384838895,0.5684010568087011,0.2995711313629537,2,50.0,-11.326320680249673,-18.050819568742615,1.5937055005178178,False
111,6.687559384838895,0.5684010568087011,0.2995711313629537,3,2.0,-8.654280788983232,-15.103899428217298,1.7452518350738437,False
111,6.687559384838895,0.5684010568087011,0.2995711313629537,5,5.0,-8.271259636881725,-13.7484139683051,1.6621910775235038,False
112,42.917568616539356,0.8314631437520095,2.4234517625278937,1,50.0,-8.768134984922796,-67.08331841064484,7.650808128068014,False
112,42.917568616539356,0.8314631437520095,2.4234517625278937,2,50.0,-5.394227863530575,-36.35994572521409,6.740528328630179,False
112,42.917568616539356,0.8314631437520095,2.4234517625278937,3,50.0,-0.4693116141205013,-5.345758828280017,11.390638261314006,False
112,42.917568616539356,0.8314631437520095,2.4234517625278937,5,0.1,-0.03309029686548033,-4.715661370022765,142.50888679521412,False
113,5.7938738718990725,0.746646350046733,2.420011676824772,1,50.0,-4.037851843262647,-12.122245905332084,3.002152227442085,False
113,5.7938738718990725,0.746646350046733,2.420011676824772,2,0.01,-1.191158653004272,-5.265698858464746,4.420652819994971,False
113,5.7938738718990725,0.746646350046733,2.420011676824772,3,1.0,-2.4513488426321244,-2.4513488426321244,1.0,True
113,5.7938738718990725,0.746646350046733,2.420011676824772,5,0.1,-2.9855355292125454,-5.995270596870117,2.0081055938568615,False
114,9.486891625590744,0.7235406596951892,2.05267319854713,1,50.0,-9.716617693852676,-21.415969750201203,2.2040560228844086,False
114,9.486891625590744,0.7235406596951892,2.05267319854713,2,1.0,-8.18624195144252,-8.18624195144252,1.0,True
114,9.486891625590744,0.7235406596951892,2.05267319854713,3,5.0,-5.421053214989058,-7.887912715845694,1.4550517036128403,False
114,9.486891625590744,0.7235406596951892,2.05267319854713,5,1.0,-3.655754264238528,-3.655754264238528,1.0,True
115,31.176654804558606,0.8040374603470575,0.32198964788301815,1,10.0,8.40937113945789,-64.32829569836781,-7.649596459898276,False
115,31.176654804558606,0.8040374603470575,0.32198964788301815,2,50.0,7.275967578909667,-3.8559502443454736,-0.52995704042476,False
115,31.176654804558606,0.8040374603470575,0.32198964788301815,3,0.01,8.383611967627248,2.0126789362921325,0.24007300720309532,False
115,31.176654804558606,0.8040374603470575,0.32198964788301815,5,2.0,8.151779421151476,7.971465218336987,0.977880387397796,True
116,19.35601811669709,0.8003439662856945,2.56536766704243,1,50.0,-2.5189942151670586,-33.2774039004366,13.21059163219621,False
116,19.35601811669709,0.8003439662856945,2.56536766704243,2,5.0,-3.4950643160913226,-17.231203464370797,4.930153469576542,False
116,19.35601811669709,0.8003439662856945,2.56536766704243,3,50.0,-2.159842741781118,-5.6320504469945885,2.6076206096144334,False
116,19.35601811669709,0.8003439662856945,2.56536766704243,5,1.0,-2.1085353884402696,-2.1085353884402696,1.0,True
117,42.96800221822779,0.813477452647578,0.8983786926990055,1,50.0,-2.926142430060982,-65.64398246368626,22.433625167835118,False
117,42.96800221822779,0.813477452647578,0.8983786926990055,2,50.0,4.070700628186564,-10.30030453924211,-2.530351769894398,False
117,42.96800221822779,0.813477452647578,0.8983786926990055,3,0.01,6.011198604416417,5.795587718168655,0.964131797926398,True
117,42.96800221822779,0.813477452647578,0.8983786926990055,5,1.0,4.717533286929847,4.717533286929847,1.0,True
118,4.457868622621063,0.8069677112825262,0.2299054216539469,1,50.0,8.606773144777083,-0.054068942371858456,-0.006282138667111209,False
118,4.457868622621063,0.8069677112825262,0.2299054216539469,2,50.0,8.22513014483153,6.035562561465523,0.7337953874514828,False
118,4.457868622621063,0.8069677112825262,0.2299054216539469,3,0.1,8.947033168824923,6.195108315348997,0.6924204033282515,False
118,4.457868622621063,0.8069677112825262,0.2299054216539469,5,1.0,8.979219927856475,8.979219927856475,1.0,True
119,29.7030034823997,0.926092096569983,2.919823471591807,1,50.0,3.5763883624980246,-5.20102486455169,-1.454267360639462,False
119,29.7030034823997,0.926092096569983,2.919823471591807,2,0.01,3.693181301361697,3.109216607043336,0.8418803067959187,False
119,29.7030034823997,0.926092096569983,2.919823471591807,3,0.1,2.992423668179663,2.58364838215681,0.8633965870643185,False
119,29.7030034823997,0.926092096569983,2.919823471591807,5,0.1,3.401198954202516,2.8172342598841555,0.8283062231343995,False
120,20.020326384119574,0.8073152873769412,2.3454391634084315,1,50.0,-1.905968341459201,-36.48812457005955,19.144139898002923,False
120,20.020326384119574,0.8073152873769412,2.3454391634084315,2,0.1,1.7060079701897835,-7.124301632871563,-4.176007238746386,False
120,20.020326384119574,0.8073152873769412,2.3454391634084315,3,1.0,-0.64829380187428,-0.64829380187428,1.0,True
120,20.020326384119574,0.8073152873769412,2.3454391634084315,5,0.5,-1.7652419916546955,-3.453958189308768,1.9566485533641256,False
121,27.735222676480813,0.92658592351061,1.9919029252237939,1,50.0,5.5779755060031775,-12.106558798760357,-2.1704216495269533,False
121,27.735222676480813,0.92658592351061,1.9919029252237939,2,0.01,5.498299388994227,5.099918803949467,0.927544763051247,False
121,27.735222676480813,0.92658592351061,1.9919029252237939,3,2.0,5.418623271985275,-0.4877734973287928,-0.09001797557151124,False
121,27.735222676480813,0.92658592351061,1.9919029252237939,5,10.0,5.498299388994228,5.338947154976323,0.9710179052204987,True
122,48.0983376273718,0.9121402567824255,1.0593765604675527,1,10.0,2.4417248360939405,-49.9773817133137,-20.468064613399754,False
122,48.0983376273718,0.9121402567824255,1.0593765604675527,2,5.0,7.4998713172965745,7.478683786087222,0.997174947367365,True
122,48.0983376273718,0.9121402567824255,1.0593765604675527,3,0.01,6.3557446319916195,6.101494257479406,0.9599967605318117,True
122,48.0983376273718,0.9121402567824255,1.0593765604675527,5,0.5,6.2709945071542155,5.995556601432652,0.9560774761630978,True
123,4.398703742883107,0.5903112005509707,0.1892869456925937,1,50.0,-0.693705218150798,-12.323972291513336,17.76543115008592,False
123,4.398703742883107,0.5903112005509707,0.1892869456925937,2,50.0,-2.425720299255853,-4.223621228667327,1.741182291281902,False
123,4.398703742883107,0.5903112005509707,0.1892869456925937,3,5.0,-0.2771509383108319,-5.1549130014748865,18.599659206975225,False
123,4.398703742883107,0.5903112005509707,0.1892869456925937,5,5.0,1.7362970574598626,-3.1195557303499197,-1.7966716679884907,False
124,5.627705077040491,0.8232027093665427,0.44882437745512205,1,5.0,8.107450698068915,-2.378693516128007,-0.29339598903692127,False
124,5.627705077040491,0.8232027093665427,0.44882437745512205,2,10.0,7.989266789001051,6.871674558151842,0.8601132919496672,False
124,5.627705077040491,0.8232027093665427,0.44882437745512205,3,1.0,7.863595963313617,7.863595963313617,1.0,True
124,5.627705077040491,0.8232027093665427,0.44882437745512205,5,2.0,8.025172739197462,7.773831087822596,0.9686808422020333,True
125,16.629805884394305,0.8879501243877818,0.21403248510554676,1,10.0,9.118186161365147,-13.132780134818136,-1.4402842739122073,False
125,16.629805884394305,0.8879501243877818,0.21403248510554676,2,0.01,9.482041386044578,9.452076838129802,0.9968398632008845,True
125,16.629805884394305,0.8879501243877818,0.21403248510554676,3,2.0,9.225202403917919,9.18667655659892,0.995823848016317,True
125,16.629805884394305,0.8879501243877818,0.21403248510554676,5,0.1,9.186676556598922,9.18239590689681,0.9995340371813747,True
126,40.908955646857855,0.66274190990936,0.6790076553461157,1,50.0,-24.488518725677263,-116.4058745959197,4.753487783393903,False
126,40.908955646857855,0.66274190990936,0.6790076553461157,2,50.0,-2.5019492661222413,-42.72159418236853,17.07532393276004,False
126,40.908955646857855,0.66274190990936,0.6790076553461157,3,50.0,-18.795597911476314,-48.77297072270267,2.5949145620380936,False
126,40.908955646857855,0.66274190990936,0.6790076553461157,5,0.1,0.2630302223367018,-4.796995141192112,-18.237429518846454,False
127,35.14012110284338,0.8015771387119536,4.39961286628256,1,50.0,-16.77496446672852,-73.90787929253801,4.405844163731433,False
127,35.14012110284338,0.8015771387119536,4.39961286628256,2,0.5,-21.796852694223272,-28.232946598861094,1.2952762949278247,False
127,35.14012110284338,0.8015771387119536,4.39961286628256,3,10.0,-9.534281126294566,-16.05203772832539,1.6836127984579272,False
127,35.14012110284338,0.8015771387119536,4.39961286628256,5,0.1,-11.20613401548194,-22.57612389028886,2.0146219792747972,False
128,37.0184811463904,0.8713923721539394,1.481969405599402,1,50.0,4.042482989490406,-48.509691125185,-11.999974088029525,False
128,37.0184811463904,0.8713923721539394,1.481969405599402,2,0.01,6.26543709788951,-5.762534396379363,-0.9197338200586918,False
128,37.0184811463904,0.8713923721539394,1.481969405599402,3,50.0,4.220319318162333,3.864646660818476,0.9157237567751796,False
128,37.0184811463904,0.8713923721539394,1.481969405599402,5,0.5,4.457434423058238,0.2702742629633526,0.060634490002865346,False
129,9.694537645206418,0.8502459006563433,4.053490222409594,1,50.0,-4.087261396313785,-5.817481632136654,1.4233201814259586,False
129,9.694537645206418,0.8502459006563433,4.053490222409594,2,10.0,-1.0410397116482424,-6.2106226186609215,5.965788383641827,False
129,9.694537645206418,0.8502459006563433,4.053490222409594,3,1.0,-2.840121716202612,-2.840121716202612,1.0,True
129,9.694537645206418,0.8502459006563433,4.053490222409594,5,10.0,-3.7474358718268697,-3.9906452851714453,1.0649002202207163,False
130,49.53475195803299,0.7150470707645706,1.9228886203846376,1,50.0,-41.08060452335728,-173.84799566930337,4.231875301894798,False
130,49.53475195803299,0.7150470707645706,1.9228886203846376,2,50.0,-21.774183267533157,-67.90179840907703,3.118454436374815,False
130,49.53475195803299,0.7150470707645706,1.9228886203846376,3,1.0,-11.182788845022106,-11.182788845022106,1.0,True
130,49.53475195803299,0.7150470707645706,1.9228886203846376,5,10.0,-13.167085999826586,-16.720708071729863,1.2698867518561114,False
131,39.04423507635784,0.6863214161012071,4.660710895457467,1,0.5,-82.75802806344471,-114.79341612453098,1.3870970443680342,False
131,39.04423507635784,0.6863214161012071,4.660710895457467,2,0.1,-29.872958090370094,-44.12336984309704,1.4770338347349918,False
131,39.04423507635784,0.6863214161012071,4.660710895457467,3,1.0,-28.955967361109156,-28.955967361109156,1.0,True
131,39.04423507635784,0.6863214161012071,4.660710895457467,5,2.0,-42.64330594392355,-51.11822404874088,1.1987397064374405,False
132,43.06222484030758,0.7215976109500073,3.7792682321783375,1,50.0,-67.65789805092707,-121.55972026907028,1.7966818918549692,False
132,43.06222484030758,0.7215976109500073,3.7792682321783375,2,50.0,-39.26411502654171,-56.2532793502804,1.4326893478244545,False
132,43.06222484030758,0.7215976109500073,3.7792682321783375,3,0.1,-22.47066410149791,-30.30049932919306,1.348446988141005,False
132,43.06222484030758,0.7215976109500073,3.7792682321783375,5,0.1,-21.48805436113154,-38.13033455688821,1.774489859159138,False
133,37.97260083014943,0.5912495475343731,4.522509242729877,1,10.0,-142.6183923972977,-158.2074327293575,1.1093059602623538,False
133,37.97260083014943,0.5912495475343731,4.522509242729877,2,0.01,-100.99112766929596,-127.91014751098218,1.2665483638308788,False
133,37.97260083014943,0.5912495475343731,4.522509242729877,3,0.1,-98.59991219174019,-124.16217926060743,1.259252432387142,False
133,37.97260083014943,0.5912495475343731,4.522509242729877,5,0.5,-98.23020931805455,-129.3178397973195,1.3164772903884172,False
134,25.757366249945,0.8805829864430966,1.6682430450499977,1,10.0,5.829392387375005,-13.074136045006,-2.2427956768395423,False
134,25.757366249945,0.8805829864430966,1.6682430450499977,2,1.0,5.562473500167005,5.562473500167005,1.0,True
134,25.757366249945,0.8805829864430966,1.6682430450499977,3,0.5,3.6273115679090093,3.427122402503009,0.9448105954897608,False
134,25.757366249945,0.8805829864430966,1.6682430450499977,5,50.0,3.660676428810009,2.96001434988901,0.8085976478536329,False
135,44.880638196313825,0.7056806714936652,0.15310449225346198,1,50.0,3.34196344510181,-118.61889144193219,-35.49377286450797,False
135,44.880638196313825,0.7056806714936652,0.15310449225346198,2,50.0,7.241057049592616,-77.65396067867214,-10.724119440964904,False
135,44.880638196313825,0.7056806714936652,0.15310449225346198,3,50.0,7.335981834789764,-13.953870836874833,-1.902113602667437,False
135,44.880638196313825,0.7056806714936652,0.15310449225346198,5,0.1,8.337285214127403,3.672669148369289,0.440511395981273,False
136,45.363716844543916,0.5865146707144535,1.664636824193033,1,50.0,-112.2103006200072,-195.66499094018624,1.7437346648129288,False
136,45.363716844543916,0.5865146707144535,1.664636824193033,2,1.0,-93.5562543595403,-93.5562543595403,1.0,True
136,45.363716844543916,0.5865146707144535,1.664636824193033,3,1.0,-93.47230626017706,-93.47230626017706,1.0,True
136,45.363716844543916,0.5865146707144535,1.664636824193033,5,0.1,-84.38195668377591,-89.65089036142366,1.0624414730911402,False
137,47.55303638548944,0.9302428587750224,2.909845651804102,1,50.0,3.598339566030977,-12.33106020599988,-3.426875084944033,False
137,47.55303638548944,0.9302428587750224,2.909845651804102,2,2.0,3.5401426529948954,3.132764261742321,0.8849259955928782,False
137,47.55303638548944,0.9302428587750224,2.909845651804102,3,10.0,3.3655519138866485,3.307355000850567,0.98270806259266,True
137,47.55303638548944,0.9302428587750224,2.909845651804102,5,10.0,3.714733392103142,-1.315160985554048,-0.35403913194681613,False
138,31.960023396320164,0.7293782087913279,1.5367327813205163,1,50.0,-11.851182245175776,-93.712805309913,7.9074647044652755,False
138,31.960023396320164,0.7293782087913279,1.5367327813205163,2,50.0,-8.455581751058416,-18.26617317828746,2.1602503193823437,False
138,31.960023396320164,0.7293782087913279,1.5367327813205163,3,2.0,-5.505054810923027,-25.711354027484866,4.670499188576447,False
138,31.960023396320164,0.7293782087913279,1.5367327813205163,5,2.0,-3.431044508741312,-7.311005305275124,2.1308395407429983,False
139,17.10456272312588,0.8190073824308154,3.7866351942446324,1,50.0,-14.631832499076317,-22.753935551246048,1.5550981432218054,False
139,17.10456272312588,0.8190073824308154,3.7866351942446324,2,0.5,-5.8067492491680595,-9.27619638602345,1.5974852689484504,False
139,17.10456272312588,0.8190073824308154,3.7866351942446324,3,2.0,-2.1101040006579885,-13.275772450073088,6.291525178822151,False
139,17.10456272312588,0.8190073824308154,3.7866351942446324,5,2.0,-0.6025785438849699,-13.805901377267334,22.911372330414128,False
140,39.78737314256658,0.8658472571178215,0.5469099049385828,1,50.0,7.8561131726407565,-51.72796961878845,-6.584422663224006,False
140,39.78737314256658,0.8658472571178215,0.5469099049385828,2,10.0,7.779545785949355,-7.715038613669408,-0.9917081055816326,False
140,39.78737314256658,0.8658472571178215,0.5469099049385828,3,0.1,7.877989568838299,7.779545785949353,0.9875039460221751,True
140,39.78737314256658,0.8658472571178215,0.5469099049385828,5,0.1,7.188883088615683,7.002933720936564,0.9741337610603811,True
141,25.226594930426494,0.5730235040066578,2.792691523386304,1,0.5,-74.09513580770846,-123.92566617551874,1.6725209397973217,False
141,25.226594930426494,0.5730235040066578,2.792691523386304,2,0.01,-68.18698247283183,-118.63190497578718,1.7398028285392222,False
141,25.226594930426494,0.5730235040066578,2.792691523386304,3,10.0,-84.76074688810365,-93.68994814611838,1.105345948281963,False
141,25.226594930426494,0.5730235040066578,2.792691523386304,5,50.0,-70.54272550823825,-98.94514928796558,1.4026272528470762,False
142,22.634994567295475,0.9050816731033199,1.8194835615051856,1,10.0,5.5968497811574505,-1.2734813884233775,-0.22753538833769033,False
142,22.634994567295475,0.9050816731033199,1.8194835615051856,2,0.01,5.560460109927346,-3.8571480457607374,-0.6936742588755187,False
142,22.634994567295475,0.9050816731033199,1.8194835615051856,3,2.0,5.633239452387554,3.342519338118214,0.593356516506953,False
142,22.634994567295475,0.9050816731033199,1.8194835615051856,5,50.0,3.74097654842216,3.30612966688811,0.8837611313769245,False
143,6.736283804952687,0.6071966728211343,3.8314020954156143,1,2.0,-22.455652173740564,-27.097422456712174,1.2067083265744405,False
143,6.736283804952687,0.6071966728211343,3.8314020954156143,2,0.01,-20.908395412750018,-25.550165695721635,1.2220050937118325,False
143,6.736283804952687,0.6071966728211343,3.8314020954156143,3,0.5,-24.0029089347311,-30.965564359188516,1.2900754839086515,False
143,6.736283804952687,0.6071966728211343,3.8314020954156143,5,2.0,-13.945739988292603,-24.776537315226363,1.776638409724129,False
144,31.29268510249679,0.5904490704491161,0.5121233499634875,1,50.0,-19.891733264268407,-148.74628035219774,7.477793834054231,False
144,31.29268510249679,0.5904490704491161,0.5121233499634875,2,50.0,-66.37155831567337,-72.63681161810614,1.094396658168462,False
144,31.29268510249679,0.5904490704491161,0.5121233499634875,3,50.0,-42.48637036901689,-68.28822279945636,1.6072971686292936,False
144,31.29268510249679,0.5904490704491161,0.5121233499634875,5,50.0,-18.987504762852968,-36.20484669298482,1.9067722244270744,False
145,35.34748744149688,0.5791052025456774,4.127114290522746,1,10.0,-110.43907410331275,-146.78656154480962,1.3291180022705984,False
145,35.34748744149688,0.5791052025456774,4.127114290522746,2,0.01,-110.01769816879147,-140.0861955517144,1.2733060033376742,False
145,35.34748744149688,0.5791052025456774,4.127114290522746,3,10.0,-104.15141953926981,-111.751086170811,1.0729674800896571,False
145,35.34748744149688,0.5791052025456774,4.127114290522746,5,10.0,-102.6483293837436,-132.96445362409793,1.2953396750084418,False
146,35.60586913066832,0.5825395122567599,0.5157047990174405,1,50.0,-61.153504865051865,-136.9391813216907,2.2392695500262163,False
146,35.60586913066832,0.5825395122567599,0.5157047990174405,2,50.0,-62.967868597636254,-123.81300577853465,1.9662886569926308,False
146,35.60586913066832,0.5825395122567599,0.5157047990174405,3,2.0,-64.0687253876626,-103.70602157659643,1.6186684056706175,False
146,35.60586913066832,0.5825395122567599,0.5157047990174405,5,50.0,-33.58003233329811,-48.03580909796216,1.4304872794994197,False
147,49.345339346557594,0.6997083183024482,1.9161465206277657,1,50.0,-46.041225927417315,-168.12483423357932,3.6516150655637047,False
147,49.345339346557594,0.6997083183024482,1.9161465206277657,2,50.0,-12.203206759480535,-67.07501911614014,5.496507634276565,False
147,49.345339346557594,0.6997083183024482,1.9161465206277657,3,5.0,-22.516442261878407,-43.49768246957765,1.931818622306138,False
147,49.345339346557594,0.6997083183024482,1.9161465206277657,5,0.1,-6.823766451111783,-32.07308198521568,4.700202185259443,False
148,40.82717879561763,0.9288994309535434,4.931405212732067,1,50.0,-1.2436038850291131,-20.027712490102637,16.104575364553305,False
148,40.82717879561763,0.9288994309535434,4.931405212732067,2,2.0,-1.638116302047679,-5.919462285864081,3.613578766333399,False
148,40.82717879561763,0.9288994309535434,4.931405212732067,3,50.0,-0.8490914680105479,-0.9477195722651892,1.1161572197701275,False
148,40.82717879561763,0.9288994309535434,4.931405212732067,5,10.0,-0.8490914680105481,-4.538668826299106,5.345323792892856,False
149,37.91553107768814,0.7005038342123663,0.509153511823477,1,50.0,-0.12359209248817421,-87.79798120604379,710.3851018174537,False
149,37.91553107768814,0.7005038342123663,0.509153511823477,2,50.0,-4.799241608465143,-22.812631451167984,4.75338257839112,False
149,37.91553107768814,0.7005038342123663,0.509153511823477,3,50.0,3.523567329605371,-8.814611836509041,-2.5016158375768147,False
149,37.91553107768814,0.7005038342123663,0.509153511823477,5,1.0,3.7679610152806395,3.7679610152806395,1.0,True
150,39.0801988804444,0.773361699894322,2.178687845310184,1,50.0,-16.92551877872868,-76.34710549424344,4.510769004622384,False
150,39.0801988804444,0.773361699894322,2.178687845310184,2,10.0,-20.845625405634408,-44.54515467865144,2.1369066080699715,False
150,39.0801988804444,0.773361699894322,2.178687845310184,3,10.0,-1.8084881215811976,-4.901459114595362,2.7102523130259306,False
150,39.0801988804444,0.773361699894322,2.178687845310184,5,5.0,-0.8498654696447168,-8.56088894739017,10.073228355740843,False
151,45.411364869642064,0.5944789929224605,2.51386301102521,1,0.5,-159.59477654173662,-192.08273195048614,1.2035652802223975,False
151,45.411364869642064,0.5944789929224605,2.51386301102521,2,50.0,-120.5238916642882,-185.2484161806846,1.53702650671688,False
151,45.411364869642064,0.5944789929224605,2.51386301102521,3,0.01,-101.52587054131169,-134.36576677160465,1.3234633306289174,False
151,45.411364869642064,0.5944789929224605,2.51386301102521,5,0.5,-89.06389324700072,-93.18662858508205,1.0462896375599453,True
152,1.5563285936035345,0.7374642567976505,0.375886050841003,1,10.0,6.3161346330273425,4.00019104323122,0.633328970271477,False
152,1.5563285936035345,0.7374642567976505,0.375886050841003,2,5.0,7.481502769788335,6.925039690601295,0.9256214832354084,False
152,1.5563285936035345,0.7374642567976505,0.375886050841003,3,0.5,7.84238372338417,6.857471235815328,0.8744115918949411,False
152,1.5563285936035345,0.7374642567976505,0.375886050841003,5,1.0,7.496538211821973,7.496538211821973,1.0,True
153,6.822077897135524,0.597010498710842,3.2811304803687116,1,5.0,-19.876195330629503,-26.13385764833791,1.314831999465474,False
153,6.822077897135524,0.597010498710842,3.2811304803687116,2,0.5,-13.61853301292108,-23.005026489483704,1.6892440960900006,False
153,6.822077897135524,0.597010498710842,3.2811304803687116,3,5.0,-20.658403120343046,-22.222818699770144,1.0757278077261725,False
153,6.822077897135524,0.597010498710842,3.2811304803687116,5,50.0,-19.414376760669757,-23.787234279197254,1.2252381094914242,False
154,37.55619908400574,0.7833475060388638,4.814645487525255,1,50.0,-11.770004640374893,-79.63828347233787,6.766206633356202,False
154,37.55619908400574,0.7833475060388638,4.814645487525255,2,50.0,-16.203382007278503,-34.711138271277335,2.1422156347165804,False
154,37.55619908400574,0.7833475060388638,4.814645487525255,3,1.0,-13.59176288887375,-13.59176288887375,1.0,True
154,37.55619908400574,0.7833475060388638,4.814645487525255,5,5.0,-13.302884159622236,-28.047409906590637,2.108370603701258,False
155,19.3686583966615,0.6642848345127443,4.356135728128356,1,5.0,-49.35151339911441,-67.68330595610978,1.3714535035378332,False
155,19.3686583966615,0.6642848345127443,4.356135728128356,2,2.0,-35.50505109502668,-56.28828715939267,1.5853599818443063,False
155,19.3686583966615,0.6642848345127443,4.356135728128356,3,10.0,-44.118192337102094,-48.36914853968866,1.0963538163600515,False
155,19.3686583966615,0.6642848345127443,4.356135728128356,5,5.0,-34.576765545436416,-36.87499952879027,1.066467581542114,False
156,11.95619608745318,0.9352890157762445,0.15955692598010007,1,1.0,9.62982793172617,9.62982793172617,1.0,True
156,11.95619608745318,0.9352890157762445,0.15955692598010007,2,1.0,9.648974762843782,9.648974762843782,1.0,True
156,11.95619608745318,0.9352890157762445,0.15955692598010007,3,0.01,9.47346214426567,9.428786204991242,0.9952840958675843,True
156,11.95619608745318,0.9352890157762445,0.15955692598010007,5,0.1,9.46069759018726,9.435168482030445,0.9973015617597486,True
157,48.52406250867431,0.5672639647802304,4.466601257120549,1,5.0,-172.75322628834812,-222.2772887970224,1.2866751815448705,False
157,48.52406250867431,0.5672639647802304,4.466601257120549,2,0.1,-170.75981915625297,-195.96851053630218,1.1476265991883143,False
157,48.52406250867431,0.5672639647802304,4.466601257120549,3,0.5,-161.8597435092301,-190.46305184469097,1.1767166295665714,False
157,48.52406250867431,0.5672639647802304,4.466601257120549,5,0.5,-93.77670434907985,-194.25414176870706,2.071454132634094,False
158,26.857354345228693,0.94718591844772,0.46160316720345446,1,10.0,8.975240968808327,-4.390280339817804,-0.4891545926260202,False
158,26.857354345228693,0.94718591844772,0.46160316720345446,2,2.0,8.993705095496466,8.947544778776122,0.9948674860660642,True
158,26.857354345228693,0.94718591844772,0.46160316720345446,3,0.01,8.49517367491674,8.449013358196394,0.9945662892264767,True
158,26.857354345228693,0.94718591844772,0.46160316720345446,5,10.0,8.522869864948948,8.49517367491674,0.9967503680718968,True
159,28.13885993566472,0.9377210142476395,2.6631794364337296,1,50.0,4.1410052398457955,-13.060381391399028,-3.1539156883282224,False
159,28.13885993566472,0.9377210142476395,2.6631794364337296,2,5.0,4.3007960060318196,3.8746872962024224,0.9009232920529632,False
159,28.13885993566472,0.9377210142476395,2.6631794364337296,3,0.1,4.247532417303145,4.034478062388446,0.9498404405233543,False
159,28.13885993566472,0.9377210142476395,2.6631794364337296,5,0.1,4.3007960060318196,3.6083693525590492,0.8390003495860651,False
160,31.840533268627865,0.8282994755938469,2.327251217362089,1,50.0,-6.854557034466004,-41.58805112030388,6.067212062164094,False
160,31.840533268627865,0.8282994755938469,2.327251217362089,2,50.0,-0.565720526823885,-19.87703689143129,35.135788695924816,False
160,31.840533268627865,0.8282994755938469,2.327251217362089,3,5.0,-0.1468153076987088,-0.7984456485600938,5.43843595790874,False
160,31.840533268627865,0.8282994755938469,2.327251217362089,5,10.0,-0.19336033204595082,-3.3377785858670093,17.26196138861516,False
161,31.75034592411911,0.7837257247692401,4.515674251405846,1,50.0,-33.20296105598097,-86.21664283893936,2.5966552408857777,False
161,31.75034592411911,0.7837257247692401,4.515674251405846,2,50.0,-22.745662883548416,-32.8417071158685,1.4438667839231187,False
161,31.75034592411911,0.7837257247692401,4.515674251405846,3,10.0,-17.47904857994725,-23.667863824658596,1.3540704870979896,False
161,31.75034592411911,0.7837257247692401,4.515674251405846,5,50.0,-11.855863376804297,-16.485600244637965,1.3905018741099557,False
162,3.2268726367314358,0.6623852758368921,4.7570162719751385,1,2.0,-5.324197863803725,-9.973757764208308,1.8732883373877534,False
162,3.2268726367314358,0.6623852758368921,4.7570162719751385,2,0.1,-3.21076154543801,-7.860321445842588,2.4481174745009873,False
162,3.2268726367314358,0.6623852758368921,4.7570162719751385,3,0.5,-7.014946918496301,-9.973757764208306,1.421786633610942,False
162,3.2268726367314358,0.6623852758368921,4.7570162719751385,5,1.0,-4.478823336457442,-4.478823336457442,1.0,True
163,44.6229254106549,0.7322627011142852,3.1386497292275304,1,50.0,-30.70176616192437,-120.88284087906126,3.9373253070039147,False
163,44.6229254106549,0.7322627011142852,3.1386497292275304,2,50.0,-21.20054311228609,-37.10697641331298,1.75028423643585,False
163,44.6229254106549,0.7322627011142852,3.1386497292275304,3,2.0,-18.64698639792622,-34.69910175172891,1.8608423372683904,False
163,44.6229254106549,0.7322627011142852,3.1386497292275304,5,10.0,-18.729895456117475,-35.45237768674352,1.8928230416344487,False
164,14.591677966075501,0.6252484638895045,2.372122184205913,1,0.1,-37.58798828582488,-64.09384082815322,1.70516816012535,False
164,14.591677966075501,0.6252484638895045,2.372122184205913,2,5.0,-28.87546465394651,-39.26777234967407,1.3599009685306382,False
164,14.591677966075501,0.6252484638895045,2.372122184205913,3,0.1,-25.931620616625526,-31.883637140951027,1.2295273639978168,False
164,14.591677966075501,0.6252484638895045,2.372122184205913,5,0.5,-26.934344778960362,-36.615015819426155,1.3594173580204485,False
165,18.31425917327659,0.7834624447403489,0.4808997211284257,1,50.0,6.8645338182426645,-50.35510315828586,-7.335545936778104,False
165,18.31425917327659,0.7834624447403489,0.4808997211284257,2,50.0,6.672173929791294,-5.06847852332714,-0.7596442443888273,False
165,18.31425917327659,0.7834624447403489,0.4808997211284257,3,1.0,7.364669528216225,7.364669528216225,1.0,True
165,18.31425917327659,0.7834624447403489,0.4808997211284257,5,1.0,6.681791924213863,6.681791924213863,1.0,True
166,48.745345575642155,0.9444842977918411,3.5209923986967513,1,1.0,6.47900760130325,6.47900760130325,1.0,True
166,48.745345575642155,0.9444842977918411,3.5209923986967513,2,0.5,2.253816722867147,1.972137330971407,0.8750211634167807,False
166,48.745345575642155,0.9444842977918411,3.5209923986967513,3,0.5,2.535496114762887,1.549618243127797,0.6111696382042033,False
166,48.745345575642155,0.9444842977918411,3.5209923986967513,5,5.0,2.324236570841082,1.9721373309714074,0.8485097238865582,False
167,27.2687219508619,0.6738110465145312,4.087595596564049,1,10.0,-64.75940047371877,-87.37437803440831,1.3492153632562944,False
167,27.2687219508619,0.6738110465145312,4.087595596564049,2,50.0,-41.70993841954489,-53.88225350862509,1.2918324876590173,False
167,27.2687219508619,0.6738110465145312,4.087595596564049,3,0.5,-24.886484139062322,-48.026417893848176,1.9298193198156486,False
167,27.2687219508619,0.6738110465145312,4.087595596564049,5,0.1,-31.977318221489117,-47.50146169975184,1.4854735900845597,False
168,34.551827455140085,0.6150467757379565,4.563543204019829,1,1.0,-108.32939106046811,-108.32939106046811,1.0,True
168,34.551827455140085,0.6150467757379565,4.563543204019829,2,1.0,-68.32719603349588,-68.32719603349588,1.0,True
168,34.551827455140085,0.6150467757379565,4.563543204019829,3,1.0,-77.73685694101964,-77.73685694101964,1.0,True
168,34.551827455140085,0.6150467757379565,4.563543204019829,5,1.0,-85.30357675244966,-85.30357675244966,1.0,True
169,41.30432490323528,0.9299199653167696,3.656025591102964,1,50.0,2.1761052350396577,-35.96035049433824,-16.52509718523925,False
169,41.30432490323528,0.9299199653167696,3.656025591102964,2,2.0,2.1029847232175984,1.518020628641124,0.7218410157152875,False
169,41.30432490323528,0.9299199653167696,3.656025591102964,3,2.0,2.1029847232175984,1.3717796049970052,0.6523012696441093,False
169,41.30432490323528,0.9299199653167696,3.656025591102964,5,0.01,1.7373821641073013,1.2986590931749458,0.7474803874495975,False
170,31.057344600853703,0.7172972145162475,4.6703695684346656,1,50.0,-43.22718135727798,-65.19652769031279,1.5082299063511788,False
170,31.057344600853703,0.7172972145162475,4.6703695684346656,2,2.0,-36.22538493534529,-53.12460691164018,1.4665022057448514,False
170,31.057344600853703,0.7172972145162475,4.6703695684346656,3,2.0,-33.58385275419138,-50.92022853377993,1.5162116421387926,False
170,31.057344600853703,0.7172972145162475,4.6703695684346656,5,50.0,-28.386679921813652,-33.02340840597922,1.1633416974770088,False
171,43.43713058552001,0.5680874680424758,0.22919817503653483,1,50.0,-43.42443058410897,-176.86514663422054,4.072941066933501,False
171,43.43713058552001,0.5680874680424758,0.22919817503653483,2,50.0,-38.41519562093494,-137.61891515787167,3.582408287487001,False
171,43.43713058552001,0.5680874680424758,0.22919817503653483,3,50.0,-49.378120060745324,-112.25389847726649,2.2733530223339997,False
171,43.43713058552001,0.5680874680424758,0.22919817503653483,5,50.0,-30.394985802485117,-92.90031037246312,3.0564353928688965,False
172,19.44670497702443,0.8742213323127331,4.937653033643228,1,0.01,-9.25034651756033,-11.295017015262772,1.2210371788582144,False
172,19.44670497702443,0.8742213323127331,4.937653033643228,2,5.0,-1.8503672807437475,-5.643449094130042,3.049907525311235,False
172,19.44670497702443,0.8742213323127331,4.937653033643228,3,0.01,-4.092543899791918,-11.38244834454591,2.781264813096969,False
172,19.44670497702443,0.8742213323127331,4.937653033643228,5,0.5,-4.092543899791918,-5.178827567193431,1.2654299364893176,False
173,8.370427664072881,0.787652286140854,1.9663651974920056,1,50.0,-4.084439476048229,-16.329477124081496,3.9979726030560667,False
173,8.370427664072881,0.787652286140854,1.9663651974920056,2,0.1,-0.15170908106421668,-0.23036368896389617,1.5184568210942224,False
173,8.370427664072881,0.787652286140854,1.9663651974920056,3,0.1,0.11676951819578962,-1.8359706225184664,-15.723029870176054,False
173,8.370427664072881,0.787652286140854,1.9663651974920056,5,0.5,-2.4463177669326925,-3.6193243570390217,1.4794988639505733,False
174,48.52580549291556,0.8868475692542834,4.207810653084576,1,50.0,0.15372307178209219,-53.638777244583245,-348.9312087167896,False
174,48.52580549291556,0.8868475692542834,4.207810653084576,2,1.0,0.32203549790547525,0.32203549790547525,1.0,True
174,48.52580549291556,0.8868475692542834,4.207810653084576,3,2.0,-4.979805924981091,-11.699666948568172,2.3494222716345314,False
174,48.52580549291556,0.8868475692542834,4.207810653084576,5,50.0,-5.989680481721389,-6.494617760091538,1.084301204364917,False
175,23.965964829953545,0.715927800935066,1.4396946524604606,1,50.0,-5.338672782942662,-66.33758914232111,12.425857856333351,False
175,23.965964829953545,0.715927800935066,1.4396946524604606,2,50.0,-6.021254003837838,-14.69497032403315,2.4405165958232025,False
175,23.965964829953545,0.715927800935066,1.4396946524604606,3,50.0,-4.9067643872045235,-10.458890789607727,2.1315249651851236,False
175,23.965964829953545,0.715927800935066,1.4396946524604606,5,0.01,-3.9074503427680467,-11.503943151665103,2.9441047595030176,False
176,3.7623993358954286,0.8958889505020212,4.083214944737381,1,0.5,3.0593454537253626,-0.7505740149909798,-0.24533810461875313,False
176,3.7623993358954286,0.8958889505020212,4.083214944737381,2,0.01,2.5831055201358204,1.154385719367192,0.44689839821429134,False
176,3.7623993358954286,0.8958889505020212,4.083214944737381,3,1.0,1.6306256529567345,1.6306256529567345,1.0,True
176,3.7623993358954286,0.8958889505020212,4.083214944737381,5,1.0,3.0593454537253626,3.0593454537253626,1.0,True
177,49.9861659910204,0.9486547348295621,2.821615357452875,1,50.0,-6.291922370302291,-13.216081753861031,2.100483918276009,False
177,49.9861659910204,0.9486547348295621,2.821615357452875,2,50.0,3.9053108279017903,3.566716985007446,0.913299130897537,False
177,49.9861659910204,0.9486547348295621,2.821615357452875,3,5.0,3.961743135050848,3.3974200635602734,0.8575568752810291,False
177,49.9861659910204,0.9486547348295621,2.821615357452875,5,2.0,4.018175442199905,3.9053108279017903,0.971911476758137,True
178,38.680383343845016,0.9279062919529711,4.263272214319317,1,50.0,-3.5177680944597727,-22.03954055501083,6.265205654039985,False
178,38.680383343845016,0.9279062919529711,4.263272214319317,2,0.1,0.7060665727838898,-3.9440953158917056,-5.586010537704494,False
178,38.680383343845016,0.9279062919529711,4.263272214319317,3,2.0,0.7913320170702761,0.10920846277918543,0.13800586912116172,False
178,38.680383343845016,0.9279062919529711,4.263272214319317,5,0.5,0.7913320170702761,0.1944739070655717,0.2457551354810164,False
179,13.120056985416685,0.7302176541240374,0.7328811342423255,1,50.0,0.12567209150549288,-20.38500080361736,-162.20785823976178,False
179,13.120056985416685,0.7302176541240374,0.7328811342423255,2,50.0,0.49698657942305885,-7.77467895473987,-15.64363964066259,False
179,13.120056985416685,0.7302176541240374,0.7328811342423255,3,0.01,2.954593269680869,-7.149310960383508,-2.419727626725325,False
179,13.120056985416685,0.7302176541240374,0.7328811342423255,5,0.5,3.9464018311583917,2.50508088724703,0.6347759286620113,False
180,47.7485003356774,0.7924698537803521,1.2203497469669675,1,50.0,-1.4159246773106844,-113.0916005861605,79.8711982341881,False
180,47.7485003356774,0.7924698537803521,1.2203497469669675,2,50.0,1.433144776291889,-27.760592480935742,-19.370403423416402,False
180,47.7485003356774,0.7924698537803521,1.2203497469669675,3,0.01,4.093507224679879,-10.6286708557807,-2.5964705257389364,False
180,47.7485003356774,0.7924698537803521,1.2203497469669675,5,2.0,2.140947629532731,-2.8559373787317073,-1.3339594763254556,False
181,33.91333353588698,0.7972512961831584,1.8549973183609185,1,50.0,0.910513140031499,-54.69899768295747,-60.07491301121165,False
181,33.91333353588698,0.7972512961831584,1.8549973183609185,2,10.0,-2.77025834046346,-12.242559849314658,4.419284537653082,False
181,33.91333353588698,0.7972512961831584,1.8549973183609185,3,50.0,0.836313247297062,-9.266687349796841,-11.080402444594155,False
181,33.91333353588698,0.7972512961831584,1.8549973183609185,5,10.0,1.0589129255003735,-10.194186008977306,-9.627029535181276,False
182,6.564322017781822,0.8186292782371198,2.6495077344285876,1,0.5,-1.7266941557667734,-7.021719568214047,4.066568213463323,False
182,6.564322017781822,0.8186292782371198,2.6495077344285876,2,2.0,0.03256092868437145,-0.9212618557099205,-28.29347604425381,False
182,6.564322017781822,0.8186292782371198,2.6495077344285876,3,10.0,1.8249461418217732,-0.2708099633088814,-0.14839340027785275,False
182,6.564322017781822,0.8186292782371198,2.6495077344285876,5,1.0,0.736002975773982,0.736002975773982,1.0,True
183,38.843601195046325,0.7580654004447973,4.275689351560847,1,50.0,-46.569515582202285,-93.88469233917667,2.016011787227116,False
183,38.843601195046325,0.7580654004447973,4.275689351560847,2,50.0,-16.38897232168347,-60.14735789430931,3.669989595060283,False
183,38.843601195046325,0.7580654004447973,4.275689351560847,3,0.1,-17.928220488245373,-24.785261495848818,1.3824719253145765,False
183,38.843601195046325,0.7580654004447973,4.275689351560847,5,5.0,-23.160499542255696,-25.640399366160988,1.1070745395357635,False
184,28.043435099949793,0.7743751886141546,4.3956026530258905,1,50.0,-35.046674515961925,-43.76944232294054,1.2488900281539081,False
184,28.043435099949793,0.7743751886141546,4.3956026530258905,2,0.01,-8.99549497906763,-29.589635708214036,3.289383827912598,False
184,28.043435099949793,0.7743751886141546,4.3956026530258905,3,0.5,-15.497741146548055,-17.171315913695786,1.1079883030257285,False
184,28.043435099949793,0.7743751886141546,4.3956026530258905,5,1.0,-12.769221742674112,-12.769221742674112,1.0,True
185,20.770660444407454,0.6036060913802563,0.24103511393536098,1,50.0,-1.7075944494449147,-77.32367689156517,45.2822254819935,False
185,20.770660444407454,0.6036060913802563,0.24103511393536098,2,50.0,-2.857850908521022,-49.63886820551001,17.369299447184535,False
185,20.770660444407454,0.6036060913802563,0.24103511393536098,3,50.0,-0.3674392159643072,-48.666977730746076,132.4490571944655,False
185,20.770660444407454,0.6036060913802563,0.24103511393536098,5,50.0,-4.231751057952579,-12.073326756757135,2.8530333168034927,False
186,38.001725528007334,0.7981238205413859,3.5499908636861957,1,50.0,-35.39652647989656,-55.952751708497956,1.5807413120119653,False
186,38.001725528007334,0.7981238205413859,3.5499908636861957,2,50.0,-11.153128150315647,-19.156837913230117,1.7176201739139845,False
186,38.001725528007334,0.7981238205413859,3.5499908636861957,3,0.1,-5.761959434766709,-11.650126871231713,2.0219036602265503,False
186,38.001725528007334,0.7981238205413859,3.5499908636861957,5,1.0,-8.388952673894496,-8.388952673894496,1.0,True
187,11.435243913936626,0.604548590234708,0.17126886177262146,1,50.0,2.224281220598556,-41.15576890891279,-18.50295211225033,False
187,11.435243913936626,0.604548590234708,0.17126886177262146,2,10.0,-2.044413544321758,-22.93107519243941,11.21645630656731,False
187,11.435243913936626,0.604548590234708,0.17126886177262146,3,50.0,-0.7583986328835259,-16.22693721311241,21.396316540571252,False
187,11.435243913936626,0.604548590234708,0.17126886177262146,5,50.0,0.9808692841293235,-9.683679508927257,-9.872548427819364,False
188,18.178790381523253,0.7859670747418532,2.0219958209886886,1,50.0,-3.9052972648283215,-36.13321369849217,9.252359359148707,False
188,18.178790381523253,0.7859670747418532,2.0219958209886886,2,5.0,-3.373544367797402,-5.210543573110182,1.544530916162861,False
188,18.178790381523253,0.7859670747418532,2.0219958209886886,3,50.0,-0.43349843630163304,-2.917536304330792,6.730211830108511,False
188,18.178790381523253,0.7859670747418532,2.0219958209886886,5,5.0,-1.646695928894846,-5.378337222363134,3.2661386525517924,False
189,22.436271179162723,0.9116634777974993,1.8064517884141718,1,50.0,2.959598232206882,-1.1809602600792588,-0.3990272217451126,False
189,22.436271179162723,0.9116634777974993,1.8064517884141718,2,0.1,5.556128600501138,0.9050034004368764,0.1628838109246156,False
189,22.436271179162723,0.9116634777974993,1.8064517884141718,3,0.1,5.845160886647405,3.4654047329628503,0.5928672965836008,False
189,22.436271179162723,0.9116634777974993,1.8064517884141718,5,0.1,5.809031850879122,5.556128600501139,0.9564637865878272,True
190,26.18548496883073,0.8634612050964572,2.043059633374224,1,50.0,1.8686226591705881,-19.228544602204956,-10.290223394133404,False
190,26.18548496883073,0.8634612050964572,2.043059633374224,2,0.1,1.4383009516666458,-0.626468462536675,-0.4355614600760351,False
190,26.18548496883073,0.8634612050964572,2.043059633374224,3,0.01,2.1546510078429786,1.4191495398282585,0.6586447339557645,False
190,26.18548496883073,0.8634612050964572,2.043059633374224,5,0.01,2.07292862250801,1.5825943104981963,0.7634581785953805,False
191,31.4822483111658,0.8949454834986981,4.752651055922446,1,50.0,-5.034799449804248,-23.986674535971666,4.764176761182466,False
191,31.4822483111658,0.8949454834986981,4.752651055922446,2,10.0,-1.6915215975692175,-8.473130323157726,5.009176551652633,False
191,31.4822483111658,0.8949454834986981,4.752651055922446,3,2.0,-1.2162564919769734,-1.3113095130954218,1.0781521181966673,False
191,31.4822483111658,0.8949454834986981,4.752651055922446,5,2.0,-1.786574618687667,-5.510064555396493,3.0841502491756687,False
192,8.206600565522859,0.9206350500645977,2.511369836089737,1,50.0,4.525213757324372,0.12334971149197482,0.02725831708885017,False
192,8.206600565522859,0.9206350500645977,2.511369836089737,2,0.5,4.324304170437195,3.9224849966628357,0.9070788829977854,False
192,8.206600565522859,0.9206350500645977,2.511369836089737,3,0.01,4.173621980271809,3.7718028064974516,0.9037241092572095,False
192,8.206600565522859,0.9206350500645977,2.511369836089737,5,0.01,4.424758963880784,3.7215754097756575,0.8410798057373974,False
193,13.65397502664896,0.7336543024953045,4.902159618898838,1,50.0,-20.43367861649847,-35.93328969351594,1.7585325857333804,False
193,13.65397502664896,0.7336543024953045,4.902159618898838,2,5.0,-19.360453883345475,-22.00236969454609,1.1364593943468073,False
193,13.65397502664896,0.7336543024953045,4.902159618898838,3,0.1,-18.38527234257046,-22.79196561657466,1.2396860482616108,False
193,13.65397502664896,0.7336543024953045,4.902159618898838,5,0.5,-19.267661073972253,-27.37899412632055,1.420981717563296,False
194,25.13828660565061,0.6815006441150033,3.2036641861519564,1,50.0,-40.54840112745385,-63.777038021408615,1.5728619686123086,False
194,25.13828660565061,0.6815006441150033,3.2036641861519564,2,50.0,-29.056544550220107,-46.09642486719915,1.5864386347636081,False
194,25.13828660565061,0.6815006441150033,3.2036641861519564,3,10.0,-23.31630095930567,-32.06798888520294,1.3753463270684205,False
194,25.13828660565061,0.6815006441150033,3.2036641861519564,5,0.5,-23.815711257010445,-27.852328131561904,1.1694938618876323,False
195,12.76713532013146,0.5803453312434657,0.7315106373621812,1,50.0,-26.95612764948781,-52.683619577953756,1.9544209117497182,False
195,12.76713532013146,0.5803453312434657,0.7315106373621812,2,50.0,-24.771805348831773,-34.02262553138169,1.3734415014280008,False
195,12.76713532013146,0.5803453312434657,0.7315106373621812,3,50.0,-21.37464892392677,-32.39277778134866,1.5154764832225247,False
195,12.76713532013146,0.5803453312434657,0.7315106373621812,5,50.0,-19.393676067959895,-37.41683488874221,1.9293317449268013,False
196,7.27424610893085,0.6107610774049178,0.7802531459821097,1,50.0,-6.620817114027131,-23.049812970812418,3.4814151446621526,False
196,7.27424610893085,0.6107610774049178,0.7802531459821097,2,2.0,-10.356483846406443,-19.177263433676824,1.851715670886801,False
196,7.27424610893085,0.6107610774049178,0.7802531459821097,3,50.0,-10.086566186795894,-13.181000234861683,1.3067876610096156,False
196,7.27424610893085,0.6107610774049178,0.7802531459821097,5,0.1,-8.700209520012082,-10.511109370994673,1.2081443954673952,False
197,32.40286249535752,0.6227520337596579,1.7937696882869298,1,5.0,-85.32178467528799,-122.06493342018126,1.4306420556570392,False
197,32.40286249535752,0.6227520337596579,1.7937696882869298,2,50.0,-58.619871555479456,-96.63028297013977,1.6484219498619375,False
197,32.40286249535752,0.6227520337596579,1.7937696882869298,3,0.5,-43.859586200472634,-67.13396376592567,1.530656569787752,False
197,32.40286249535752,0.6227520337596579,1.7937696882869298,5,1.0,-33.6874766181583,-33.6874766181583,1.0,True
198,44.94263208539458,0.7395846561051489,3.3710329187530332,1,50.0,-21.649264095009443,-89.85056029808163,4.150282425479481,False
198,44.94263208539458,0.7395846561051489,3.3710329187530332,2,50.0,-27.92904376292542,-74.83488194364149,2.679464523700647,False
198,44.94263208539458,0.7395846561051489,3.3710329187530332,3,2.0,-13.741730187056687,-31.714259070964143,2.3078796220897826,False
198,44.94263208539458,0.7395846561051489,3.3710329187530332,5,1.0,-14.753040062682599,-14.753040062682599,1.0,True
199,9.443673688879862,0.6269156075234683,0.30025621970574645,1,50.0,-2.7287666127716026,-31.030583606337213,11.371651742257106,False
199,9.443673688879862,0.6269156075234683,0.30025621970574645,2,50.0,-4.9496140872181025,-20.40127533692779,4.121791108848688,False
199,9.443673688879862,0.6269156075234683,0.30025621970574645,3,50.0,-1.2945904339541574,-19.44750910963954,15.02213255990133,False
199,9.443673688879862,0.6269156075234683,0.30025621970574645,5,2.0,-0.22410546473766602,-3.6143793689725436,16.128028708284617,False
